[{"model": "administracion.idioma", "pk": "139c30f9-87dd-48f5-b9c0-76f5d6822b94", "fields": {"nombre": "Ingl\u00e9s", "alias": "ING"}}, {"model": "administracion.idioma", "pk": "2e389ba4-5ae9-4253-ac61-517963f04cd4", "fields": {"nombre": "Ingl\u00e9s Ni\u00f1os", "alias": "INGNI"}}, {"model": "administracion.idioma", "pk": "3a4bb536-7ed7-4d95-a9d3-64d88c909646", "fields": {"nombre": "Franc\u00e9s", "alias": "FRA"}}, {"model": "administracion.idioma", "pk": "3aef0cee-bf40-490f-b865-a9e24a82ff2a", "fields": {"nombre": "Ingl\u00e9s T\u00e9cnicas de Traducci\u00f3n", "alias": "TCTRA"}}, {"model": "administracion.idioma", "pk": "3be6fe09-985a-4da0-a5a5-ab0d634f99fb", "fields": {"nombre": "Espa\u00f1ol", "alias": "ESP"}}, {"model": "administracion.idioma", "pk": "3d3f2831-4a7d-4bf8-9c16-8c8b569d7227", "fields": {"nombre": "Ruso", "alias": "RUS"}}, {"model": "administracion.idioma", "pk": "4205e1de-8352-48ca-9e67-a7e43bb47a06", "fields": {"nombre": "Portugu\u00e9s", "alias": "POR"}}, {"model": "administracion.idioma", "pk": "427d73a5-b5a3-4698-84b0-90adc848dbed", "fields": {"nombre": "Italiano", "alias": "ITA"}}, {"model": "administracion.idioma", "pk": "79a8ea0f-b19f-4fb8-8797-a7ad01182f99", "fields": {"nombre": "\u00c1rabe", "alias": "ARA"}}, {"model": "administracion.idioma", "pk": "a6247d61-60c2-4afe-8d46-3e8e84358aff", "fields": {"nombre": "Franc\u00e9s Ni\u00f1os", "alias": "FRANI"}}, {"model": "administracion.idioma", "pk": "d61b59f9-7651-4efa-b837-bbfe92c6066d", "fields": {"nombre": "Chino mandar\u00edn", "alias": "CHI"}}, {"model": "administracion.idioma", "pk": "d8a4d3f1-3a83-43c1-804e-277dd11924fb", "fields": {"nombre": "Alem\u00e1n", "alias": "ALE"}}, {"model": "administracion.documentorequerido", "pk": 2, "fields": {"nombre": "Copia carnet estudiantil vigente UNAL", "activo": true, "unica_entrega": false}}, {"model": "administracion.documentorequerido", "pk": 7, "fields": {"nombre": "Circular aceptaci\u00f3n de t\u00e9rminos firmada", "activo": true, "unica_entrega": false}}, {"model": "administracion.documentorequerido", "pk": 8, "fields": {"nombre": "Carnet vigente o registro de inscripci\u00f3n en SISBEN", "activo": true, "unica_entrega": false}}, {"model": "administracion.documentorequerido", "pk": 9, "fields": {"nombre": "Copia carnet egresado, acta de grado o diploma", "activo": true, "unica_entrega": true}}, {"model": "administracion.documentorequerido", "pk": 10, "fields": {"nombre": "Copia del carnet o contrato vigente", "activo": true, "unica_entrega": false}}, {"model": "administracion.documentorequerido", "pk": 11, "fields": {"nombre": "Copia carnet o contrato vigente o recibo de matr\u00edcula", "activo": true, "unica_entrega": false}}, {"model": "administracion.documentorequerido", "pk": 12, "fields": {"nombre": "Copia documento de identidad, registro civil o doc", "activo": true, "unica_entrega": false}}, {"model": "administracion.documentorequerido", "pk": 13, "fields": {"nombre": "Carta laboral en la que se relacionen los particip", "activo": true, "unica_entrega": false}}, {"model": "administracion.documentorequerido", "pk": 15, "fields": {"nombre": "Copia comproban de inscripci\u00f3n o certificado de af", "activo": true, "unica_entrega": false}}, {"model": "administracion.documentorequerido", "pk": 16, "fields": {"nombre": "Certificado de discapacidad", "activo": true, "unica_entrega": false}}, {"model": "administracion.documentorequerido", "pk": 17, "fields": {"nombre": "Certificado inscripci\u00f3n en el registro de poblaci\u00f3", "activo": true, "unica_entrega": false}}, {"model": "administracion.documentorequerido", "pk": 18, "fields": {"nombre": "Copia carnet vigente, recibo de matr\u00edcula u horari", "activo": true, "unica_entrega": false}}, {"model": "administracion.documentorequerido", "pk": 19, "fields": {"nombre": "Registro civil o documento que acredite el parente", "activo": true, "unica_entrega": false}}, {"model": "administracion.documentorequerido", "pk": 20, "fields": {"nombre": "Documento de identidad", "activo": true, "unica_entrega": true}}, {"model": "administracion.contenidonivel", "pk": 1, "fields": {"alias": "contenido-1A", "version_actual": 2}}, {"model": "administracion.contenidonivel", "pk": 2, "fields": {"alias": "contenido-Nivel 1", "version_actual": 0}}, {"model": "administracion.contenidonivel", "pk": 3, "fields": {"alias": "contenido-1B", "version_actual": 0}}, {"model": "administracion.contenidonivel", "pk": 4, "fields": {"alias": "contenido-1C", "version_actual": 1}}, {"model": "administracion.contenidonivel", "pk": 5, "fields": {"alias": "contenido-2A", "version_actual": 0}}, {"model": "administracion.contenidonivel", "pk": 6, "fields": {"alias": "contenido-2B", "version_actual": 0}}, {"model": "administracion.contenidonivel", "pk": 7, "fields": {"alias": "contenido-2C", "version_actual": 0}}, {"model": "administracion.contenidonivel", "pk": 8, "fields": {"alias": "contenido-3A", "version_actual": 0}}, {"model": "administracion.contenidonivel", "pk": 9, "fields": {"alias": "contenido-3B", "version_actual": 0}}, {"model": "administracion.contenidonivel", "pk": 10, "fields": {"alias": "contenido-3C", "version_actual": 0}}, {"model": "administracion.contenidonivel", "pk": 11, "fields": {"alias": "contenido-4A", "version_actual": 0}}, {"model": "administracion.contenidonivel", "pk": 12, "fields": {"alias": "contenido-4B", "version_actual": 0}}, {"model": "administracion.contenidonivel", "pk": 13, "fields": {"alias": "contenido-4C", "version_actual": 0}}, {"model": "administracion.contenidonivel", "pk": 14, "fields": {"alias": "contenido-Franc\u00e9s 1", "version_actual": 0}}, {"model": "administracion.contenidonivel", "pk": 15, "fields": {"alias": "contenido-Nivel 2", "version_actual": 0}}, {"model": "administracion.contenidonivel", "pk": 16, "fields": {"alias": "contenido-Nivel 3", "version_actual": 0}}, {"model": "administracion.contenidonivel", "pk": 17, "fields": {"alias": "contenido-Franc\u00e9s 4", "version_actual": 0}}, {"model": "administracion.contenidonivel", "pk": 18, "fields": {"alias": "contenido-Franc\u00e9s 5", "version_actual": 0}}, {"model": "administracion.contenidonivel", "pk": 19, "fields": {"alias": "contenido-Franc\u00e9s 6", "version_actual": 0}}, {"model": "administracion.contenidonivel", "pk": 20, "fields": {"alias": "contenido-Franc\u00e9s 7", "version_actual": 0}}, {"model": "administracion.contenidonivel", "pk": 21, "fields": {"alias": "contenido-Franc\u00e9s 8", "version_actual": 0}}, {"model": "administracion.contenidonivel", "pk": 22, "fields": {"alias": "contenido-Franc\u00e9s 9", "version_actual": 0}}, {"model": "administracion.contenidonivel", "pk": 23, "fields": {"alias": "contenido-Franc\u00e9s 10", "version_actual": 0}}, {"model": "administracion.contenidonivel", "pk": 24, "fields": {"alias": "contenido-Alem\u00e1n 1", "version_actual": 0}}, {"model": "administracion.contenidonivel", "pk": 25, "fields": {"alias": "contenido-Alem\u00e1n 2", "version_actual": 0}}, {"model": "administracion.contenidonivel", "pk": 26, "fields": {"alias": "contenido-Alem\u00e1n 3", "version_actual": 0}}, {"model": "administracion.contenidonivel", "pk": 27, "fields": {"alias": "contenido-Alem\u00e1n 4", "version_actual": 0}}, {"model": "administracion.contenidonivel", "pk": 28, "fields": {"alias": "contenido-Alem\u00e1n 5", "version_actual": 0}}, {"model": "administracion.contenidonivel", "pk": 29, "fields": {"alias": "contenido-Alem\u00e1n 6", "version_actual": 0}}, {"model": "administracion.contenidonivel", "pk": 30, "fields": {"alias": "contenido-Alem\u00e1n 7", "version_actual": 0}}, {"model": "administracion.contenidonivel", "pk": 31, "fields": {"alias": "contenido-Alem\u00e1n 8", "version_actual": 0}}, {"model": "administracion.contenidonivel", "pk": 32, "fields": {"alias": "contenido-Alem\u00e1n 9", "version_actual": 0}}, {"model": "administracion.contenidonivel", "pk": 33, "fields": {"alias": "contenido-Alem\u00e1n 10", "version_actual": 0}}, {"model": "administracion.contenidonivel", "pk": 34, "fields": {"alias": "contenido-Alem\u00e1n 11", "version_actual": 0}}, {"model": "administracion.contenidonivel", "pk": 35, "fields": {"alias": "contenido-Chino 1", "version_actual": 0}}, {"model": "administracion.contenidonivel", "pk": 36, "fields": {"alias": "contenido-Chino 2", "version_actual": 0}}, {"model": "administracion.contenidonivel", "pk": 37, "fields": {"alias": "contenido-Chino 3", "version_actual": 0}}, {"model": "administracion.contenidonivel", "pk": 38, "fields": {"alias": "contenido-Chino 4", "version_actual": 0}}, {"model": "administracion.contenidonivel", "pk": 39, "fields": {"alias": "contenido-Chino 5", "version_actual": 0}}, {"model": "administracion.contenidonivel", "pk": 40, "fields": {"alias": "contenido-Italiano 1", "version_actual": 0}}, {"model": "administracion.contenidonivel", "pk": 41, "fields": {"alias": "contenido-Italiano 2", "version_actual": 0}}, {"model": "administracion.contenidonivel", "pk": 42, "fields": {"alias": "contenido-Italiano 3", "version_actual": 0}}, {"model": "administracion.contenidonivel", "pk": 43, "fields": {"alias": "contenido-Italiano 4", "version_actual": 0}}, {"model": "administracion.contenidonivel", "pk": 44, "fields": {"alias": "contenido-Italiano 5", "version_actual": 0}}, {"model": "administracion.contenidonivel", "pk": 45, "fields": {"alias": "contenido-ELE 1", "version_actual": 0}}, {"model": "administracion.contenidonivel", "pk": 46, "fields": {"alias": "contenido-ELE 2", "version_actual": 0}}, {"model": "administracion.contenidonivel", "pk": 47, "fields": {"alias": "contenido-ELE 3", "version_actual": 0}}, {"model": "administracion.contenidonivel", "pk": 48, "fields": {"alias": "contenido-ELE 4", "version_actual": 0}}, {"model": "administracion.contenidonivel", "pk": 49, "fields": {"alias": "contenido-ELE 5", "version_actual": 0}}, {"model": "administracion.contenidonivel", "pk": 50, "fields": {"alias": "contenido-Portugu\u00e9s 1", "version_actual": 0}}, {"model": "administracion.contenidonivel", "pk": 51, "fields": {"alias": "contenido-Portugu\u00e9s 2", "version_actual": 0}}, {"model": "administracion.contenidonivel", "pk": 52, "fields": {"alias": "contenido-Portugu\u00e9s 3", "version_actual": 0}}, {"model": "administracion.contenidonivel", "pk": 53, "fields": {"alias": "contenido-Portugu\u00e9s 4", "version_actual": 0}}, {"model": "administracion.contenidonivel", "pk": 54, "fields": {"alias": "contenido-Portugu\u00e9s 5", "version_actual": 0}}, {"model": "administracion.contenidonivel", "pk": 55, "fields": {"alias": "contenido-Portugu\u00e9s 6", "version_actual": 0}}, {"model": "administracion.contenidonivel", "pk": 56, "fields": {"alias": "contenido-Celpe Bras", "version_actual": 0}}, {"model": "administracion.contenidonivel", "pk": 57, "fields": {"alias": "contenido-Goethe Zertifikat B1", "version_actual": 0}}, {"model": "administracion.contenidonivel", "pk": 58, "fields": {"alias": "contenido-Italiano_11", "version_actual": 2}}, {"model": "administracion.contenidonivel", "pk": 59, "fields": {"alias": "contenido-Nivel 1", "version_actual": 0}}, {"model": "administracion.contenidonivel", "pk": 60, "fields": {"alias": "contenido-Nivel 2", "version_actual": 0}}, {"model": "administracion.contenidonivel", "pk": 61, "fields": {"alias": "contenido-Nivel 3", "version_actual": 0}}, {"model": "administracion.contenidonivel", "pk": 62, "fields": {"alias": "contenido-Nivel 4", "version_actual": 0}}, {"model": "administracion.contenidonivel", "pk": 63, "fields": {"alias": "contenido-Nivel 5", "version_actual": 0}}, {"model": "administracion.contenidonivel", "pk": 64, "fields": {"alias": "contenido-Nivel 6 Ingl\u00e9s Ni\u00f1os", "version_actual": 0}}, {"model": "administracion.contenidonivel", "pk": 65, "fields": {"alias": "contenido-Nivel 7 Ingl\u00e9s ni\u00f1os", "version_actual": 0}}, {"model": "administracion.contenidonivel", "pk": 66, "fields": {"alias": "contenido-Nivel 8 Ingl\u00e9s ni\u00f1os", "version_actual": 0}}, {"model": "administracion.contenidonivel", "pk": 67, "fields": {"alias": "contenido-Nivel 9 Ingl\u00e9s Ni\u00f1os", "version_actual": 0}}, {"model": "administracion.contenidonivel", "pk": 68, "fields": {"alias": "contenido-Nivel 10 Ing Kids", "version_actual": 0}}, {"model": "administracion.contenidonivel", "pk": 69, "fields": {"alias": "contenido-Nivel 11 Ing Kids", "version_actual": 0}}, {"model": "administracion.contenidonivel", "pk": 70, "fields": {"alias": "contenido-Nivel 12 Ing Kids", "version_actual": 0}}, {"model": "administracion.contenidonivel", "pk": 71, "fields": {"alias": "contenido-Nivel 13 Ing Kids", "version_actual": 0}}, {"model": "administracion.contenidonivel", "pk": 72, "fields": {"alias": "contenido-Nivel 14 Ing Kids", "version_actual": 0}}, {"model": "administracion.contenidonivel", "pk": 73, "fields": {"alias": "contenido-Nivel 1 Enfants", "version_actual": 0}}, {"model": "administracion.contenidonivel", "pk": 74, "fields": {"alias": "contenido-Nivel 2 Enfants", "version_actual": 0}}, {"model": "administracion.contenidonivel", "pk": 75, "fields": {"alias": "contenido-Nivel 3 Enfants", "version_actual": 0}}, {"model": "administracion.contenidonivel", "pk": 76, "fields": {"alias": "contenido-Nivel 4 Enfants", "version_actual": 0}}, {"model": "administracion.contenidonivel", "pk": 77, "fields": {"alias": "contenido-Nivel 5 Enfants", "version_actual": 0}}, {"model": "administracion.contenidonivel", "pk": 78, "fields": {"alias": "contenido-Nivel 6 Enfants", "version_actual": 0}}, {"model": "administracion.contenidonivel", "pk": 79, "fields": {"alias": "contenido-Nivel 7 Enfants", "version_actual": 0}}, {"model": "administracion.contenidonivel", "pk": 80, "fields": {"alias": "contenido-Nivel 8 Enfants", "version_actual": 0}}, {"model": "administracion.contenidonivel", "pk": 81, "fields": {"alias": "contenido-Nivel 9 Enfants", "version_actual": 0}}, {"model": "administracion.contenidonivel", "pk": 82, "fields": {"alias": "contenido-Nivel 10 Enfants", "version_actual": 0}}, {"model": "administracion.contenidonivel", "pk": 83, "fields": {"alias": "contenido-Nivel Introductorio", "version_actual": 0}}, {"model": "administracion.contenidonivel", "pk": 84, "fields": {"alias": "contenido-Literarios", "version_actual": 0}}, {"model": "administracion.contenidonivel", "pk": 85, "fields": {"alias": "contenido-Jur\u00eddicos", "version_actual": 0}}, {"model": "administracion.contenidonivel", "pk": 86, "fields": {"alias": "contenido-Cient\u00edficos", "version_actual": 0}}, {"model": "administracion.contenidonivelversion", "pk": 1, "fields": {"alias": "Ingl\u00e9s 1A", "version": 1, "contenido_nivel": 1, "documento": "upload/public/content-level/2019/06/21/813a0056-946e-11e9-be05-002324f949e7.pdf", "created_date": "2019-06-21T21:49:54.692Z", "modified_date": "2019-06-21T21:49:54.692Z"}}, {"model": "administracion.contenidonivelversion", "pk": 2, "fields": {"alias": "Ingl\u00e9s 1A", "version": 2, "contenido_nivel": 1, "documento": "upload/public/content-level/2019/06/21/8140227e-946e-11e9-be05-002324f949e7.pdf", "created_date": "2019-06-21T21:49:54.729Z", "modified_date": "2019-06-21T21:49:54.729Z"}}, {"model": "administracion.contenidonivelversion", "pk": 3, "fields": {"alias": "Contenido5", "version": 1, "contenido_nivel": 58, "documento": "upload/public/content-level/2019/06/28/be1a9d7e-99c2-11e9-acdc-002324f949e7.pdf", "created_date": "2019-06-28T16:35:30.366Z", "modified_date": "2019-06-28T16:35:30.367Z"}}, {"model": "administracion.contenidonivelversion", "pk": 4, "fields": {"alias": "Contenido5", "version": 2, "contenido_nivel": 58, "documento": "upload/public/content-level/2019/06/28/be206272-99c2-11e9-acdc-002324f949e7.pdf", "created_date": "2019-06-28T16:35:30.402Z", "modified_date": "2019-06-28T16:35:30.402Z"}}, {"model": "administracion.contenidonivelversion", "pk": 5, "fields": {"alias": "Ingl\u00e9s 1C", "version": 1, "contenido_nivel": 4, "documento": "upload/public/content-level/2019/07/03/974d2060-9dcb-11e9-97e3-002324f949e7.pdf", "created_date": "2019-07-03T19:48:55.387Z", "modified_date": "2019-07-03T19:48:55.387Z"}}, {"model": "administracion.nivel", "pk": "000c2841-649e-4238-a5b7-5fdd95de8964", "fields": {"orden": 2, "idioma": "3be6fe09-985a-4da0-a5a5-ab0d634f99fb", "nombre": "Nivel 2", "alias": "ELE 2", "predecesor": "7100261d-e447-4215-adf4-bc3f7014e675", "contenido": 46, "intensidad_horaria": 60, "fallas_maximas": 12, "activo": true}}, {"model": "administracion.nivel", "pk": "01549780-03d2-42c1-b09d-785f6791ccbe", "fields": {"orden": 8, "idioma": "139c30f9-87dd-48f5-b9c0-76f5d6822b94", "nombre": "Ingl\u00e9s 3B", "alias": "3B", "predecesor": "557e9a7e-dda1-49e0-8102-ac63732565ef", "contenido": 9, "intensidad_horaria": 60, "fallas_maximas": 12, "activo": true}}, {"model": "administracion.nivel", "pk": "01e92f9f-c4d7-4bf7-b702-1dd4375e8ba4", "fields": {"orden": 6, "idioma": "4205e1de-8352-48ca-9e67-a7e43bb47a06", "nombre": "Nivel 6", "alias": "Portugu\u00e9s 6", "predecesor": "2247aab2-5c3c-4cea-a529-f4e3dac3e5fe", "contenido": 55, "intensidad_horaria": 60, "fallas_maximas": 12, "activo": true}}, {"model": "administracion.nivel", "pk": "0275e599-ef87-4a9a-9316-d0fe9cc8bf59", "fields": {"orden": 1, "idioma": "a6247d61-60c2-4afe-8d46-3e8e84358aff", "nombre": "NIVEL 1 - EXPLORATEURS APPRENTIS", "alias": "Nivel 1 Enfants", "predecesor": null, "contenido": 73, "intensidad_horaria": 60, "fallas_maximas": 12, "activo": true}}, {"model": "administracion.nivel", "pk": "07f3c714-7adb-4db0-bd43-3720621e8442", "fields": {"orden": 2, "idioma": "2e389ba4-5ae9-4253-ac61-517963f04cd4", "nombre": "NIVEL 2 - EXPLORERS FIGHTERS", "alias": "Nivel 2 Ingl\u00e9s Ni\u00f1os", "predecesor": "914406f3-eaa8-4cbc-a6eb-4c91507ba321", "contenido": 60, "intensidad_horaria": 60, "fallas_maximas": 12, "activo": true}}, {"model": "administracion.nivel", "pk": "081eae8e-2ac2-4d50-a31d-c5dbbdacb42a", "fields": {"orden": 12, "idioma": "2e389ba4-5ae9-4253-ac61-517963f04cd4", "nombre": "NIVEL 12 - ADVENTURERS CHALLENGERS", "alias": "Nivel 12 Ing Kids", "predecesor": "e2ef56b0-2fd4-4110-a5b4-1dac954c92a7", "contenido": 70, "intensidad_horaria": 60, "fallas_maximas": 12, "activo": true}}, {"model": "administracion.nivel", "pk": "11672be3-07b9-483e-9032-2608ab172145", "fields": {"orden": 3, "idioma": "3aef0cee-bf40-490f-b865-a9e24a82ff2a", "nombre": "Textos Jur\u00eddicos", "alias": "Jur\u00eddicos", "predecesor": "ba10270a-53b5-460e-a6ad-ccbfacab63ad", "contenido": 85, "intensidad_horaria": 60, "fallas_maximas": 12, "activo": true}}, {"model": "administracion.nivel", "pk": "144e8fa7-4a53-4061-8c97-16dc70e6e553", "fields": {"orden": 5, "idioma": "d8a4d3f1-3a83-43c1-804e-277dd11924fb", "nombre": "Nivel 5", "alias": "Alem\u00e1n 5", "predecesor": "c82f55c1-7e95-41cb-9916-f60e103ce79a", "contenido": 28, "intensidad_horaria": 60, "fallas_maximas": 12, "activo": true}}, {"model": "administracion.nivel", "pk": "1521b703-3bce-4b70-8b41-9f2823e62422", "fields": {"orden": 8, "idioma": "a6247d61-60c2-4afe-8d46-3e8e84358aff", "nombre": "NIVEL 8 - BRICOLEURS D\u00c9BRUILLARDS", "alias": "Nivel 8 Enfants", "predecesor": "a288bbe0-680c-4d35-a0c7-80b7ff600f75", "contenido": 80, "intensidad_horaria": 60, "fallas_maximas": 12, "activo": true}}, {"model": "administracion.nivel", "pk": "183c0d3f-ea9a-4eb4-b348-e6bb8f4e3d8f", "fields": {"orden": 3, "idioma": "a6247d61-60c2-4afe-8d46-3e8e84358aff", "nombre": "NIVEL 3 - EXPLORATEURS EXPERTS", "alias": "Nivel 3 Enfants", "predecesor": "aa72cf58-c58f-41d8-a7bc-46863bae8db2", "contenido": 75, "intensidad_horaria": 60, "fallas_maximas": 12, "activo": true}}, {"model": "administracion.nivel", "pk": "19fc6000-e431-4178-a08b-ba699acb9484", "fields": {"orden": 5, "idioma": "d61b59f9-7651-4efa-b837-bbfe92c6066d", "nombre": "Nivel 5", "alias": "Chino 5", "predecesor": "20007efe-e728-46fc-8488-2193e20e3a7e", "contenido": 39, "intensidad_horaria": 60, "fallas_maximas": 12, "activo": true}}, {"model": "administracion.nivel", "pk": "1eac616b-9b1c-4c69-a7de-c0470788d561", "fields": {"orden": 14, "idioma": "2e389ba4-5ae9-4253-ac61-517963f04cd4", "nombre": "NIVEL 14 - CONVERSATION 2", "alias": "Nivel 14 Ing Kids", "predecesor": "7b2a0f66-44fb-41d2-8494-8f8fa45ccc7f", "contenido": 72, "intensidad_horaria": 60, "fallas_maximas": 12, "activo": true}}, {"model": "administracion.nivel", "pk": "20007efe-e728-46fc-8488-2193e20e3a7e", "fields": {"orden": 4, "idioma": "d61b59f9-7651-4efa-b837-bbfe92c6066d", "nombre": "Nivel 4", "alias": "Chino 4", "predecesor": "c16c302a-94c0-4c9a-a029-dfec4f484647", "contenido": 38, "intensidad_horaria": 60, "fallas_maximas": 12, "activo": true}}, {"model": "administracion.nivel", "pk": "2247aab2-5c3c-4cea-a529-f4e3dac3e5fe", "fields": {"orden": 5, "idioma": "4205e1de-8352-48ca-9e67-a7e43bb47a06", "nombre": "Nivel 5", "alias": "Portugu\u00e9s 5", "predecesor": "c0f25aa6-7213-41d1-8322-53bff0c957e2", "contenido": 54, "intensidad_horaria": 60, "fallas_maximas": 12, "activo": true}}, {"model": "administracion.nivel", "pk": "22781d90-e632-4eeb-9908-d970890c9cdf", "fields": {"orden": 2, "idioma": "d61b59f9-7651-4efa-b837-bbfe92c6066d", "nombre": "Nivel 2", "alias": "Chino 2", "predecesor": "76cc5914-bc2b-4f66-92d4-a8e5a44452e6", "contenido": 36, "intensidad_horaria": 60, "fallas_maximas": 12, "activo": true}}, {"model": "administracion.nivel", "pk": "2452fb02-86dd-424a-b6d6-82ee6107621e", "fields": {"orden": 11, "idioma": "d8a4d3f1-3a83-43c1-804e-277dd11924fb", "nombre": "Nivel 11", "alias": "Alem\u00e1n 11", "predecesor": "60a0f0dc-72f1-4fee-9e8e-dfa972fcdc40", "contenido": 34, "intensidad_horaria": 60, "fallas_maximas": 12, "activo": true}}, {"model": "administracion.nivel", "pk": "28854f1a-7612-4d26-9fc8-d320bb910fd7", "fields": {"orden": 1, "idioma": "d8a4d3f1-3a83-43c1-804e-277dd11924fb", "nombre": "Preparaci\u00f3n certificaci\u00f3n internacional examen oficial Goethe", "alias": "Goethe Zertifikat B1", "predecesor": null, "contenido": 57, "intensidad_horaria": 40, "fallas_maximas": 8, "activo": true}}, {"model": "administracion.nivel", "pk": "2aa63aa1-5707-4f79-982a-eec9861435cb", "fields": {"orden": 9, "idioma": "2e389ba4-5ae9-4253-ac61-517963f04cd4", "nombre": "NIVEL 9 - BUILDERS CHALLENGERS", "alias": "Nivel 9 Ingl\u00e9s Ni\u00f1os", "predecesor": "d021d3d6-a311-4aec-99c9-65bf52cea2e6", "contenido": 67, "intensidad_horaria": 60, "fallas_maximas": 12, "activo": true}}, {"model": "administracion.nivel", "pk": "320257e6-a0dc-4d74-b905-6d7304db9f92", "fields": {"orden": 2, "idioma": "139c30f9-87dd-48f5-b9c0-76f5d6822b94", "nombre": "Ingl\u00e9s 1B", "alias": "1B", "predecesor": "87c0648a-555e-4c67-90fa-4c32262d86a8", "contenido": 3, "intensidad_horaria": 60, "fallas_maximas": 12, "activo": true}}, {"model": "administracion.nivel", "pk": "321241d0-2295-4730-8455-ffe1ecffef4a", "fields": {"orden": 1, "idioma": "427d73a5-b5a3-4698-84b0-90adc848dbed", "nombre": "Nivel 1", "alias": "Italiano 1", "predecesor": null, "contenido": 40, "intensidad_horaria": 60, "fallas_maximas": 12, "activo": true}}, {"model": "administracion.nivel", "pk": "3280d2c4-149b-40bf-ac59-a66d1903d34d", "fields": {"orden": 3, "idioma": "d8a4d3f1-3a83-43c1-804e-277dd11924fb", "nombre": "Nivel 3", "alias": "Alem\u00e1n 3", "predecesor": "d9d3acaf-42af-41f8-844d-4f24a2860827", "contenido": 26, "intensidad_horaria": 60, "fallas_maximas": 12, "activo": true}}, {"model": "administracion.nivel", "pk": "38c2a5cf-f9eb-4575-b0b2-c0b6b29a3a76", "fields": {"orden": 6, "idioma": "d8a4d3f1-3a83-43c1-804e-277dd11924fb", "nombre": "Nivel 6", "alias": "Alem\u00e1n 6", "predecesor": "144e8fa7-4a53-4061-8c97-16dc70e6e553", "contenido": 29, "intensidad_horaria": 60, "fallas_maximas": 12, "activo": true}}, {"model": "administracion.nivel", "pk": "443df6e7-aef2-4250-813b-73c35d21e5ed", "fields": {"orden": 7, "idioma": "2e389ba4-5ae9-4253-ac61-517963f04cd4", "nombre": "NIVEL 7 - BUILDERS PUSHERS", "alias": "Nivel 7 Ingl\u00e9s ni\u00f1os", "predecesor": "ba3bf48f-39fa-4758-8cdb-d965153bbe75", "contenido": 65, "intensidad_horaria": 60, "fallas_maximas": 12, "activo": true}}, {"model": "administracion.nivel", "pk": "49d83c7e-ea44-4530-80aa-0a83f071e5bb", "fields": {"orden": 1, "idioma": "3a4bb536-7ed7-4d95-a9d3-64d88c909646", "nombre": "Nivel 1", "alias": "Franc\u00e9s 1", "predecesor": null, "contenido": 14, "intensidad_horaria": 60, "fallas_maximas": 12, "activo": true}}, {"model": "administracion.nivel", "pk": "4d371fed-a654-41e1-b5e8-cdf2fc808862", "fields": {"orden": 3, "idioma": "139c30f9-87dd-48f5-b9c0-76f5d6822b94", "nombre": "Ingl\u00e9s 1C", "alias": "1C", "predecesor": "320257e6-a0dc-4d74-b905-6d7304db9f92", "contenido": 4, "intensidad_horaria": 60, "fallas_maximas": 12, "activo": true}}, {"model": "administracion.nivel", "pk": "557e9a7e-dda1-49e0-8102-ac63732565ef", "fields": {"orden": 7, "idioma": "139c30f9-87dd-48f5-b9c0-76f5d6822b94", "nombre": "Ingl\u00e9s 3A", "alias": "3A", "predecesor": "daf1b7a3-beec-4f68-9dfe-a1bcb70716fa", "contenido": 8, "intensidad_horaria": 60, "fallas_maximas": 12, "activo": true}}, {"model": "administracion.nivel", "pk": "56ce6bab-be82-4aa7-97cc-8677684ac166", "fields": {"orden": 7, "idioma": "d8a4d3f1-3a83-43c1-804e-277dd11924fb", "nombre": "Nivel 7", "alias": "Alem\u00e1n 7", "predecesor": "38c2a5cf-f9eb-4575-b0b2-c0b6b29a3a76", "contenido": 30, "intensidad_horaria": 60, "fallas_maximas": 12, "activo": true}}, {"model": "administracion.nivel", "pk": "5ecfd142-3858-4e7d-8eb4-e5574503331a", "fields": {"orden": 2, "idioma": "4205e1de-8352-48ca-9e67-a7e43bb47a06", "nombre": "Nivel 2", "alias": "Portugu\u00e9s 2", "predecesor": "615f2d6d-5bd5-4a19-9777-ec74a2a84918", "contenido": 51, "intensidad_horaria": 60, "fallas_maximas": 12, "activo": true}}, {"model": "administracion.nivel", "pk": "60a0f0dc-72f1-4fee-9e8e-dfa972fcdc40", "fields": {"orden": 10, "idioma": "d8a4d3f1-3a83-43c1-804e-277dd11924fb", "nombre": "Nivel 10", "alias": "Alem\u00e1n 10", "predecesor": "80b58c91-3298-431f-8c3d-dbd6e83863c8", "contenido": 33, "intensidad_horaria": 60, "fallas_maximas": 12, "activo": true}}, {"model": "administracion.nivel", "pk": "615f2d6d-5bd5-4a19-9777-ec74a2a84918", "fields": {"orden": 1, "idioma": "4205e1de-8352-48ca-9e67-a7e43bb47a06", "nombre": "Nivel 1", "alias": "Portugu\u00e9s 1", "predecesor": null, "contenido": 50, "intensidad_horaria": 60, "fallas_maximas": 12, "activo": true}}, {"model": "administracion.nivel", "pk": "693d70de-2cea-4297-bd64-480f69660ddb", "fields": {"orden": 4, "idioma": "3a4bb536-7ed7-4d95-a9d3-64d88c909646", "nombre": "Nivel 4", "alias": "Franc\u00e9s 4", "predecesor": "c538fe6f-488e-4935-82db-431a728dc188", "contenido": 17, "intensidad_horaria": 60, "fallas_maximas": 12, "activo": true}}, {"model": "administracion.nivel", "pk": "6b2dbbd9-9f1a-44e7-b21b-29ef93ee11e4", "fields": {"orden": 3, "idioma": "427d73a5-b5a3-4698-84b0-90adc848dbed", "nombre": "Nivel 3", "alias": "Italiano 3", "predecesor": "ae8ccc24-9c2d-46b3-b222-84ed23f737b6", "contenido": 42, "intensidad_horaria": 60, "fallas_maximas": 12, "activo": true}}, {"model": "administracion.nivel", "pk": "6e0b7bd4-5206-414b-b143-f22c9a418da6", "fields": {"orden": 4, "idioma": "a6247d61-60c2-4afe-8d46-3e8e84358aff", "nombre": "NIVEL 4 - CHERCHEURS APPRENTIS", "alias": "Nivel 4 Enfants", "predecesor": "183c0d3f-ea9a-4eb4-b348-e6bb8f4e3d8f", "contenido": 76, "intensidad_horaria": 60, "fallas_maximas": 12, "activo": true}}, {"model": "administracion.nivel", "pk": "7100261d-e447-4215-adf4-bc3f7014e675", "fields": {"orden": 1, "idioma": "3be6fe09-985a-4da0-a5a5-ab0d634f99fb", "nombre": "Nivel 1", "alias": "ELE 1", "predecesor": null, "contenido": 45, "intensidad_horaria": 60, "fallas_maximas": 12, "activo": true}}, {"model": "administracion.nivel", "pk": "71665c3c-0c22-4553-b4cf-3c346995d166", "fields": {"orden": 10, "idioma": "a6247d61-60c2-4afe-8d46-3e8e84358aff", "nombre": "NIVEL 10 - AVENTURIERS APPRENTIS", "alias": "Nivel 10 Enfants", "predecesor": "a691ad1f-e767-4144-8839-bcd94d66d271", "contenido": 82, "intensidad_horaria": 60, "fallas_maximas": 12, "activo": true}}, {"model": "administracion.nivel", "pk": "71998bdf-d2e6-4909-a1bb-d16473200f85", "fields": {"orden": 5, "idioma": "3a4bb536-7ed7-4d95-a9d3-64d88c909646", "nombre": "Nivel 5", "alias": "Franc\u00e9s 5", "predecesor": "693d70de-2cea-4297-bd64-480f69660ddb", "contenido": 18, "intensidad_horaria": 60, "fallas_maximas": 12, "activo": true}}, {"model": "administracion.nivel", "pk": "743b45a4-d949-4d0d-9ae5-d003a9e84780", "fields": {"orden": 6, "idioma": "a6247d61-60c2-4afe-8d46-3e8e84358aff", "nombre": "NIVEL 6 - CHERCHEURS EXPERTS", "alias": "Nivel 6 Enfants", "predecesor": "e73d9bf2-3a70-4006-b2c4-f33d15a20917", "contenido": 78, "intensidad_horaria": 60, "fallas_maximas": 12, "activo": true}}, {"model": "administracion.nivel", "pk": "75b19b42-9976-4e2d-85b9-1d6f5aa0b145", "fields": {"orden": 10, "idioma": "3a4bb536-7ed7-4d95-a9d3-64d88c909646", "nombre": "Nivel 10", "alias": "Franc\u00e9s 10", "predecesor": "f9bdb279-7ef8-462f-84ef-1f1017ee5dbc", "contenido": 23, "intensidad_horaria": 60, "fallas_maximas": 12, "activo": true}}, {"model": "administracion.nivel", "pk": "76cc5914-bc2b-4f66-92d4-a8e5a44452e6", "fields": {"orden": 1, "idioma": "d61b59f9-7651-4efa-b837-bbfe92c6066d", "nombre": "Nivel 1", "alias": "Chino 1", "predecesor": null, "contenido": 35, "intensidad_horaria": 60, "fallas_maximas": 12, "activo": true}}, {"model": "administracion.nivel", "pk": "7aeb9b6f-e129-4deb-8913-517ec1dd96a3", "fields": {"orden": 4, "idioma": "139c30f9-87dd-48f5-b9c0-76f5d6822b94", "nombre": "Ingl\u00e9s 2A", "alias": "2A", "predecesor": "4d371fed-a654-41e1-b5e8-cdf2fc808862", "contenido": 5, "intensidad_horaria": 60, "fallas_maximas": 12, "activo": true}}, {"model": "administracion.nivel", "pk": "7b2a0f66-44fb-41d2-8494-8f8fa45ccc7f", "fields": {"orden": 13, "idioma": "2e389ba4-5ae9-4253-ac61-517963f04cd4", "nombre": "NIVEL 13 - CONVERSATION 1", "alias": "Nivel 13 Ing Kids", "predecesor": "081eae8e-2ac2-4d50-a31d-c5dbbdacb42a", "contenido": 71, "intensidad_horaria": 60, "fallas_maximas": 12, "activo": true}}, {"model": "administracion.nivel", "pk": "7db0d409-7d45-468a-b9d0-db27ed56293d", "fields": {"orden": 5, "idioma": "2e389ba4-5ae9-4253-ac61-517963f04cd4", "nombre": "NIVEL 5 - SEEKERS FIGHTERS", "alias": "Nivel 5 Ingl\u00e9s Ni\u00f1os", "predecesor": "fceba973-18da-44a9-b0cd-062940be7921", "contenido": 63, "intensidad_horaria": 60, "fallas_maximas": 12, "activo": true}}, {"model": "administracion.nivel", "pk": "803e33ff-027d-4dfe-86be-2dd73713847e", "fields": {"orden": 5, "idioma": "427d73a5-b5a3-4698-84b0-90adc848dbed", "nombre": "Nivel 5", "alias": "Italiano 5", "predecesor": "fbcb0dd5-d89f-4d9f-8215-282a2f1c4052", "contenido": 44, "intensidad_horaria": 60, "fallas_maximas": 12, "activo": true}}, {"model": "administracion.nivel", "pk": "80b58c91-3298-431f-8c3d-dbd6e83863c8", "fields": {"orden": 9, "idioma": "d8a4d3f1-3a83-43c1-804e-277dd11924fb", "nombre": "Nivel 9", "alias": "Alem\u00e1n 9", "predecesor": "f7258243-5711-4633-aca5-9742764bd6dc", "contenido": 32, "intensidad_horaria": 60, "fallas_maximas": 12, "activo": true}}, {"model": "administracion.nivel", "pk": "82c3cbd5-7075-4888-aa07-5a9a1cf2c061", "fields": {"orden": 10, "idioma": "139c30f9-87dd-48f5-b9c0-76f5d6822b94", "nombre": "Ingl\u00e9s 4A", "alias": "4A", "predecesor": "b3110d81-3cf1-4824-b9d7-bfc22ba24c64", "contenido": 11, "intensidad_horaria": 60, "fallas_maximas": 12, "activo": true}}, {"model": "administracion.nivel", "pk": "87c0648a-555e-4c67-90fa-4c32262d86a8", "fields": {"orden": 1, "idioma": "139c30f9-87dd-48f5-b9c0-76f5d6822b94", "nombre": "Ingl\u00e9s 1A", "alias": "1A", "predecesor": null, "contenido": 1, "intensidad_horaria": 60, "fallas_maximas": 12, "activo": true}}, {"model": "administracion.nivel", "pk": "8901a96c-ba48-4d22-a042-24b61dfa88e0", "fields": {"orden": 5, "idioma": "3be6fe09-985a-4da0-a5a5-ab0d634f99fb", "nombre": "Nivel 5", "alias": "ELE 5", "predecesor": "ce115817-b623-49b7-bb63-3fb96e1d1e23", "contenido": 49, "intensidad_horaria": 60, "fallas_maximas": 12, "activo": true}}, {"model": "administracion.nivel", "pk": "89884cd0-8563-4c89-b172-c2742149f3d3", "fields": {"orden": 8, "idioma": "3a4bb536-7ed7-4d95-a9d3-64d88c909646", "nombre": "Nivel 8", "alias": "Franc\u00e9s 8", "predecesor": "a67f384b-dea2-43be-950e-f16a99c650e8", "contenido": 21, "intensidad_horaria": 60, "fallas_maximas": 12, "activo": true}}, {"model": "administracion.nivel", "pk": "8a7b59fb-3029-4b4c-806b-edba01d59d26", "fields": {"orden": 2, "idioma": "3a4bb536-7ed7-4d95-a9d3-64d88c909646", "nombre": "Nivel 2", "alias": "Franc\u00e9s 2", "predecesor": "49d83c7e-ea44-4530-80aa-0a83f071e5bb", "contenido": 15, "intensidad_horaria": 60, "fallas_maximas": 12, "activo": true}}, {"model": "administracion.nivel", "pk": "8bf9fbf1-f76a-49fc-be67-3ce0b2444a1c", "fields": {"orden": 12, "idioma": "139c30f9-87dd-48f5-b9c0-76f5d6822b94", "nombre": "Ingl\u00e9s 4C", "alias": "4C", "predecesor": "d0c956a1-cec6-4c0e-a09f-b9142a3e7d57", "contenido": 13, "intensidad_horaria": 60, "fallas_maximas": 12, "activo": true}}, {"model": "administracion.nivel", "pk": "914406f3-eaa8-4cbc-a6eb-4c91507ba321", "fields": {"orden": 1, "idioma": "2e389ba4-5ae9-4253-ac61-517963f04cd4", "nombre": "NIVEL 1 - EXPLORERS PUSHERS", "alias": "Nivel 1 Ingl\u00e9s Ni\u00f1os", "predecesor": null, "contenido": 59, "intensidad_horaria": 60, "fallas_maximas": 12, "activo": true}}, {"model": "administracion.nivel", "pk": "9161f9e6-c81c-483a-bb9d-4cc271fc1cb6", "fields": {"orden": 10, "idioma": "2e389ba4-5ae9-4253-ac61-517963f04cd4", "nombre": "NIVEL 10 - ADVENTURERS PUSHERS", "alias": "Nivel 10 Ing Kids", "predecesor": "2aa63aa1-5707-4f79-982a-eec9861435cb", "contenido": 68, "intensidad_horaria": 60, "fallas_maximas": 12, "activo": true}}, {"model": "administracion.nivel", "pk": "95c36adb-4936-4898-8e68-536147e29ff7", "fields": {"orden": 1, "idioma": "d8a4d3f1-3a83-43c1-804e-277dd11924fb", "nombre": "Nivel 1", "alias": "Alem\u00e1n 1", "predecesor": null, "contenido": 24, "intensidad_horaria": 60, "fallas_maximas": 12, "activo": true}}, {"model": "administracion.nivel", "pk": "a288bbe0-680c-4d35-a0c7-80b7ff600f75", "fields": {"orden": 7, "idioma": "a6247d61-60c2-4afe-8d46-3e8e84358aff", "nombre": "NIVEL 7 - BRICOLEURS APPRENTIS", "alias": "Nivel 7 Enfants", "predecesor": "743b45a4-d949-4d0d-9ae5-d003a9e84780", "contenido": 79, "intensidad_horaria": 60, "fallas_maximas": 12, "activo": true}}, {"model": "administracion.nivel", "pk": "a67f384b-dea2-43be-950e-f16a99c650e8", "fields": {"orden": 7, "idioma": "3a4bb536-7ed7-4d95-a9d3-64d88c909646", "nombre": "Nivel 7", "alias": "Franc\u00e9s 7", "predecesor": "bcc5bcf1-02d7-43df-b263-c544e3b683c8", "contenido": 20, "intensidad_horaria": 60, "fallas_maximas": 12, "activo": true}}, {"model": "administracion.nivel", "pk": "a691ad1f-e767-4144-8839-bcd94d66d271", "fields": {"orden": 9, "idioma": "a6247d61-60c2-4afe-8d46-3e8e84358aff", "nombre": "NIVEL 9 -  BRICOLEURS EXPERTS", "alias": "Nivel 9 Enfants", "predecesor": "1521b703-3bce-4b70-8b41-9f2823e62422", "contenido": 81, "intensidad_horaria": 60, "fallas_maximas": 12, "activo": true}}, {"model": "administracion.nivel", "pk": "aa72cf58-c58f-41d8-a7bc-46863bae8db2", "fields": {"orden": 2, "idioma": "a6247d61-60c2-4afe-8d46-3e8e84358aff", "nombre": "NIVEL 2 - EXPLORATEURS D\u00c9BRUILLARDS", "alias": "Nivel 2 Enfants", "predecesor": "0275e599-ef87-4a9a-9316-d0fe9cc8bf59", "contenido": 74, "intensidad_horaria": 60, "fallas_maximas": 12, "activo": true}}, {"model": "administracion.nivel", "pk": "ae8ccc24-9c2d-46b3-b222-84ed23f737b6", "fields": {"orden": 2, "idioma": "427d73a5-b5a3-4698-84b0-90adc848dbed", "nombre": "Nivel 2", "alias": "Italiano 2", "predecesor": "321241d0-2295-4730-8455-ffe1ecffef4a", "contenido": 41, "intensidad_horaria": 60, "fallas_maximas": 12, "activo": true}}, {"model": "administracion.nivel", "pk": "b3110d81-3cf1-4824-b9d7-bfc22ba24c64", "fields": {"orden": 9, "idioma": "139c30f9-87dd-48f5-b9c0-76f5d6822b94", "nombre": "Ingl\u00e9s 3C", "alias": "3C", "predecesor": "01549780-03d2-42c1-b09d-785f6791ccbe", "contenido": 10, "intensidad_horaria": 60, "fallas_maximas": 12, "activo": true}}, {"model": "administracion.nivel", "pk": "b8b27371-4c18-4749-ba82-6c939f592a58", "fields": {"orden": 4, "idioma": "3aef0cee-bf40-490f-b865-a9e24a82ff2a", "nombre": "Textos Cient\u00edficos", "alias": "Cient\u00edficos", "predecesor": "ba10270a-53b5-460e-a6ad-ccbfacab63ad", "contenido": 86, "intensidad_horaria": 60, "fallas_maximas": 12, "activo": true}}, {"model": "administracion.nivel", "pk": "ba10270a-53b5-460e-a6ad-ccbfacab63ad", "fields": {"orden": 1, "idioma": "3aef0cee-bf40-490f-b865-a9e24a82ff2a", "nombre": "Nivel Introductorio", "alias": "Nivel Introductorio", "predecesor": null, "contenido": 83, "intensidad_horaria": 60, "fallas_maximas": 12, "activo": true}}, {"model": "administracion.nivel", "pk": "ba3bf48f-39fa-4758-8cdb-d965153bbe75", "fields": {"orden": 6, "idioma": "2e389ba4-5ae9-4253-ac61-517963f04cd4", "nombre": "NIVEL 6 - SEEKERS CHALLENGERS", "alias": "Nivel 6 Ingl\u00e9s Ni\u00f1os", "predecesor": "7db0d409-7d45-468a-b9d0-db27ed56293d", "contenido": 64, "intensidad_horaria": 60, "fallas_maximas": 12, "activo": true}}, {"model": "administracion.nivel", "pk": "bcc5bcf1-02d7-43df-b263-c544e3b683c8", "fields": {"orden": 6, "idioma": "3a4bb536-7ed7-4d95-a9d3-64d88c909646", "nombre": "Nivel 6", "alias": "Franc\u00e9s 6", "predecesor": "71998bdf-d2e6-4909-a1bb-d16473200f85", "contenido": 19, "intensidad_horaria": 60, "fallas_maximas": 12, "activo": true}}, {"model": "administracion.nivel", "pk": "c0f25aa6-7213-41d1-8322-53bff0c957e2", "fields": {"orden": 4, "idioma": "4205e1de-8352-48ca-9e67-a7e43bb47a06", "nombre": "Nivel 4", "alias": "Portugu\u00e9s 4", "predecesor": "f6a78744-879c-4bb0-80ce-3bfc109f651e", "contenido": 53, "intensidad_horaria": 60, "fallas_maximas": 12, "activo": true}}, {"model": "administracion.nivel", "pk": "c16c302a-94c0-4c9a-a029-dfec4f484647", "fields": {"orden": 3, "idioma": "d61b59f9-7651-4efa-b837-bbfe92c6066d", "nombre": "Nivel 3", "alias": "Chino 3", "predecesor": "22781d90-e632-4eeb-9908-d970890c9cdf", "contenido": 37, "intensidad_horaria": 60, "fallas_maximas": 12, "activo": true}}, {"model": "administracion.nivel", "pk": "c538fe6f-488e-4935-82db-431a728dc188", "fields": {"orden": 3, "idioma": "3a4bb536-7ed7-4d95-a9d3-64d88c909646", "nombre": "Nivel 3", "alias": "Franc\u00e9s 3", "predecesor": "8a7b59fb-3029-4b4c-806b-edba01d59d26", "contenido": 16, "intensidad_horaria": 60, "fallas_maximas": 12, "activo": true}}, {"model": "administracion.nivel", "pk": "c82f55c1-7e95-41cb-9916-f60e103ce79a", "fields": {"orden": 4, "idioma": "d8a4d3f1-3a83-43c1-804e-277dd11924fb", "nombre": "Nivel 4", "alias": "Alem\u00e1n 4", "predecesor": "3280d2c4-149b-40bf-ac59-a66d1903d34d", "contenido": 27, "intensidad_horaria": 60, "fallas_maximas": 12, "activo": true}}, {"model": "administracion.nivel", "pk": "cc49b59a-8774-469b-93d7-4f7a8419e848", "fields": {"orden": 3, "idioma": "2e389ba4-5ae9-4253-ac61-517963f04cd4", "nombre": "NIVEL 3 - EXPLORERS CHALLENGERS", "alias": "Nivel 3 Ingl\u00e9s Ni\u00f1os", "predecesor": "07f3c714-7adb-4db0-bd43-3720621e8442", "contenido": 61, "intensidad_horaria": 60, "fallas_maximas": 12, "activo": true}}, {"model": "administracion.nivel", "pk": "ccc17afc-b247-4cfd-b434-9352ccefe2a9", "fields": {"orden": 5, "idioma": "139c30f9-87dd-48f5-b9c0-76f5d6822b94", "nombre": "Ingl\u00e9s 2B", "alias": "2B", "predecesor": "7aeb9b6f-e129-4deb-8913-517ec1dd96a3", "contenido": 6, "intensidad_horaria": 60, "fallas_maximas": 12, "activo": true}}, {"model": "administracion.nivel", "pk": "ce115817-b623-49b7-bb63-3fb96e1d1e23", "fields": {"orden": 4, "idioma": "3be6fe09-985a-4da0-a5a5-ab0d634f99fb", "nombre": "Nivel 4", "alias": "ELE 4", "predecesor": "df340cbe-bee4-4a4b-8500-57021e3244c4", "contenido": 48, "intensidad_horaria": 60, "fallas_maximas": 12, "activo": true}}, {"model": "administracion.nivel", "pk": "d021d3d6-a311-4aec-99c9-65bf52cea2e6", "fields": {"orden": 8, "idioma": "2e389ba4-5ae9-4253-ac61-517963f04cd4", "nombre": "NIVEL 8 - BUILDERS FIGHTERS", "alias": "Nivel 8 Ingl\u00e9s ni\u00f1os", "predecesor": "443df6e7-aef2-4250-813b-73c35d21e5ed", "contenido": 66, "intensidad_horaria": 60, "fallas_maximas": 12, "activo": true}}, {"model": "administracion.nivel", "pk": "d0c956a1-cec6-4c0e-a09f-b9142a3e7d57", "fields": {"orden": 11, "idioma": "139c30f9-87dd-48f5-b9c0-76f5d6822b94", "nombre": "Ingl\u00e9s 4B", "alias": "4B", "predecesor": "82c3cbd5-7075-4888-aa07-5a9a1cf2c061", "contenido": 12, "intensidad_horaria": 60, "fallas_maximas": 12, "activo": true}}, {"model": "administracion.nivel", "pk": "d9d3acaf-42af-41f8-844d-4f24a2860827", "fields": {"orden": 2, "idioma": "d8a4d3f1-3a83-43c1-804e-277dd11924fb", "nombre": "Nivel 2", "alias": "Alem\u00e1n 2", "predecesor": "95c36adb-4936-4898-8e68-536147e29ff7", "contenido": 25, "intensidad_horaria": 60, "fallas_maximas": 12, "activo": true}}, {"model": "administracion.nivel", "pk": "daf1b7a3-beec-4f68-9dfe-a1bcb70716fa", "fields": {"orden": 6, "idioma": "139c30f9-87dd-48f5-b9c0-76f5d6822b94", "nombre": "Ingl\u00e9s 2C", "alias": "2C", "predecesor": "ccc17afc-b247-4cfd-b434-9352ccefe2a9", "contenido": 7, "intensidad_horaria": 60, "fallas_maximas": 12, "activo": true}}, {"model": "administracion.nivel", "pk": "de9ea448-ebfa-401c-b32a-fbd088f5487a", "fields": {"orden": 2, "idioma": "3aef0cee-bf40-490f-b865-a9e24a82ff2a", "nombre": "Textos Literarios", "alias": "Literarios", "predecesor": "ba10270a-53b5-460e-a6ad-ccbfacab63ad", "contenido": 84, "intensidad_horaria": 60, "fallas_maximas": 12, "activo": true}}, {"model": "administracion.nivel", "pk": "df340cbe-bee4-4a4b-8500-57021e3244c4", "fields": {"orden": 3, "idioma": "3be6fe09-985a-4da0-a5a5-ab0d634f99fb", "nombre": "Nivel 3", "alias": "ELE 3", "predecesor": "000c2841-649e-4238-a5b7-5fdd95de8964", "contenido": 47, "intensidad_horaria": 60, "fallas_maximas": 12, "activo": true}}, {"model": "administracion.nivel", "pk": "e2ef56b0-2fd4-4110-a5b4-1dac954c92a7", "fields": {"orden": 11, "idioma": "2e389ba4-5ae9-4253-ac61-517963f04cd4", "nombre": "NIVEL 11 - ADVENTURERS FIGHTERS", "alias": "Nivel 11 Ing Kids", "predecesor": "9161f9e6-c81c-483a-bb9d-4cc271fc1cb6", "contenido": 69, "intensidad_horaria": 60, "fallas_maximas": 12, "activo": true}}, {"model": "administracion.nivel", "pk": "e653c84d-f0f9-45df-8f39-9ce3a2d19620", "fields": {"orden": 1, "idioma": "4205e1de-8352-48ca-9e67-a7e43bb47a06", "nombre": "Curso de Preparaci\u00f3n Examen CELPE-BRAS", "alias": "Celpe Bras", "predecesor": null, "contenido": 56, "intensidad_horaria": 40, "fallas_maximas": 8, "activo": true}}, {"model": "administracion.nivel", "pk": "e73d9bf2-3a70-4006-b2c4-f33d15a20917", "fields": {"orden": 5, "idioma": "a6247d61-60c2-4afe-8d46-3e8e84358aff", "nombre": "NIVEL 5 - CHERCHEURS DEBRUILLARDS", "alias": "Nivel 5 Enfants", "predecesor": "6e0b7bd4-5206-414b-b143-f22c9a418da6", "contenido": 77, "intensidad_horaria": 60, "fallas_maximas": 12, "activo": true}}, {"model": "administracion.nivel", "pk": "f6a78744-879c-4bb0-80ce-3bfc109f651e", "fields": {"orden": 3, "idioma": "4205e1de-8352-48ca-9e67-a7e43bb47a06", "nombre": "Nivel 3", "alias": "Portugu\u00e9s 3", "predecesor": "5ecfd142-3858-4e7d-8eb4-e5574503331a", "contenido": 52, "intensidad_horaria": 60, "fallas_maximas": 12, "activo": true}}, {"model": "administracion.nivel", "pk": "f7258243-5711-4633-aca5-9742764bd6dc", "fields": {"orden": 8, "idioma": "d8a4d3f1-3a83-43c1-804e-277dd11924fb", "nombre": "Nivel 8", "alias": "Alem\u00e1n 8", "predecesor": "56ce6bab-be82-4aa7-97cc-8677684ac166", "contenido": 31, "intensidad_horaria": 60, "fallas_maximas": 12, "activo": true}}, {"model": "administracion.nivel", "pk": "f9bdb279-7ef8-462f-84ef-1f1017ee5dbc", "fields": {"orden": 9, "idioma": "3a4bb536-7ed7-4d95-a9d3-64d88c909646", "nombre": "Nivel 9", "alias": "Franc\u00e9s 9", "predecesor": "89884cd0-8563-4c89-b172-c2742149f3d3", "contenido": 22, "intensidad_horaria": 60, "fallas_maximas": 12, "activo": true}}, {"model": "administracion.nivel", "pk": "fbcb0dd5-d89f-4d9f-8215-282a2f1c4052", "fields": {"orden": 4, "idioma": "427d73a5-b5a3-4698-84b0-90adc848dbed", "nombre": "Nivel 4", "alias": "Italiano 4", "predecesor": "6b2dbbd9-9f1a-44e7-b21b-29ef93ee11e4", "contenido": 43, "intensidad_horaria": 60, "fallas_maximas": 12, "activo": true}}, {"model": "administracion.nivel", "pk": "fceba973-18da-44a9-b0cd-062940be7921", "fields": {"orden": 4, "idioma": "2e389ba4-5ae9-4253-ac61-517963f04cd4", "nombre": "NIVEL 4 - SEEKERS PUSHERS", "alias": "Nivel 4 Ingl\u00e9s Ni\u00f1os", "predecesor": "cc49b59a-8774-469b-93d7-4f7a8419e848", "contenido": 62, "intensidad_horaria": 60, "fallas_maximas": 12, "activo": true}}, {"model": "administracion.escalanota", "pk": 1, "fields": {"nombre": "Adultos", "nota_minima": 0.0, "nota_maxima": 5.0, "nota_aprobatoria": 3.0, "numero_decimales": 2}}, {"model": "administracion.escalanota", "pk": 2, "fields": {"nombre": "Ni\u00f1os", "nota_minima": 0.0, "nota_maxima": 500.0, "nota_aprobatoria": 350.0, "numero_decimales": 2}}, {"model": "administracion.periodicidad", "pk": 1, "fields": {"nombre": "Semestral", "meses": 4}}, {"model": "administracion.periodicidad", "pk": 2, "fields": {"nombre": "Trimestral", "meses": 3}}, {"model": "administracion.periodicidad", "pk": 3, "fields": {"nombre": "Bimestral", "meses": 2}}, {"model": "administracion.periodicidad", "pk": 4, "fields": {"nombre": "Mensual", "meses": 1}}, {"model": "administracion.periodicidad", "pk": 5, "fields": {"nombre": "Anual", "meses": 8}}, {"model": "administracion.periodo", "pk": "8dfd3c2d-ebce-4cc6-b1c4-c79a98a21a0b", "fields": {"abierto": true, "periodo_anterior": null, "periodicidad": 1, "anio": 2019, "secuencia": 2, "alias": "2019SEM2", "activo": true, "inicio": 0, "fin": 4}}, {"model": "administracion.periodo", "pk": "a1806baf-5740-4ed1-9300-cdcbb5d6e1b9", "fields": {"abierto": true, "periodo_anterior": "8dfd3c2d-ebce-4cc6-b1c4-c79a98a21a0b", "periodicidad": 3, "anio": 2019, "secuencia": 3, "alias": "2019BIM3", "activo": true, "inicio": 4, "fin": 6}}, {"model": "administracion.programaacademico", "pk": "4c042baf-8716-4b6f-95d2-380039d6078d", "fields": {"nombre": "T\u00e9cnicas de Traducci\u00f3n", "idioma": "3aef0cee-bf40-490f-b865-a9e24a82ff2a", "escala_nota": 1, "edad_minima": 17, "edad_maxima": 100, "activo": true, "nivel": ["ba10270a-53b5-460e-a6ad-ccbfacab63ad", "b8b27371-4c18-4749-ba82-6c939f592a58", "11672be3-07b9-483e-9032-2608ab172145", "de9ea448-ebfa-401c-b32a-fbd088f5487a"]}}, {"model": "administracion.programaacademico", "pk": "585a5fb6-8bb1-4e0c-b2e5-f059462ffea6", "fields": {"nombre": "Franc\u00e9s Adultos", "idioma": "3a4bb536-7ed7-4d95-a9d3-64d88c909646", "escala_nota": 1, "edad_minima": 17, "edad_maxima": 200, "activo": true, "nivel": ["49d83c7e-ea44-4530-80aa-0a83f071e5bb", "8a7b59fb-3029-4b4c-806b-edba01d59d26", "c538fe6f-488e-4935-82db-431a728dc188", "693d70de-2cea-4297-bd64-480f69660ddb", "71998bdf-d2e6-4909-a1bb-d16473200f85", "bcc5bcf1-02d7-43df-b263-c544e3b683c8", "a67f384b-dea2-43be-950e-f16a99c650e8", "89884cd0-8563-4c89-b172-c2742149f3d3", "f9bdb279-7ef8-462f-84ef-1f1017ee5dbc", "75b19b42-9976-4e2d-85b9-1d6f5aa0b145"]}}, {"model": "administracion.programaacademico", "pk": "6e8fe777-4840-4af3-add4-8e445562f6c0", "fields": {"nombre": "Ingl\u00e9s Ni\u00f1os", "idioma": "2e389ba4-5ae9-4253-ac61-517963f04cd4", "escala_nota": 2, "edad_minima": 7, "edad_maxima": 100, "activo": true, "nivel": ["914406f3-eaa8-4cbc-a6eb-4c91507ba321", "443df6e7-aef2-4250-813b-73c35d21e5ed", "2aa63aa1-5707-4f79-982a-eec9861435cb", "e2ef56b0-2fd4-4110-a5b4-1dac954c92a7", "ba3bf48f-39fa-4758-8cdb-d965153bbe75", "07f3c714-7adb-4db0-bd43-3720621e8442", "fceba973-18da-44a9-b0cd-062940be7921", "9161f9e6-c81c-483a-bb9d-4cc271fc1cb6", "081eae8e-2ac2-4d50-a31d-c5dbbdacb42a", "7db0d409-7d45-468a-b9d0-db27ed56293d", "7b2a0f66-44fb-41d2-8494-8f8fa45ccc7f", "1eac616b-9b1c-4c69-a7de-c0470788d561", "cc49b59a-8774-469b-93d7-4f7a8419e848", "d021d3d6-a311-4aec-99c9-65bf52cea2e6"]}}, {"model": "administracion.programaacademico", "pk": "89a8c1a1-6474-47da-9b35-91b33f8d4e13", "fields": {"nombre": "Portugu\u00e9s Adultos", "idioma": "4205e1de-8352-48ca-9e67-a7e43bb47a06", "escala_nota": 1, "edad_minima": 17, "edad_maxima": 200, "activo": true, "nivel": ["615f2d6d-5bd5-4a19-9777-ec74a2a84918", "5ecfd142-3858-4e7d-8eb4-e5574503331a", "f6a78744-879c-4bb0-80ce-3bfc109f651e", "c0f25aa6-7213-41d1-8322-53bff0c957e2", "2247aab2-5c3c-4cea-a529-f4e3dac3e5fe", "01e92f9f-c4d7-4bf7-b702-1dd4375e8ba4"]}}, {"model": "administracion.programaacademico", "pk": "96d0607e-e361-43f6-867c-d49120c68044", "fields": {"nombre": "Franc\u00e9s Ni\u00f1os", "idioma": "a6247d61-60c2-4afe-8d46-3e8e84358aff", "escala_nota": 2, "edad_minima": 7, "edad_maxima": 7, "activo": true, "nivel": ["71665c3c-0c22-4553-b4cf-3c346995d166", "aa72cf58-c58f-41d8-a7bc-46863bae8db2", "e73d9bf2-3a70-4006-b2c4-f33d15a20917", "743b45a4-d949-4d0d-9ae5-d003a9e84780", "a288bbe0-680c-4d35-a0c7-80b7ff600f75", "1521b703-3bce-4b70-8b41-9f2823e62422", "0275e599-ef87-4a9a-9316-d0fe9cc8bf59", "183c0d3f-ea9a-4eb4-b348-e6bb8f4e3d8f", "a691ad1f-e767-4144-8839-bcd94d66d271", "6e0b7bd4-5206-414b-b143-f22c9a418da6"]}}, {"model": "administracion.programaacademico", "pk": "ad12d85e-cf99-4a6d-a61d-b3484b831093", "fields": {"nombre": "Chino Mandar\u00edn", "idioma": "d61b59f9-7651-4efa-b837-bbfe92c6066d", "escala_nota": 1, "edad_minima": 15, "edad_maxima": 200, "activo": true, "nivel": ["76cc5914-bc2b-4f66-92d4-a8e5a44452e6", "22781d90-e632-4eeb-9908-d970890c9cdf", "c16c302a-94c0-4c9a-a029-dfec4f484647", "20007efe-e728-46fc-8488-2193e20e3a7e", "19fc6000-e431-4178-a08b-ba699acb9484"]}}, {"model": "administracion.programaacademico", "pk": "bf99c2aa-c7b5-46d2-96c8-71ae0c7670e0", "fields": {"nombre": "Ingl\u00e9s Adultos", "idioma": "139c30f9-87dd-48f5-b9c0-76f5d6822b94", "escala_nota": 1, "edad_minima": 17, "edad_maxima": 200, "activo": true, "nivel": ["4d371fed-a654-41e1-b5e8-cdf2fc808862", "320257e6-a0dc-4d74-b905-6d7304db9f92", "7aeb9b6f-e129-4deb-8913-517ec1dd96a3", "ccc17afc-b247-4cfd-b434-9352ccefe2a9", "daf1b7a3-beec-4f68-9dfe-a1bcb70716fa", "557e9a7e-dda1-49e0-8102-ac63732565ef", "01549780-03d2-42c1-b09d-785f6791ccbe", "b3110d81-3cf1-4824-b9d7-bfc22ba24c64", "82c3cbd5-7075-4888-aa07-5a9a1cf2c061", "d0c956a1-cec6-4c0e-a09f-b9142a3e7d57", "8bf9fbf1-f76a-49fc-be67-3ce0b2444a1c", "87c0648a-555e-4c67-90fa-4c32262d86a8"]}}, {"model": "administracion.programaacademico", "pk": "cae76666-ba26-479e-a422-3fa1dacd8fa2", "fields": {"nombre": "Espa\u00f1ol Como Lengua Extranjera", "idioma": "3be6fe09-985a-4da0-a5a5-ab0d634f99fb", "escala_nota": 1, "edad_minima": 17, "edad_maxima": 200, "activo": true, "nivel": ["7100261d-e447-4215-adf4-bc3f7014e675", "000c2841-649e-4238-a5b7-5fdd95de8964", "df340cbe-bee4-4a4b-8500-57021e3244c4", "ce115817-b623-49b7-bb63-3fb96e1d1e23", "8901a96c-ba48-4d22-a042-24b61dfa88e0"]}}, {"model": "administracion.programaacademico", "pk": "f22dd780-63f0-4c14-a456-d6790a4dc001", "fields": {"nombre": "Italiano Adultos", "idioma": "427d73a5-b5a3-4698-84b0-90adc848dbed", "escala_nota": 1, "edad_minima": 17, "edad_maxima": 200, "activo": true, "nivel": ["321241d0-2295-4730-8455-ffe1ecffef4a", "ae8ccc24-9c2d-46b3-b222-84ed23f737b6", "6b2dbbd9-9f1a-44e7-b21b-29ef93ee11e4", "fbcb0dd5-d89f-4d9f-8215-282a2f1c4052", "803e33ff-027d-4dfe-86be-2dd73713847e"]}}, {"model": "administracion.programaacademico", "pk": "f6107528-f68e-40ac-b426-13da7e580269", "fields": {"nombre": "Alem\u00e1n Adultos", "idioma": "d8a4d3f1-3a83-43c1-804e-277dd11924fb", "escala_nota": 1, "edad_minima": 17, "edad_maxima": 200, "activo": true, "nivel": ["95c36adb-4936-4898-8e68-536147e29ff7", "d9d3acaf-42af-41f8-844d-4f24a2860827", "3280d2c4-149b-40bf-ac59-a66d1903d34d", "144e8fa7-4a53-4061-8c97-16dc70e6e553", "38c2a5cf-f9eb-4575-b0b2-c0b6b29a3a76", "56ce6bab-be82-4aa7-97cc-8677684ac166", "f7258243-5711-4633-aca5-9742764bd6dc", "80b58c91-3298-431f-8c3d-dbd6e83863c8", "60a0f0dc-72f1-4fee-9e8e-dfa972fcdc40", "2452fb02-86dd-424a-b6d6-82ee6107621e", "c82f55c1-7e95-41cb-9916-f60e103ce79a"]}}, {"model": "administracion.franja", "pk": 1, "fields": {"nombre": "Lunes-15:00-17:00", "dia": 1, "hora_inicio": "15:00:00", "hora_final": "17:00:00"}}, {"model": "administracion.franja", "pk": 2, "fields": {"nombre": "Lunes-17:00-19:00", "dia": 1, "hora_inicio": "17:00:00", "hora_final": "19:00:00"}}, {"model": "administracion.franja", "pk": 3, "fields": {"nombre": "Lunes-19:00-21:00", "dia": 1, "hora_inicio": "19:00:00", "hora_final": "21:00:00"}}, {"model": "administracion.franja", "pk": 4, "fields": {"nombre": "Lunes-18:00-20:00", "dia": 1, "hora_inicio": "18:00:00", "hora_final": "20:00:00"}}, {"model": "administracion.franja", "pk": 5, "fields": {"nombre": "Martes-15:00-17:00", "dia": 2, "hora_inicio": "15:00:00", "hora_final": "17:00:00"}}, {"model": "administracion.franja", "pk": 6, "fields": {"nombre": "Martes-17:00-19:00", "dia": 2, "hora_inicio": "17:00:00", "hora_final": "19:00:00"}}, {"model": "administracion.franja", "pk": 7, "fields": {"nombre": "Martes-19:00-21:00", "dia": 2, "hora_inicio": "19:00:00", "hora_final": "21:00:00"}}, {"model": "administracion.franja", "pk": 8, "fields": {"nombre": "Martes-18:00-20:00", "dia": 2, "hora_inicio": "18:00:00", "hora_final": "20:00:00"}}, {"model": "administracion.franja", "pk": 9, "fields": {"nombre": "Miercoles-15:00-17:00", "dia": 3, "hora_inicio": "15:00:00", "hora_final": "17:00:00"}}, {"model": "administracion.franja", "pk": 10, "fields": {"nombre": "Miercoles-17:00-19:00", "dia": 3, "hora_inicio": "17:00:00", "hora_final": "19:00:00"}}, {"model": "administracion.franja", "pk": 11, "fields": {"nombre": "Miercoles-19:00-21:00", "dia": 3, "hora_inicio": "19:00:00", "hora_final": "21:00:00"}}, {"model": "administracion.franja", "pk": 12, "fields": {"nombre": "Miercoles-18:00-20:00", "dia": 3, "hora_inicio": "18:00:00", "hora_final": "20:00:00"}}, {"model": "administracion.franja", "pk": 13, "fields": {"nombre": "Jueves-15:00-17:00", "dia": 4, "hora_inicio": "15:00:00", "hora_final": "17:00:00"}}, {"model": "administracion.franja", "pk": 14, "fields": {"nombre": "Jueves-17:00-19:00", "dia": 4, "hora_inicio": "17:00:00", "hora_final": "19:00:00"}}, {"model": "administracion.franja", "pk": 15, "fields": {"nombre": "Jueves-19:00-21:00", "dia": 4, "hora_inicio": "19:00:00", "hora_final": "21:00:00"}}, {"model": "administracion.franja", "pk": 16, "fields": {"nombre": "Jueves-18:00-20:00", "dia": 4, "hora_inicio": "18:00:00", "hora_final": "20:00:00"}}, {"model": "administracion.franja", "pk": 17, "fields": {"nombre": "Sabado-09:00-13:00", "dia": 6, "hora_inicio": "09:00:00", "hora_final": "13:00:00"}}, {"model": "administracion.franja", "pk": 18, "fields": {"nombre": "Sabado-14:00-18:00", "dia": 6, "hora_inicio": "14:00:00", "hora_final": "18:00:00"}}, {"model": "administracion.horario", "pk": 1, "fields": {"alias": "Horario 1", "nombre": "15:00-17:00:LU,MA,MC,JU", "franja": [1, 5, 9, 13]}}, {"model": "administracion.horario", "pk": 2, "fields": {"alias": "Horario 2", "nombre": "17:00-19:00:LU,MA,MC,JU", "franja": [2, 6, 10, 14]}}, {"model": "administracion.horario", "pk": 3, "fields": {"alias": "Horario 3", "nombre": "19:00-21:00:LU,MA,MC,JU", "franja": [3, 7, 11, 15]}}, {"model": "administracion.horario", "pk": 4, "fields": {"alias": "Horario 4", "nombre": "18:00-20:00:LU,MA,MC,JU", "franja": [4, 8, 12, 16]}}, {"model": "administracion.horario", "pk": 11, "fields": {"alias": "Semestral Ma\u00f1ana", "nombre": "09:00-13:00:SA", "franja": [17]}}, {"model": "administracion.horario", "pk": 12, "fields": {"alias": "Semestral Tarde", "nombre": "14:00-18:00:SA", "franja": [18]}}, {"model": "administracion.descuento", "pk": 1, "fields": {"nombre": "Estudiante pregrado UNAL", "descripcion": "Estudiante pregrado Universidad Nacional de Colombia", "porcentaje": 50.0, "documentos_requeridos": [2]}}, {"model": "administracion.descuento", "pk": 2, "fields": {"nombre": "Estudiante de posgrado UNAL", "descripcion": "Estudiante de posgrado de la Universidad Nacional de Colombia", "porcentaje": 20.0, "documentos_requeridos": [2]}}, {"model": "administracion.descuento", "pk": 3, "fields": {"nombre": "Egresado de la Universidad Nacional de Colombia", "descripcion": "Egresado de la Universidad Nacional de Colombia", "porcentaje": 20.0, "documentos_requeridos": [9]}}, {"model": "administracion.descuento", "pk": 4, "fields": {"nombre": "Profesor de la UNAL", "descripcion": "Profesor de la Universidad Nacional de Colombia", "porcentaje": 20.0, "documentos_requeridos": [10]}}, {"model": "administracion.descuento", "pk": 5, "fields": {"nombre": "Hijo(a) de pensionado(a) UNAL", "descripcion": "Hijo(a) de pensionado(a) Universidad Nacional de Colombia", "porcentaje": 10.0, "documentos_requeridos": [11, 19]}}, {"model": "administracion.descuento", "pk": 6, "fields": {"nombre": "Hijo(a) de profesor(a) UNAL", "descripcion": "Hijo(a) de profesor(a) de la Universidad Nacional de Colombia", "porcentaje": 10.0, "documentos_requeridos": [10, 19]}}, {"model": "administracion.descuento", "pk": 8, "fields": {"nombre": "Hijo(a) de funcionario(a) UNAL", "descripcion": "Hijo(a) de funcionario(a) de la Universidad Nacional de Colombia", "porcentaje": 10.0, "documentos_requeridos": [10, 19]}}, {"model": "administracion.descuento", "pk": 9, "fields": {"nombre": "Hijo(a) de contratista UNAL", "descripcion": "Hijo(a) de contratista de la Universidad Nacional de Colombia", "porcentaje": 10.0, "documentos_requeridos": [10, 19]}}, {"model": "administracion.descuento", "pk": 10, "fields": {"nombre": "Hijo(a) de estudiante UNAL", "descripcion": "Hijo(a) de estudiante de la Universidad Nacional de Colombia", "porcentaje": 10.0, "documentos_requeridos": [2, 19]}}, {"model": "administracion.descuento", "pk": 11, "fields": {"nombre": "Grupos de 4 o mas personas", "descripcion": "Grupos de 4 o mas personas de una misma empresa a trav\u00e9s de un mismo comprobante de pago", "porcentaje": 10.0, "documentos_requeridos": [13]}}, {"model": "administracion.descuento", "pk": 13, "fields": {"nombre": "Personas que se inscriban en el marco de alianzas", "descripcion": "Personas que se inscriban en el marco de alianzas para el desarrollo de la actividad", "porcentaje": 20.0, "documentos_requeridos": [15]}}, {"model": "administracion.descuento", "pk": 14, "fields": {"nombre": "Adultos mayores", "descripcion": "Personas con 60 o m\u00e1s a\u00f1os de edad cumplidos.", "porcentaje": 10.0, "documentos_requeridos": [20]}}, {"model": "administracion.descuento", "pk": 15, "fields": {"nombre": "Ni\u00f1os y adolescentes", "descripcion": "Personas que no hayan cumplido los 17 a\u00f1os de edad.", "porcentaje": 10.0, "documentos_requeridos": [20]}}, {"model": "administracion.descuento", "pk": 16, "fields": {"nombre": "Personas nivel 1 y 2 de l SISBEN", "descripcion": "Personas nivel 1 y 2 de l SISBEN con puntaje menor a 50.", "porcentaje": 10.0, "documentos_requeridos": [8]}}, {"model": "administracion.descuento", "pk": 17, "fields": {"nombre": "Poblaci\u00f3n en situaci\u00f3n de discapacidad", "descripcion": "Poblaci\u00f3n en situaci\u00f3n de discapacidad", "porcentaje": 10.0, "documentos_requeridos": [16]}}, {"model": "administracion.descuento", "pk": 18, "fields": {"nombre": "Poblaci\u00f3n desplazada", "descripcion": "Poblaci\u00f3n desplazada", "porcentaje": 10.0, "documentos_requeridos": [17]}}, {"model": "administracion.descuento", "pk": 19, "fields": {"nombre": "Estudiantes de otras universidades", "descripcion": "Estudiantes no graduados y que no hayan culminado su plan de estudio en otra universidad diferente a la Universidad Nacional de Colombia.", "porcentaje": 10.0, "documentos_requeridos": [18]}}, {"model": "administracion.descuento", "pk": 20, "fields": {"nombre": "Extranjeros de paises de frontera", "descripcion": "Extranjeros de paises de frontera de la sede de presencia nacional", "porcentaje": 20.0, "documentos_requeridos": [20]}}, {"model": "administracion.descuento", "pk": 21, "fields": {"nombre": "Estudiantes del Colegio IPARM", "descripcion": "Estudiantes del Colegio IPARM", "porcentaje": 50.0, "documentos_requeridos": [2]}}, {"model": "administracion.descuento", "pk": 23, "fields": {"nombre": "Funcionario de la UNAL", "descripcion": "Funcionario de la Universidad Nacionla de Colombia", "porcentaje": 20.0, "documentos_requeridos": [10]}}, {"model": "administracion.descuento", "pk": 24, "fields": {"nombre": "Contratista de la UNAL", "descripcion": "Contratista de la Universidad Nacional de Colombia", "porcentaje": 20.0, "documentos_requeridos": [10]}}, {"model": "administracion.conjuntonotas", "pk": 1, "fields": {"nombre": "Adultos"}}, {"model": "administracion.conjuntonotas", "pk": 2, "fields": {"nombre": "Ni\u00f1os Ingl\u00e9s"}}, {"model": "administracion.conjuntonotas", "pk": 3, "fields": {"nombre": "Preparacionales"}}, {"model": "administracion.conjuntonotas", "pk": 4, "fields": {"nombre": "Ni\u00f1os franc\u00e9s"}}, {"model": "administracion.ofertaacademica", "pk": "01611988-0fa3-422a-acc7-7112a18837af", "fields": {"nombre": "2019SEM2-Chino Mandar\u00edn", "periodo": "8dfd3c2d-ebce-4cc6-b1c4-c79a98a21a0b", "programa": "ad12d85e-cf99-4a6d-a61d-b3484b831093", "tarifa": 611000.0, "descuentos": [1, 2, 3, 4, 5, 6, 8, 9, 10, 11, 13, 14, 15, 16, 17, 18, 19, 20, 21, 23, 24]}}, {"model": "administracion.ofertaacademica", "pk": "157c3968-bd71-4ab6-a2d3-f0c7caf739a0", "fields": {"nombre": "2019BIM3-Espa\u00f1ol Como Lengua Extranjera", "periodo": "a1806baf-5740-4ed1-9300-cdcbb5d6e1b9", "programa": "cae76666-ba26-479e-a422-3fa1dacd8fa2", "tarifa": 611000.0, "descuentos": []}}, {"model": "administracion.ofertaacademica", "pk": "1c18899c-f117-4a6e-8ff5-ec04535450fb", "fields": {"nombre": "2019SEM2-Portugu\u00e9s Adultos", "periodo": "8dfd3c2d-ebce-4cc6-b1c4-c79a98a21a0b", "programa": "89a8c1a1-6474-47da-9b35-91b33f8d4e13", "tarifa": 611000.0, "descuentos": [3, 1, 2, 6, 8, 9, 10, 11, 13, 14, 15, 16, 17, 18, 19, 20, 21, 4, 23, 24, 5]}}, {"model": "administracion.ofertaacademica", "pk": "1c428b48-57ba-457a-b2c6-02c13129095b", "fields": {"nombre": "2019BIM3-Portugu\u00e9s Adultos", "periodo": "a1806baf-5740-4ed1-9300-cdcbb5d6e1b9", "programa": "89a8c1a1-6474-47da-9b35-91b33f8d4e13", "tarifa": 611000.0, "descuentos": [3, 1, 2, 6, 8, 9, 10, 11, 13, 14, 15, 16, 17, 18, 19, 20, 21, 4, 23, 24, 5]}}, {"model": "administracion.ofertaacademica", "pk": "1c4975eb-9093-4203-9ba1-2239129204dd", "fields": {"nombre": "2019SEM2-Franc\u00e9s Adultos", "periodo": "8dfd3c2d-ebce-4cc6-b1c4-c79a98a21a0b", "programa": "585a5fb6-8bb1-4e0c-b2e5-f059462ffea6", "tarifa": 611000.0, "descuentos": [3, 1, 2, 6, 8, 9, 10, 11, 13, 14, 15, 16, 17, 18, 19, 20, 21, 4, 23, 24, 5]}}, {"model": "administracion.ofertaacademica", "pk": "28ed6e15-fb0b-48e4-b88c-9596d5faee4f", "fields": {"nombre": "2019SEM2-Alem\u00e1n Adultos", "periodo": "8dfd3c2d-ebce-4cc6-b1c4-c79a98a21a0b", "programa": "f6107528-f68e-40ac-b426-13da7e580269", "tarifa": 611000.0, "descuentos": [3, 1, 2, 6, 8, 9, 10, 11, 13, 14, 15, 16, 17, 18, 19, 20, 21, 4, 23, 24, 5]}}, {"model": "administracion.ofertaacademica", "pk": "398c130c-7803-45eb-80af-3fc2e9da981d", "fields": {"nombre": "2019BIM3-Alem\u00e1n Adultos", "periodo": "a1806baf-5740-4ed1-9300-cdcbb5d6e1b9", "programa": "f6107528-f68e-40ac-b426-13da7e580269", "tarifa": 611000.0, "descuentos": [3, 1, 2, 6, 8, 9, 10, 11, 13, 14, 15, 16, 17, 18, 19, 20, 21, 4, 23, 24, 5]}}, {"model": "administracion.ofertaacademica", "pk": "43aa357e-f855-4ccd-ac42-062d8c53889d", "fields": {"nombre": "2019SEM2-Ingl\u00e9s Ni\u00f1os", "periodo": "8dfd3c2d-ebce-4cc6-b1c4-c79a98a21a0b", "programa": "6e8fe777-4840-4af3-add4-8e445562f6c0", "tarifa": 611000.0, "descuentos": [15, 21]}}, {"model": "administracion.ofertaacademica", "pk": "49069dd1-4fd0-4e17-967c-8722107679e5", "fields": {"nombre": "2019BIM3-T\u00e9cnicas de Traducci\u00f3n", "periodo": "a1806baf-5740-4ed1-9300-cdcbb5d6e1b9", "programa": "4c042baf-8716-4b6f-95d2-380039d6078d", "tarifa": 611000.0, "descuentos": [1, 2, 3, 4, 5, 6, 8, 9, 10, 11, 13, 14, 15, 16, 17, 18, 19, 20, 21, 23, 24]}}, {"model": "administracion.ofertaacademica", "pk": "4e8d1cf9-b3d9-44fc-8ac1-8066e15f06e9", "fields": {"nombre": "2019BIM3-Franc\u00e9s Adultos", "periodo": "a1806baf-5740-4ed1-9300-cdcbb5d6e1b9", "programa": "585a5fb6-8bb1-4e0c-b2e5-f059462ffea6", "tarifa": 611000.0, "descuentos": [3, 1, 2, 6, 8, 9, 10, 11, 13, 14, 15, 16, 17, 18, 19, 20, 21, 4, 23, 24, 5]}}, {"model": "administracion.ofertaacademica", "pk": "4ff8afed-2242-4ee7-bce5-ca5462d8e90f", "fields": {"nombre": "2019SEM2-Ingl\u00e9s Adultos", "periodo": "8dfd3c2d-ebce-4cc6-b1c4-c79a98a21a0b", "programa": "bf99c2aa-c7b5-46d2-96c8-71ae0c7670e0", "tarifa": 611000.0, "descuentos": [3, 1, 2, 6, 8, 9, 10, 11, 13, 14, 15, 16, 17, 18, 19, 20, 21, 4, 23, 24, 5]}}, {"model": "administracion.ofertaacademica", "pk": "7d59823a-921f-4d08-8807-136d38e33f39", "fields": {"nombre": "2019SEM2-Franc\u00e9s Ni\u00f1os", "periodo": "8dfd3c2d-ebce-4cc6-b1c4-c79a98a21a0b", "programa": "96d0607e-e361-43f6-867c-d49120c68044", "tarifa": 611000.0, "descuentos": [15, 21]}}, {"model": "administracion.ofertaacademica", "pk": "d94f35e3-4c29-4aac-b20a-7c3f892fe50d", "fields": {"nombre": "2019SEM2-Italiano Adultos", "periodo": "8dfd3c2d-ebce-4cc6-b1c4-c79a98a21a0b", "programa": "f22dd780-63f0-4c14-a456-d6790a4dc001", "tarifa": 611000.0, "descuentos": [1, 2, 3, 4, 5, 6, 8, 9, 10, 11, 13, 14, 15, 16, 17, 18, 19, 20, 21, 23, 24]}}, {"model": "administracion.ofertaacademica", "pk": "df19386f-75c6-4e07-8034-2be648d8b502", "fields": {"nombre": "2019BIM3-Ingl\u00e9s Adultos", "periodo": "a1806baf-5740-4ed1-9300-cdcbb5d6e1b9", "programa": "bf99c2aa-c7b5-46d2-96c8-71ae0c7670e0", "tarifa": 611000.0, "descuentos": [3, 1, 2, 6, 8, 9, 10, 11, 13, 14, 15, 16, 17, 18, 19, 20, 21, 4, 23, 24, 5]}}, {"model": "administracion.curso", "pk": "014bc36f-2223-4863-a3e7-bfe506312db8", "fields": {"nombre": "2019BIM3-Ingl\u00e9s Adultos-Ingl\u00e9s 2B", "oferta_academica": "df19386f-75c6-4e07-8034-2be648d8b502", "nivel": "ccc17afc-b247-4cfd-b434-9352ccefe2a9", "conjunto_notas": 1}}, {"model": "administracion.curso", "pk": "0356f3d1-c869-4f1e-9b41-aa7ba50932a5", "fields": {"nombre": "2019SEM2-Franc\u00e9s Adultos-Nivel 6", "oferta_academica": "1c4975eb-9093-4203-9ba1-2239129204dd", "nivel": "bcc5bcf1-02d7-43df-b263-c544e3b683c8", "conjunto_notas": 1}}, {"model": "administracion.curso", "pk": "0792ee86-6dbe-40b8-967b-d9c8c6e1db99", "fields": {"nombre": "2019SEM2-Alem\u00e1n Adultos-Nivel 3", "oferta_academica": "28ed6e15-fb0b-48e4-b88c-9596d5faee4f", "nivel": "3280d2c4-149b-40bf-ac59-a66d1903d34d", "conjunto_notas": 1}}, {"model": "administracion.curso", "pk": "08816823-8d03-46b9-bfaa-f26414f28a75", "fields": {"nombre": "2019BIM3-Franc\u00e9s Adultos-Nivel 1", "oferta_academica": "4e8d1cf9-b3d9-44fc-8ac1-8066e15f06e9", "nivel": "49d83c7e-ea44-4530-80aa-0a83f071e5bb", "conjunto_notas": 1}}, {"model": "administracion.curso", "pk": "0968d120-79e2-4fd5-a74f-16f9d33b59b8", "fields": {"nombre": "2019BIM3-Ingl\u00e9s Adultos-Ingl\u00e9s 3A", "oferta_academica": "df19386f-75c6-4e07-8034-2be648d8b502", "nivel": "557e9a7e-dda1-49e0-8102-ac63732565ef", "conjunto_notas": 1}}, {"model": "administracion.curso", "pk": "0cb342e2-88f1-4008-b076-0684ac5c2e9f", "fields": {"nombre": "2019BIM3-Alem\u00e1n Adultos-Nivel 5", "oferta_academica": "398c130c-7803-45eb-80af-3fc2e9da981d", "nivel": "144e8fa7-4a53-4061-8c97-16dc70e6e553", "conjunto_notas": 1}}, {"model": "administracion.curso", "pk": "0cb63691-e098-41a4-b5a7-41147c10796a", "fields": {"nombre": "2019SEM2-Alem\u00e1n Adultos-Nivel 2", "oferta_academica": "28ed6e15-fb0b-48e4-b88c-9596d5faee4f", "nivel": "d9d3acaf-42af-41f8-844d-4f24a2860827", "conjunto_notas": 1}}, {"model": "administracion.curso", "pk": "0cbe3c00-f8fd-4825-b921-5c51362b4f8c", "fields": {"nombre": "2019SEM2-Ingl\u00e9s Adultos-Ingl\u00e9s 2A", "oferta_academica": "4ff8afed-2242-4ee7-bce5-ca5462d8e90f", "nivel": "7aeb9b6f-e129-4deb-8913-517ec1dd96a3", "conjunto_notas": 1}}, {"model": "administracion.curso", "pk": "0fcc6825-cdf1-4e6a-9cd4-22c4bf833cb8", "fields": {"nombre": "2019BIM3-T\u00e9cnicas de Traducci\u00f3n-Nivel Introductorio", "oferta_academica": "49069dd1-4fd0-4e17-967c-8722107679e5", "nivel": "ba10270a-53b5-460e-a6ad-ccbfacab63ad", "conjunto_notas": 3}}, {"model": "administracion.curso", "pk": "15160165-3e44-4457-8086-fb8f4ec24c82", "fields": {"nombre": "2019BIM3-Ingl\u00e9s Adultos-Ingl\u00e9s 4C", "oferta_academica": "df19386f-75c6-4e07-8034-2be648d8b502", "nivel": "8bf9fbf1-f76a-49fc-be67-3ce0b2444a1c", "conjunto_notas": 1}}, {"model": "administracion.curso", "pk": "16c8b1f0-3407-4a15-bcaa-43a72f7aa5cc", "fields": {"nombre": "2019BIM3-Alem\u00e1n Adultos-Nivel 3", "oferta_academica": "398c130c-7803-45eb-80af-3fc2e9da981d", "nivel": "3280d2c4-149b-40bf-ac59-a66d1903d34d", "conjunto_notas": 1}}, {"model": "administracion.curso", "pk": "17b8a340-abfa-40ac-b8c8-71322a7bb94b", "fields": {"nombre": "2019SEM2-Ingl\u00e9s Adultos-Ingl\u00e9s 3B", "oferta_academica": "4ff8afed-2242-4ee7-bce5-ca5462d8e90f", "nivel": "01549780-03d2-42c1-b09d-785f6791ccbe", "conjunto_notas": 1}}, {"model": "administracion.curso", "pk": "1e5b5c29-3a4f-4bb2-8b87-3e7f7a722bfe", "fields": {"nombre": "2019SEM2-Ingl\u00e9s Ni\u00f1os-NIVEL 12 - ADVENTURERS CHALLENGERS", "oferta_academica": "43aa357e-f855-4ccd-ac42-062d8c53889d", "nivel": "081eae8e-2ac2-4d50-a31d-c5dbbdacb42a", "conjunto_notas": 2}}, {"model": "administracion.curso", "pk": "2027e9b4-fbfb-4f88-a801-bdbc941d00f3", "fields": {"nombre": "2019BIM3-Franc\u00e9s Adultos-Nivel 5", "oferta_academica": "4e8d1cf9-b3d9-44fc-8ac1-8066e15f06e9", "nivel": "71998bdf-d2e6-4909-a1bb-d16473200f85", "conjunto_notas": 1}}, {"model": "administracion.curso", "pk": "21c4c8a9-71f6-421c-b085-b95001322954", "fields": {"nombre": "2019SEM2-Ingl\u00e9s Adultos-Ingl\u00e9s 4C", "oferta_academica": "4ff8afed-2242-4ee7-bce5-ca5462d8e90f", "nivel": "8bf9fbf1-f76a-49fc-be67-3ce0b2444a1c", "conjunto_notas": 1}}, {"model": "administracion.curso", "pk": "21f64802-d28b-484b-9f9c-f2b5f5337a96", "fields": {"nombre": "2019BIM3-Alem\u00e1n Adultos-Nivel 2", "oferta_academica": "398c130c-7803-45eb-80af-3fc2e9da981d", "nivel": "d9d3acaf-42af-41f8-844d-4f24a2860827", "conjunto_notas": 1}}, {"model": "administracion.curso", "pk": "21fa3688-726f-467d-b738-a65cf242b271", "fields": {"nombre": "2019SEM2-Ingl\u00e9s Ni\u00f1os-NIVEL 10 - ADVENTURERS PUSHERS", "oferta_academica": "43aa357e-f855-4ccd-ac42-062d8c53889d", "nivel": "9161f9e6-c81c-483a-bb9d-4cc271fc1cb6", "conjunto_notas": 2}}, {"model": "administracion.curso", "pk": "22abaf3e-eacf-496a-95e1-340ac90e9ec0", "fields": {"nombre": "2019SEM2-Ingl\u00e9s Adultos-Ingl\u00e9s 1A", "oferta_academica": "4ff8afed-2242-4ee7-bce5-ca5462d8e90f", "nivel": "87c0648a-555e-4c67-90fa-4c32262d86a8", "conjunto_notas": 1}}, {"model": "administracion.curso", "pk": "25991054-6819-46d2-831c-8687242752e9", "fields": {"nombre": "2019SEM2-Ingl\u00e9s Adultos-Ingl\u00e9s 1B", "oferta_academica": "4ff8afed-2242-4ee7-bce5-ca5462d8e90f", "nivel": "320257e6-a0dc-4d74-b905-6d7304db9f92", "conjunto_notas": 1}}, {"model": "administracion.curso", "pk": "2b3d84e4-998c-4d7b-b406-246daff94d62", "fields": {"nombre": "2019SEM2-Portugu\u00e9s Adultos-Nivel 1", "oferta_academica": "1c18899c-f117-4a6e-8ff5-ec04535450fb", "nivel": "615f2d6d-5bd5-4a19-9777-ec74a2a84918", "conjunto_notas": 1}}, {"model": "administracion.curso", "pk": "2d157c7c-f4f7-4541-9be8-31f83053fa6c", "fields": {"nombre": "2019BIM3-Ingl\u00e9s Adultos-Ingl\u00e9s 2A", "oferta_academica": "df19386f-75c6-4e07-8034-2be648d8b502", "nivel": "7aeb9b6f-e129-4deb-8913-517ec1dd96a3", "conjunto_notas": 1}}, {"model": "administracion.curso", "pk": "31870710-b8d6-429d-b954-22db9e0e2ced", "fields": {"nombre": "2019BIM3-T\u00e9cnicas de Traducci\u00f3n-Textos Cient\u00edficos", "oferta_academica": "49069dd1-4fd0-4e17-967c-8722107679e5", "nivel": "b8b27371-4c18-4749-ba82-6c939f592a58", "conjunto_notas": 3}}, {"model": "administracion.curso", "pk": "3262f1e3-f3a1-475a-a954-ccf25b104d1f", "fields": {"nombre": "2019SEM2-Franc\u00e9s Ni\u00f1os-NIVEL 1 - EXPLORATEURS APPRENTIS", "oferta_academica": "7d59823a-921f-4d08-8807-136d38e33f39", "nivel": "0275e599-ef87-4a9a-9316-d0fe9cc8bf59", "conjunto_notas": 4}}, {"model": "administracion.curso", "pk": "3a9ed367-823c-49e7-bf09-9e0f0e19f90d", "fields": {"nombre": "2019SEM2-Ingl\u00e9s Adultos-Ingl\u00e9s 4B", "oferta_academica": "4ff8afed-2242-4ee7-bce5-ca5462d8e90f", "nivel": "d0c956a1-cec6-4c0e-a09f-b9142a3e7d57", "conjunto_notas": 1}}, {"model": "administracion.curso", "pk": "3fa928c1-1c1e-4ae3-bb43-e08ecaa02959", "fields": {"nombre": "2019SEM2-Ingl\u00e9s Ni\u00f1os-NIVEL 8 - BUILDERS FIGHTERS", "oferta_academica": "43aa357e-f855-4ccd-ac42-062d8c53889d", "nivel": "d021d3d6-a311-4aec-99c9-65bf52cea2e6", "conjunto_notas": 2}}, {"model": "administracion.curso", "pk": "40bde1e7-417c-4bde-ad79-e640435c933e", "fields": {"nombre": "2019SEM2-Italiano Adultos-Nivel 2", "oferta_academica": "d94f35e3-4c29-4aac-b20a-7c3f892fe50d", "nivel": "ae8ccc24-9c2d-46b3-b222-84ed23f737b6", "conjunto_notas": 1}}, {"model": "administracion.curso", "pk": "422055b1-04f6-4c62-a59c-381f57fdfba3", "fields": {"nombre": "2019BIM3-Ingl\u00e9s Adultos-Ingl\u00e9s 1C", "oferta_academica": "df19386f-75c6-4e07-8034-2be648d8b502", "nivel": "4d371fed-a654-41e1-b5e8-cdf2fc808862", "conjunto_notas": 1}}, {"model": "administracion.curso", "pk": "42e79f5a-40b6-4d5e-9a58-682e05cb1083", "fields": {"nombre": "2019SEM2-Ingl\u00e9s Ni\u00f1os-NIVEL 1 - EXPLORERS PUSHERS", "oferta_academica": "43aa357e-f855-4ccd-ac42-062d8c53889d", "nivel": "914406f3-eaa8-4cbc-a6eb-4c91507ba321", "conjunto_notas": 2}}, {"model": "administracion.curso", "pk": "4594c491-e980-4bba-bd4f-bccb05a3f6e2", "fields": {"nombre": "2019SEM2-Ingl\u00e9s Ni\u00f1os-NIVEL 6 - SEEKERS CHALLENGERS", "oferta_academica": "43aa357e-f855-4ccd-ac42-062d8c53889d", "nivel": "ba3bf48f-39fa-4758-8cdb-d965153bbe75", "conjunto_notas": 2}}, {"model": "administracion.curso", "pk": "4770357c-149f-4a61-90b6-0569a0e8baf3", "fields": {"nombre": "2019SEM2-Franc\u00e9s Ni\u00f1os-NIVEL 2 - EXPLORATEURS D\u00c9BRUILLARDS", "oferta_academica": "7d59823a-921f-4d08-8807-136d38e33f39", "nivel": "aa72cf58-c58f-41d8-a7bc-46863bae8db2", "conjunto_notas": 4}}, {"model": "administracion.curso", "pk": "47be80c7-1562-44bf-b4aa-d32f9296bfe7", "fields": {"nombre": "2019SEM2-Ingl\u00e9s Adultos-Ingl\u00e9s 3C", "oferta_academica": "4ff8afed-2242-4ee7-bce5-ca5462d8e90f", "nivel": "b3110d81-3cf1-4824-b9d7-bfc22ba24c64", "conjunto_notas": 1}}, {"model": "administracion.curso", "pk": "496f11fe-3b2f-4ce4-815b-ca4d97d5d1da", "fields": {"nombre": "2019SEM2-Franc\u00e9s Ni\u00f1os-NIVEL 3 - EXPLORATEURS EXPERTS", "oferta_academica": "7d59823a-921f-4d08-8807-136d38e33f39", "nivel": "183c0d3f-ea9a-4eb4-b348-e6bb8f4e3d8f", "conjunto_notas": 4}}, {"model": "administracion.curso", "pk": "4a8de003-5c3b-4cf6-aedb-9be457b7aba5", "fields": {"nombre": "2019BIM3-Espa\u00f1ol Como Lengua Extranjera-Nivel 4", "oferta_academica": "157c3968-bd71-4ab6-a2d3-f0c7caf739a0", "nivel": "ce115817-b623-49b7-bb63-3fb96e1d1e23", "conjunto_notas": 1}}, {"model": "administracion.curso", "pk": "4e4e7db5-c7e8-4408-965c-088d988d0f70", "fields": {"nombre": "2019SEM2-Ingl\u00e9s Adultos-Ingl\u00e9s 1C", "oferta_academica": "4ff8afed-2242-4ee7-bce5-ca5462d8e90f", "nivel": "4d371fed-a654-41e1-b5e8-cdf2fc808862", "conjunto_notas": 1}}, {"model": "administracion.curso", "pk": "4ffb3af5-868b-464d-b6f5-d32e5abf3ea4", "fields": {"nombre": "2019SEM2-Franc\u00e9s Ni\u00f1os-NIVEL 6 - CHERCHEURS EXPERTS", "oferta_academica": "7d59823a-921f-4d08-8807-136d38e33f39", "nivel": "743b45a4-d949-4d0d-9ae5-d003a9e84780", "conjunto_notas": 4}}, {"model": "administracion.curso", "pk": "5007fec8-8da3-401f-bfdc-6b14c086fc34", "fields": {"nombre": "2019SEM2-Franc\u00e9s Ni\u00f1os-NIVEL 5 - CHERCHEURS DEBRUILLARDS", "oferta_academica": "7d59823a-921f-4d08-8807-136d38e33f39", "nivel": "e73d9bf2-3a70-4006-b2c4-f33d15a20917", "conjunto_notas": 4}}, {"model": "administracion.curso", "pk": "5088b279-902c-4ca2-9002-bb287cedc3ba", "fields": {"nombre": "2019SEM2-Alem\u00e1n Adultos-Nivel 6", "oferta_academica": "28ed6e15-fb0b-48e4-b88c-9596d5faee4f", "nivel": "38c2a5cf-f9eb-4575-b0b2-c0b6b29a3a76", "conjunto_notas": 1}}, {"model": "administracion.curso", "pk": "53cbd16a-151a-42c3-a7b5-3eb1432792e6", "fields": {"nombre": "2019SEM2-Ingl\u00e9s Ni\u00f1os-NIVEL 9 - BUILDERS CHALLENGERS", "oferta_academica": "43aa357e-f855-4ccd-ac42-062d8c53889d", "nivel": "2aa63aa1-5707-4f79-982a-eec9861435cb", "conjunto_notas": 2}}, {"model": "administracion.curso", "pk": "56365a0d-fe87-40ac-a91d-6ab5b3ae1644", "fields": {"nombre": "2019SEM2-Ingl\u00e9s Ni\u00f1os-NIVEL 2 - EXPLORERS FIGHTERS", "oferta_academica": "43aa357e-f855-4ccd-ac42-062d8c53889d", "nivel": "07f3c714-7adb-4db0-bd43-3720621e8442", "conjunto_notas": 2}}, {"model": "administracion.curso", "pk": "5c6fefcb-ea87-407e-b49f-d3f0dc86fb74", "fields": {"nombre": "2019BIM3-Alem\u00e1n Adultos-Nivel 4", "oferta_academica": "398c130c-7803-45eb-80af-3fc2e9da981d", "nivel": "c82f55c1-7e95-41cb-9916-f60e103ce79a", "conjunto_notas": 1}}, {"model": "administracion.curso", "pk": "5cfa1aef-767c-4cea-aeb1-d44482b711cc", "fields": {"nombre": "2019SEM2-Italiano Adultos-Nivel 3", "oferta_academica": "d94f35e3-4c29-4aac-b20a-7c3f892fe50d", "nivel": "6b2dbbd9-9f1a-44e7-b21b-29ef93ee11e4", "conjunto_notas": 1}}, {"model": "administracion.curso", "pk": "5d03a016-8eb9-4664-8e21-267531af33ba", "fields": {"nombre": "2019BIM3-Espa\u00f1ol Como Lengua Extranjera-Nivel 2", "oferta_academica": "157c3968-bd71-4ab6-a2d3-f0c7caf739a0", "nivel": "000c2841-649e-4238-a5b7-5fdd95de8964", "conjunto_notas": 1}}, {"model": "administracion.curso", "pk": "5d9afa7d-49f4-447d-beaf-b85efb0b4dde", "fields": {"nombre": "2019SEM2-Franc\u00e9s Adultos-Nivel 3", "oferta_academica": "1c4975eb-9093-4203-9ba1-2239129204dd", "nivel": "c538fe6f-488e-4935-82db-431a728dc188", "conjunto_notas": 1}}, {"model": "administracion.curso", "pk": "627cb077-066b-492e-a25b-dd14c54d75f9", "fields": {"nombre": "2019BIM3-Ingl\u00e9s Adultos-Ingl\u00e9s 4B", "oferta_academica": "df19386f-75c6-4e07-8034-2be648d8b502", "nivel": "d0c956a1-cec6-4c0e-a09f-b9142a3e7d57", "conjunto_notas": 1}}, {"model": "administracion.curso", "pk": "64c55560-c3da-4cbc-95d0-463e849d6099", "fields": {"nombre": "2019SEM2-Franc\u00e9s Adultos-Nivel 2", "oferta_academica": "1c4975eb-9093-4203-9ba1-2239129204dd", "nivel": "8a7b59fb-3029-4b4c-806b-edba01d59d26", "conjunto_notas": 1}}, {"model": "administracion.curso", "pk": "653bf0ec-4eaf-482e-a736-46e57b135837", "fields": {"nombre": "2019SEM2-Ingl\u00e9s Adultos-Ingl\u00e9s 2C", "oferta_academica": "4ff8afed-2242-4ee7-bce5-ca5462d8e90f", "nivel": "daf1b7a3-beec-4f68-9dfe-a1bcb70716fa", "conjunto_notas": 1}}, {"model": "administracion.curso", "pk": "6fc43269-c8f0-4acc-bcee-ebec2278303a", "fields": {"nombre": "2019BIM3-Ingl\u00e9s Adultos-Ingl\u00e9s 4A", "oferta_academica": "df19386f-75c6-4e07-8034-2be648d8b502", "nivel": "82c3cbd5-7075-4888-aa07-5a9a1cf2c061", "conjunto_notas": 1}}, {"model": "administracion.curso", "pk": "7c148bdc-104d-481e-97ab-5800aff4fb75", "fields": {"nombre": "2019BIM3-Alem\u00e1n Adultos-Nivel 8", "oferta_academica": "398c130c-7803-45eb-80af-3fc2e9da981d", "nivel": "f7258243-5711-4633-aca5-9742764bd6dc", "conjunto_notas": 1}}, {"model": "administracion.curso", "pk": "7fe94deb-51e3-4b68-a635-f53f5535300b", "fields": {"nombre": "2019SEM2-Ingl\u00e9s Ni\u00f1os-NIVEL 13 - CONVERSATION 1", "oferta_academica": "43aa357e-f855-4ccd-ac42-062d8c53889d", "nivel": "7b2a0f66-44fb-41d2-8494-8f8fa45ccc7f", "conjunto_notas": 2}}, {"model": "administracion.curso", "pk": "8144ad93-0c37-4191-b97b-a57b94d91c33", "fields": {"nombre": "2019BIM3-Alem\u00e1n Adultos-Nivel 1", "oferta_academica": "398c130c-7803-45eb-80af-3fc2e9da981d", "nivel": "95c36adb-4936-4898-8e68-536147e29ff7", "conjunto_notas": 1}}, {"model": "administracion.curso", "pk": "8832b013-28b9-49ab-a36b-0e69e0cc3592", "fields": {"nombre": "2019SEM2-Alem\u00e1n Adultos-Nivel 5", "oferta_academica": "28ed6e15-fb0b-48e4-b88c-9596d5faee4f", "nivel": "144e8fa7-4a53-4061-8c97-16dc70e6e553", "conjunto_notas": 1}}, {"model": "administracion.curso", "pk": "8d84f2d0-6b9e-4e77-86c1-a68bfdbbefdd", "fields": {"nombre": "2019SEM2-Franc\u00e9s Adultos-Nivel 4", "oferta_academica": "1c4975eb-9093-4203-9ba1-2239129204dd", "nivel": "693d70de-2cea-4297-bd64-480f69660ddb", "conjunto_notas": 1}}, {"model": "administracion.curso", "pk": "8f0329df-3ae6-416b-bb7a-d81e76ea6f4a", "fields": {"nombre": "2019SEM2-Chino Mandar\u00edn-Nivel 1", "oferta_academica": "01611988-0fa3-422a-acc7-7112a18837af", "nivel": "76cc5914-bc2b-4f66-92d4-a8e5a44452e6", "conjunto_notas": 1}}, {"model": "administracion.curso", "pk": "92519d66-e2f0-420b-a41b-0aeae0cdb29f", "fields": {"nombre": "2019SEM2-Franc\u00e9s Ni\u00f1os-NIVEL 8 - BRICOLEURS D\u00c9BRUILLARDS", "oferta_academica": "7d59823a-921f-4d08-8807-136d38e33f39", "nivel": "1521b703-3bce-4b70-8b41-9f2823e62422", "conjunto_notas": 4}}, {"model": "administracion.curso", "pk": "93bce679-040c-417d-b0df-929b4e0a6b13", "fields": {"nombre": "2019SEM2-Ingl\u00e9s Adultos-Ingl\u00e9s 3A", "oferta_academica": "4ff8afed-2242-4ee7-bce5-ca5462d8e90f", "nivel": "557e9a7e-dda1-49e0-8102-ac63732565ef", "conjunto_notas": 1}}, {"model": "administracion.curso", "pk": "9471f5f3-64d4-469d-a71d-b2ff2de99dcc", "fields": {"nombre": "2019SEM2-Italiano Adultos-Nivel 4", "oferta_academica": "d94f35e3-4c29-4aac-b20a-7c3f892fe50d", "nivel": "fbcb0dd5-d89f-4d9f-8215-282a2f1c4052", "conjunto_notas": 1}}, {"model": "administracion.curso", "pk": "9475d14a-004b-412a-9557-3a29017eed7f", "fields": {"nombre": "2019SEM2-Alem\u00e1n Adultos-Nivel 4", "oferta_academica": "28ed6e15-fb0b-48e4-b88c-9596d5faee4f", "nivel": "c82f55c1-7e95-41cb-9916-f60e103ce79a", "conjunto_notas": 1}}, {"model": "administracion.curso", "pk": "95259016-f07c-4987-835d-3dcfdf0a98c7", "fields": {"nombre": "2019SEM2-Franc\u00e9s Ni\u00f1os-NIVEL 10 - AVENTURIERS APPRENTIS", "oferta_academica": "7d59823a-921f-4d08-8807-136d38e33f39", "nivel": "71665c3c-0c22-4553-b4cf-3c346995d166", "conjunto_notas": 4}}, {"model": "administracion.curso", "pk": "955ab848-a834-403d-a878-7575dd375abb", "fields": {"nombre": "2019SEM2-Ingl\u00e9s Adultos-Ingl\u00e9s 2B", "oferta_academica": "4ff8afed-2242-4ee7-bce5-ca5462d8e90f", "nivel": "ccc17afc-b247-4cfd-b434-9352ccefe2a9", "conjunto_notas": 1}}, {"model": "administracion.curso", "pk": "96ed37ad-3e7d-4da7-a5e4-ef949cf6468d", "fields": {"nombre": "2019BIM3-Ingl\u00e9s Adultos-Ingl\u00e9s 1A", "oferta_academica": "df19386f-75c6-4e07-8034-2be648d8b502", "nivel": "87c0648a-555e-4c67-90fa-4c32262d86a8", "conjunto_notas": 1}}, {"model": "administracion.curso", "pk": "9c3cff24-7365-4ad8-bce2-2610a0b7496d", "fields": {"nombre": "2019SEM2-Franc\u00e9s Adultos-Nivel 1", "oferta_academica": "1c4975eb-9093-4203-9ba1-2239129204dd", "nivel": "49d83c7e-ea44-4530-80aa-0a83f071e5bb", "conjunto_notas": 1}}, {"model": "administracion.curso", "pk": "9d40e627-7a47-4237-9ce8-f6be8e320d1d", "fields": {"nombre": "2019SEM2-Italiano Adultos-Nivel 1", "oferta_academica": "d94f35e3-4c29-4aac-b20a-7c3f892fe50d", "nivel": "321241d0-2295-4730-8455-ffe1ecffef4a", "conjunto_notas": 1}}, {"model": "administracion.curso", "pk": "a154b7e5-e741-45eb-ad75-1e877af4b558", "fields": {"nombre": "2019SEM2-Portugu\u00e9s Adultos-Nivel 2", "oferta_academica": "1c18899c-f117-4a6e-8ff5-ec04535450fb", "nivel": "5ecfd142-3858-4e7d-8eb4-e5574503331a", "conjunto_notas": 1}}, {"model": "administracion.curso", "pk": "a2edac76-8c0b-4d1e-9745-2daf76ddd427", "fields": {"nombre": "2019BIM3-Franc\u00e9s Adultos-Nivel 4", "oferta_academica": "4e8d1cf9-b3d9-44fc-8ac1-8066e15f06e9", "nivel": "693d70de-2cea-4297-bd64-480f69660ddb", "conjunto_notas": 1}}, {"model": "administracion.curso", "pk": "a60262f3-44d4-43a7-969a-c20cfb48c6bb", "fields": {"nombre": "2019SEM2-Franc\u00e9s Ni\u00f1os-NIVEL 7 - BRICOLEURS APPRENTIS", "oferta_academica": "7d59823a-921f-4d08-8807-136d38e33f39", "nivel": "a288bbe0-680c-4d35-a0c7-80b7ff600f75", "conjunto_notas": 4}}, {"model": "administracion.curso", "pk": "a82363ca-1a0e-4de3-addc-9ab35d5f67d2", "fields": {"nombre": "2019BIM3-Espa\u00f1ol Como Lengua Extranjera-Nivel 1", "oferta_academica": "157c3968-bd71-4ab6-a2d3-f0c7caf739a0", "nivel": "7100261d-e447-4215-adf4-bc3f7014e675", "conjunto_notas": 1}}, {"model": "administracion.curso", "pk": "acede892-6c92-4ef6-9665-957fe01e4b24", "fields": {"nombre": "2019SEM2-Portugu\u00e9s Adultos-Nivel 4", "oferta_academica": "1c18899c-f117-4a6e-8ff5-ec04535450fb", "nivel": "c0f25aa6-7213-41d1-8322-53bff0c957e2", "conjunto_notas": 1}}, {"model": "administracion.curso", "pk": "b46b227d-1f7e-43b5-acc8-f46a64f82365", "fields": {"nombre": "2019BIM3-Alem\u00e1n Adultos-Nivel 7", "oferta_academica": "398c130c-7803-45eb-80af-3fc2e9da981d", "nivel": "56ce6bab-be82-4aa7-97cc-8677684ac166", "conjunto_notas": 1}}, {"model": "administracion.curso", "pk": "b816934c-71e8-4d59-bbed-5704dc8f8b5e", "fields": {"nombre": "2019SEM2-Franc\u00e9s Ni\u00f1os-NIVEL 4 - CHERCHEURS APPRENTIS", "oferta_academica": "7d59823a-921f-4d08-8807-136d38e33f39", "nivel": "6e0b7bd4-5206-414b-b143-f22c9a418da6", "conjunto_notas": 4}}, {"model": "administracion.curso", "pk": "bab2bcc9-3996-4b51-bd87-d7ff3ff3f52d", "fields": {"nombre": "2019BIM3-Portugu\u00e9s Adultos-Nivel 1", "oferta_academica": "1c428b48-57ba-457a-b2c6-02c13129095b", "nivel": "615f2d6d-5bd5-4a19-9777-ec74a2a84918", "conjunto_notas": 1}}, {"model": "administracion.curso", "pk": "bc0f35d2-9f7d-404c-b7e3-84d70003b8d0", "fields": {"nombre": "2019BIM3-Franc\u00e9s Adultos-Nivel 8", "oferta_academica": "4e8d1cf9-b3d9-44fc-8ac1-8066e15f06e9", "nivel": "89884cd0-8563-4c89-b172-c2742149f3d3", "conjunto_notas": 1}}, {"model": "administracion.curso", "pk": "bcd38b6d-6697-4949-86c5-391c73d6348a", "fields": {"nombre": "2019SEM2-Chino Mandar\u00edn-Nivel 2", "oferta_academica": "01611988-0fa3-422a-acc7-7112a18837af", "nivel": "22781d90-e632-4eeb-9908-d970890c9cdf", "conjunto_notas": 1}}, {"model": "administracion.curso", "pk": "bd5f53e0-0eda-4bde-a1fc-5d75d0a0b689", "fields": {"nombre": "2019BIM3-Portugu\u00e9s Adultos-Nivel 3", "oferta_academica": "1c428b48-57ba-457a-b2c6-02c13129095b", "nivel": "f6a78744-879c-4bb0-80ce-3bfc109f651e", "conjunto_notas": 1}}, {"model": "administracion.curso", "pk": "c0bc9c98-46bb-4b6e-bc00-c8bd8739ea09", "fields": {"nombre": "2019BIM3-Alem\u00e1n Adultos-Nivel 6", "oferta_academica": "398c130c-7803-45eb-80af-3fc2e9da981d", "nivel": "38c2a5cf-f9eb-4575-b0b2-c0b6b29a3a76", "conjunto_notas": 1}}, {"model": "administracion.curso", "pk": "c42b2e42-f3bd-4803-ae93-847eedeeed0d", "fields": {"nombre": "2019SEM2-Ingl\u00e9s Ni\u00f1os-NIVEL 5 - SEEKERS FIGHTERS", "oferta_academica": "43aa357e-f855-4ccd-ac42-062d8c53889d", "nivel": "7db0d409-7d45-468a-b9d0-db27ed56293d", "conjunto_notas": 2}}, {"model": "administracion.curso", "pk": "c60f4002-71a7-4667-9a26-0efc2bcf959d", "fields": {"nombre": "2019SEM2-Ingl\u00e9s Ni\u00f1os-NIVEL 7 - BUILDERS PUSHERS", "oferta_academica": "43aa357e-f855-4ccd-ac42-062d8c53889d", "nivel": "443df6e7-aef2-4250-813b-73c35d21e5ed", "conjunto_notas": 2}}, {"model": "administracion.curso", "pk": "c73d8cc3-44ef-42ad-a7c6-9f21792cfcca", "fields": {"nombre": "2019BIM3-Ingl\u00e9s Adultos-Ingl\u00e9s 3B", "oferta_academica": "df19386f-75c6-4e07-8034-2be648d8b502", "nivel": "01549780-03d2-42c1-b09d-785f6791ccbe", "conjunto_notas": 1}}, {"model": "administracion.curso", "pk": "c88f296a-d96a-44f5-aa86-9df5b02b8286", "fields": {"nombre": "2019SEM2-Ingl\u00e9s Adultos-Ingl\u00e9s 4A", "oferta_academica": "4ff8afed-2242-4ee7-bce5-ca5462d8e90f", "nivel": "82c3cbd5-7075-4888-aa07-5a9a1cf2c061", "conjunto_notas": 1}}, {"model": "administracion.curso", "pk": "c8df84a3-8e35-4640-a3c0-4850ebefebc5", "fields": {"nombre": "2019SEM2-Franc\u00e9s Adultos-Nivel 7", "oferta_academica": "1c4975eb-9093-4203-9ba1-2239129204dd", "nivel": "a67f384b-dea2-43be-950e-f16a99c650e8", "conjunto_notas": 1}}, {"model": "administracion.curso", "pk": "cbae15c4-a40a-4ff7-a5cb-af8e4c0e240b", "fields": {"nombre": "2019SEM2-Alem\u00e1n Adultos-Nivel 11", "oferta_academica": "28ed6e15-fb0b-48e4-b88c-9596d5faee4f", "nivel": "2452fb02-86dd-424a-b6d6-82ee6107621e", "conjunto_notas": 1}}, {"model": "administracion.curso", "pk": "d63b2fba-d1aa-4030-b9e4-62a86e157832", "fields": {"nombre": "2019SEM2-Ingl\u00e9s Ni\u00f1os-NIVEL 4 - SEEKERS PUSHERS", "oferta_academica": "43aa357e-f855-4ccd-ac42-062d8c53889d", "nivel": "fceba973-18da-44a9-b0cd-062940be7921", "conjunto_notas": 2}}, {"model": "administracion.curso", "pk": "d766a0b6-b350-40ff-a1bf-22da2587ce6e", "fields": {"nombre": "2019SEM2-Alem\u00e1n Adultos-Nivel 1", "oferta_academica": "28ed6e15-fb0b-48e4-b88c-9596d5faee4f", "nivel": "95c36adb-4936-4898-8e68-536147e29ff7", "conjunto_notas": 1}}, {"model": "administracion.curso", "pk": "d7872ddc-b3eb-4099-b395-8e02280ad146", "fields": {"nombre": "2019SEM2-Ingl\u00e9s Ni\u00f1os-NIVEL 14 - CONVERSATION 2", "oferta_academica": "43aa357e-f855-4ccd-ac42-062d8c53889d", "nivel": "1eac616b-9b1c-4c69-a7de-c0470788d561", "conjunto_notas": 2}}, {"model": "administracion.curso", "pk": "d9404881-e011-4437-bd2f-043b19ae4883", "fields": {"nombre": "2019BIM3-Franc\u00e9s Adultos-Nivel 2", "oferta_academica": "4e8d1cf9-b3d9-44fc-8ac1-8066e15f06e9", "nivel": "8a7b59fb-3029-4b4c-806b-edba01d59d26", "conjunto_notas": 1}}, {"model": "administracion.curso", "pk": "dc0a295a-de10-407d-83d5-6cf0748dcbb4", "fields": {"nombre": "2019BIM3-Espa\u00f1ol Como Lengua Extranjera-Nivel 3", "oferta_academica": "157c3968-bd71-4ab6-a2d3-f0c7caf739a0", "nivel": "df340cbe-bee4-4a4b-8500-57021e3244c4", "conjunto_notas": 1}}, {"model": "administracion.curso", "pk": "de1364a7-c5cf-483d-9cb5-16eaad4dbce8", "fields": {"nombre": "2019SEM2-Ingl\u00e9s Ni\u00f1os-NIVEL 11 - ADVENTURERS FIGHTERS", "oferta_academica": "43aa357e-f855-4ccd-ac42-062d8c53889d", "nivel": "e2ef56b0-2fd4-4110-a5b4-1dac954c92a7", "conjunto_notas": 2}}, {"model": "administracion.curso", "pk": "e70f411d-274b-45fd-86e4-1f2f5d30e898", "fields": {"nombre": "2019BIM3-Franc\u00e9s Adultos-Nivel 6", "oferta_academica": "4e8d1cf9-b3d9-44fc-8ac1-8066e15f06e9", "nivel": "bcc5bcf1-02d7-43df-b263-c544e3b683c8", "conjunto_notas": 1}}, {"model": "administracion.curso", "pk": "ec9e9a3b-136f-4ad4-83f2-ae1a77620448", "fields": {"nombre": "2019BIM3-Portugu\u00e9s Adultos-Nivel 5", "oferta_academica": "1c428b48-57ba-457a-b2c6-02c13129095b", "nivel": "2247aab2-5c3c-4cea-a529-f4e3dac3e5fe", "conjunto_notas": 1}}, {"model": "administracion.curso", "pk": "ed9613d5-1a68-4bdb-a4f6-88395d856a37", "fields": {"nombre": "2019BIM3-Franc\u00e9s Adultos-Nivel 7", "oferta_academica": "4e8d1cf9-b3d9-44fc-8ac1-8066e15f06e9", "nivel": "a67f384b-dea2-43be-950e-f16a99c650e8", "conjunto_notas": 1}}, {"model": "administracion.curso", "pk": "ef8211d4-e2b5-40b7-a5e5-ddf63b07c83f", "fields": {"nombre": "2019SEM2-Alem\u00e1n Adultos-Nivel 7", "oferta_academica": "28ed6e15-fb0b-48e4-b88c-9596d5faee4f", "nivel": "56ce6bab-be82-4aa7-97cc-8677684ac166", "conjunto_notas": 1}}, {"model": "administracion.curso", "pk": "f4591518-db54-40b5-84bb-63491008f0d5", "fields": {"nombre": "2019SEM2-Portugu\u00e9s Adultos-Nivel 3", "oferta_academica": "1c18899c-f117-4a6e-8ff5-ec04535450fb", "nivel": "f6a78744-879c-4bb0-80ce-3bfc109f651e", "conjunto_notas": 1}}, {"model": "administracion.curso", "pk": "f56c3ce7-482c-47ee-a5c5-7ef75f16591d", "fields": {"nombre": "2019BIM3-Franc\u00e9s Adultos-Nivel 3", "oferta_academica": "4e8d1cf9-b3d9-44fc-8ac1-8066e15f06e9", "nivel": "c538fe6f-488e-4935-82db-431a728dc188", "conjunto_notas": 1}}, {"model": "administracion.curso", "pk": "f59f9f92-7680-4d79-a08a-58d4429375fc", "fields": {"nombre": "2019SEM2-Franc\u00e9s Ni\u00f1os-NIVEL 9 -  BRICOLEURS EXPERTS", "oferta_academica": "7d59823a-921f-4d08-8807-136d38e33f39", "nivel": "a691ad1f-e767-4144-8839-bcd94d66d271", "conjunto_notas": 4}}, {"model": "administracion.curso", "pk": "f5e4d197-22cd-4079-8732-48ade34c7856", "fields": {"nombre": "2019BIM3-Ingl\u00e9s Adultos-Ingl\u00e9s 1B", "oferta_academica": "df19386f-75c6-4e07-8034-2be648d8b502", "nivel": "320257e6-a0dc-4d74-b905-6d7304db9f92", "conjunto_notas": 1}}, {"model": "administracion.curso", "pk": "f6650cc4-728b-46b7-b435-9150f200439b", "fields": {"nombre": "2019BIM3-Alem\u00e1n Adultos-Nivel 9", "oferta_academica": "398c130c-7803-45eb-80af-3fc2e9da981d", "nivel": "80b58c91-3298-431f-8c3d-dbd6e83863c8", "conjunto_notas": 1}}, {"model": "administracion.curso", "pk": "f82308e8-2297-4cb7-aada-3a636c6dc87b", "fields": {"nombre": "2019BIM3-Ingl\u00e9s Adultos-Ingl\u00e9s 2C", "oferta_academica": "df19386f-75c6-4e07-8034-2be648d8b502", "nivel": "daf1b7a3-beec-4f68-9dfe-a1bcb70716fa", "conjunto_notas": 1}}, {"model": "administracion.curso", "pk": "f82d7a98-f700-44ad-bd72-180fd9dff48e", "fields": {"nombre": "2019BIM3-Portugu\u00e9s Adultos-Nivel 2", "oferta_academica": "1c428b48-57ba-457a-b2c6-02c13129095b", "nivel": "5ecfd142-3858-4e7d-8eb4-e5574503331a", "conjunto_notas": 1}}, {"model": "administracion.curso", "pk": "f956931a-9047-4565-99dc-3c6f6c5eda10", "fields": {"nombre": "2019SEM2-Ingl\u00e9s Ni\u00f1os-NIVEL 3 - EXPLORERS CHALLENGERS", "oferta_academica": "43aa357e-f855-4ccd-ac42-062d8c53889d", "nivel": "cc49b59a-8774-469b-93d7-4f7a8419e848", "conjunto_notas": 2}}, {"model": "administracion.curso", "pk": "fac94619-14b3-401c-ac14-ee20e40418b3", "fields": {"nombre": "2019SEM2-Franc\u00e9s Adultos-Nivel 5", "oferta_academica": "1c4975eb-9093-4203-9ba1-2239129204dd", "nivel": "71998bdf-d2e6-4909-a1bb-d16473200f85", "conjunto_notas": 1}}, {"model": "administracion.curso", "pk": "fe7d9633-7f2f-44de-8d13-bf0c944f995a", "fields": {"nombre": "2019BIM3-Ingl\u00e9s Adultos-Ingl\u00e9s 3C", "oferta_academica": "df19386f-75c6-4e07-8034-2be648d8b502", "nivel": "b3110d81-3cf1-4824-b9d7-bfc22ba24c64", "conjunto_notas": 1}}, {"model": "administracion.horariocurso", "pk": "09588554-02e8-461a-84be-6ae82b3202f0", "fields": {"nombre": "09:00-13:00:SA-2019SEM2-Franc\u00e9s Ni\u00f1os-NIVEL 8 - BRICOLEURS D\u00c9BRUILLARDS", "horario": 11, "curso": "92519d66-e2f0-420b-a41b-0aeae0cdb29f", "cupo_disponible": 50, "cupo_inicial": 50, "cupo_autorizados": 50, "cupo_disponible_autorizados": 50}}, {"model": "administracion.horariocurso", "pk": "098bc884-20e1-4288-999e-da1d758fec03", "fields": {"nombre": "09:00-13:00:SA-2019SEM2-Alem\u00e1n Adultos-Nivel 4", "horario": 11, "curso": "9475d14a-004b-412a-9557-3a29017eed7f", "cupo_disponible": 50, "cupo_inicial": 50, "cupo_autorizados": 50, "cupo_disponible_autorizados": 50}}, {"model": "administracion.horariocurso", "pk": "0a9b1066-ecb5-4a65-8515-d832d3bb561e", "fields": {"nombre": "09:00-13:00:SA-2019SEM2-Italiano Adultos-Nivel 1", "horario": 11, "curso": "9d40e627-7a47-4237-9ce8-f6be8e320d1d", "cupo_disponible": 20, "cupo_inicial": 20, "cupo_autorizados": 50, "cupo_disponible_autorizados": 50}}, {"model": "administracion.horariocurso", "pk": "0ad8f126-3523-4d87-8bc5-97901ea27e8e", "fields": {"nombre": "09:00-13:00:SA-2019SEM2-Ingl\u00e9s Ni\u00f1os-NIVEL 4 - SEEKERS PUSHERS", "horario": 11, "curso": "d63b2fba-d1aa-4030-b9e4-62a86e157832", "cupo_disponible": 100, "cupo_inicial": 100, "cupo_autorizados": 50, "cupo_disponible_autorizados": 50}}, {"model": "administracion.horariocurso", "pk": "0d6d5db8-30b5-45a6-aa31-b2f9977070e0", "fields": {"nombre": "09:00-13:00:SA-2019SEM2-Ingl\u00e9s Ni\u00f1os-NIVEL 14 - CONVERSATION 2", "horario": 11, "curso": "d7872ddc-b3eb-4099-b395-8e02280ad146", "cupo_disponible": 100, "cupo_inicial": 100, "cupo_autorizados": 50, "cupo_disponible_autorizados": 50}}, {"model": "administracion.horariocurso", "pk": "12086156-b85d-4b52-9007-2d5aa42348a7", "fields": {"nombre": "09:00-13:00:SA-2019SEM2-Franc\u00e9s Ni\u00f1os-NIVEL 3 - EXPLORATEURS EXPERTS", "horario": 11, "curso": "496f11fe-3b2f-4ce4-815b-ca4d97d5d1da", "cupo_disponible": 50, "cupo_inicial": 50, "cupo_autorizados": 50, "cupo_disponible_autorizados": 50}}, {"model": "administracion.horariocurso", "pk": "143943f9-4710-405e-99ea-107782979e8f", "fields": {"nombre": "15:00-17:00:LU,MA,MC,JU-2019BIM3-Alem\u00e1n Adultos-Nivel 1", "horario": 1, "curso": "8144ad93-0c37-4191-b97b-a57b94d91c33", "cupo_disponible": 20, "cupo_inicial": 20, "cupo_autorizados": 20, "cupo_disponible_autorizados": 20}}, {"model": "administracion.horariocurso", "pk": "1587fbb1-ab8b-4002-bdca-d59e25b3761d", "fields": {"nombre": "18:00-20:00:LU,MA,MC,JU-2019BIM3-Alem\u00e1n Adultos-Nivel 8", "horario": 4, "curso": "7c148bdc-104d-481e-97ab-5800aff4fb75", "cupo_disponible": 200, "cupo_inicial": 200, "cupo_autorizados": 50, "cupo_disponible_autorizados": 50}}, {"model": "administracion.horariocurso", "pk": "15f9bd40-7413-46b2-bb41-383759e6264d", "fields": {"nombre": "18:00-20:00:LU,MA,MC,JU-2019BIM3-Ingl\u00e9s Adultos-Ingl\u00e9s 4A", "horario": 4, "curso": "6fc43269-c8f0-4acc-bcee-ebec2278303a", "cupo_disponible": 200, "cupo_inicial": 200, "cupo_autorizados": 200, "cupo_disponible_autorizados": 200}}, {"model": "administracion.horariocurso", "pk": "17d9b7af-4def-4994-ab00-af86a5ad341c", "fields": {"nombre": "18:00-20:00:LU,MA,MC,JU-2019BIM3-Ingl\u00e9s Adultos-Ingl\u00e9s 1A", "horario": 4, "curso": "96ed37ad-3e7d-4da7-a5e4-ef949cf6468d", "cupo_disponible": 59, "cupo_inicial": 60, "cupo_autorizados": 50, "cupo_disponible_autorizados": 50}}, {"model": "administracion.horariocurso", "pk": "1e3d9591-26bf-424e-869c-47dd553060ec", "fields": {"nombre": "09:00-13:00:SA-2019SEM2-Alem\u00e1n Adultos-Nivel 6", "horario": 11, "curso": "5088b279-902c-4ca2-9002-bb287cedc3ba", "cupo_disponible": 50, "cupo_inicial": 50, "cupo_autorizados": 50, "cupo_disponible_autorizados": 50}}, {"model": "administracion.horariocurso", "pk": "1fd9b95c-72a1-49d7-bdda-2c104cef441c", "fields": {"nombre": "18:00-20:00:LU,MA,MC,JU-2019BIM3-Espa\u00f1ol Como Lengua Extranjera-Nivel 1", "horario": 4, "curso": "a82363ca-1a0e-4de3-addc-9ab35d5f67d2", "cupo_disponible": 40, "cupo_inicial": 40, "cupo_autorizados": 50, "cupo_disponible_autorizados": 50}}, {"model": "administracion.horariocurso", "pk": "214866fa-71f2-4a01-a4b3-1bc696b65dcf", "fields": {"nombre": "17:00-19:00:LU,MA,MC,JU-2019BIM3-Ingl\u00e9s Adultos-Ingl\u00e9s 1A", "horario": 2, "curso": "96ed37ad-3e7d-4da7-a5e4-ef949cf6468d", "cupo_disponible": 20, "cupo_inicial": 20, "cupo_autorizados": 50, "cupo_disponible_autorizados": 50}}, {"model": "administracion.horariocurso", "pk": "22935dee-b9a7-4e7f-a07d-5f950411e9b5", "fields": {"nombre": "14:00-18:00:SA-2019SEM2-Italiano Adultos-Nivel 1", "horario": 12, "curso": "9d40e627-7a47-4237-9ce8-f6be8e320d1d", "cupo_disponible": 20, "cupo_inicial": 20, "cupo_autorizados": 50, "cupo_disponible_autorizados": 50}}, {"model": "administracion.horariocurso", "pk": "275431c0-75bb-4a6c-8846-49aab9ea2a73", "fields": {"nombre": "09:00-13:00:SA-2019SEM2-Ingl\u00e9s Adultos-Ingl\u00e9s 1B", "horario": 11, "curso": "25991054-6819-46d2-831c-8687242752e9", "cupo_disponible": 100, "cupo_inicial": 100, "cupo_autorizados": 50, "cupo_disponible_autorizados": 50}}, {"model": "administracion.horariocurso", "pk": "2773e6a0-1f65-4718-9688-3bd9cee204f4", "fields": {"nombre": "09:00-13:00:SA-2019SEM2-Alem\u00e1n Adultos-Nivel 5", "horario": 11, "curso": "8832b013-28b9-49ab-a36b-0e69e0cc3592", "cupo_disponible": 50, "cupo_inicial": 50, "cupo_autorizados": 50, "cupo_disponible_autorizados": 50}}, {"model": "administracion.horariocurso", "pk": "27d41cb5-934a-4fd0-bdfd-c18012f1bc75", "fields": {"nombre": "09:00-13:00:SA-2019SEM2-Alem\u00e1n Adultos-Nivel 2", "horario": 11, "curso": "0cb63691-e098-41a4-b5a7-41147c10796a", "cupo_disponible": 50, "cupo_inicial": 50, "cupo_autorizados": 50, "cupo_disponible_autorizados": 50}}, {"model": "administracion.horariocurso", "pk": "2897a781-9597-4962-bce6-899e1e33ca41", "fields": {"nombre": "18:00-20:00:LU,MA,MC,JU-2019BIM3-Ingl\u00e9s Adultos-Ingl\u00e9s 2B", "horario": 4, "curso": "014bc36f-2223-4863-a3e7-bfe506312db8", "cupo_disponible": 200, "cupo_inicial": 200, "cupo_autorizados": 200, "cupo_disponible_autorizados": 200}}, {"model": "administracion.horariocurso", "pk": "2992c6d8-258a-40fd-94ce-26e98d863138", "fields": {"nombre": "18:00-20:00:LU,MA,MC,JU-2019BIM3-Ingl\u00e9s Adultos-Ingl\u00e9s 2A", "horario": 4, "curso": "2d157c7c-f4f7-4541-9be8-31f83053fa6c", "cupo_disponible": 200, "cupo_inicial": 200, "cupo_autorizados": 200, "cupo_disponible_autorizados": 200}}, {"model": "administracion.horariocurso", "pk": "2a75d315-6b13-49b1-a7f5-462c9a89ba81", "fields": {"nombre": "09:00-13:00:SA-2019SEM2-Italiano Adultos-Nivel 4", "horario": 11, "curso": "9471f5f3-64d4-469d-a71d-b2ff2de99dcc", "cupo_disponible": 50, "cupo_inicial": 50, "cupo_autorizados": 50, "cupo_disponible_autorizados": 50}}, {"model": "administracion.horariocurso", "pk": "2c3a1e9e-adcf-420e-98dc-b28f6b77244e", "fields": {"nombre": "18:00-20:00:LU,MA,MC,JU-2019BIM3-Ingl\u00e9s Adultos-Ingl\u00e9s 1B", "horario": 4, "curso": "f5e4d197-22cd-4079-8732-48ade34c7856", "cupo_disponible": 200, "cupo_inicial": 200, "cupo_autorizados": 200, "cupo_disponible_autorizados": 200}}, {"model": "administracion.horariocurso", "pk": "2c8f7720-a999-4bd1-bc81-25f3005f00eb", "fields": {"nombre": "19:00-21:00:LU,MA,MC,JU-2019BIM3-Franc\u00e9s Adultos-Nivel 2", "horario": 3, "curso": "d9404881-e011-4437-bd2f-043b19ae4883", "cupo_disponible": 200, "cupo_inicial": 200, "cupo_autorizados": 200, "cupo_disponible_autorizados": 200}}, {"model": "administracion.horariocurso", "pk": "2edcfec2-f1cb-4bc3-a713-3304fcd8b613", "fields": {"nombre": "09:00-13:00:SA-2019SEM2-Franc\u00e9s Ni\u00f1os-NIVEL 6 - CHERCHEURS EXPERTS", "horario": 11, "curso": "4ffb3af5-868b-464d-b6f5-d32e5abf3ea4", "cupo_disponible": 50, "cupo_inicial": 50, "cupo_autorizados": 50, "cupo_disponible_autorizados": 50}}, {"model": "administracion.horariocurso", "pk": "33e55e72-be38-4f96-9dc9-28df7aa93c50", "fields": {"nombre": "14:00-18:00:SA-2019SEM2-Ingl\u00e9s Adultos-Ingl\u00e9s 1B", "horario": 12, "curso": "25991054-6819-46d2-831c-8687242752e9", "cupo_disponible": 100, "cupo_inicial": 100, "cupo_autorizados": 50, "cupo_disponible_autorizados": 50}}, {"model": "administracion.horariocurso", "pk": "341443b0-4d71-4d3c-88d4-c140271fd5f9", "fields": {"nombre": "14:00-18:00:SA-2019SEM2-Ingl\u00e9s Adultos-Ingl\u00e9s 3A", "horario": 12, "curso": "93bce679-040c-417d-b0df-929b4e0a6b13", "cupo_disponible": 100, "cupo_inicial": 100, "cupo_autorizados": 50, "cupo_disponible_autorizados": 50}}, {"model": "administracion.horariocurso", "pk": "35cb0483-d889-4bd6-8fdc-8706f1c4ee90", "fields": {"nombre": "18:00-20:00:LU,MA,MC,JU-2019BIM3-Franc\u00e9s Adultos-Nivel 5", "horario": 4, "curso": "2027e9b4-fbfb-4f88-a801-bdbc941d00f3", "cupo_disponible": 200, "cupo_inicial": 200, "cupo_autorizados": 200, "cupo_disponible_autorizados": 200}}, {"model": "administracion.horariocurso", "pk": "364125e2-393e-4625-9cbb-d25720b659ae", "fields": {"nombre": "09:00-13:00:SA-2019SEM2-Italiano Adultos-Nivel 3", "horario": 11, "curso": "5cfa1aef-767c-4cea-aeb1-d44482b711cc", "cupo_disponible": 50, "cupo_inicial": 50, "cupo_autorizados": 50, "cupo_disponible_autorizados": 50}}, {"model": "administracion.horariocurso", "pk": "3a6b96c5-1b78-4e7d-9ca6-043c980b7568", "fields": {"nombre": "18:00-20:00:LU,MA,MC,JU-2019BIM3-Ingl\u00e9s Adultos-Ingl\u00e9s 4C", "horario": 4, "curso": "15160165-3e44-4457-8086-fb8f4ec24c82", "cupo_disponible": 200, "cupo_inicial": 200, "cupo_autorizados": 200, "cupo_disponible_autorizados": 200}}, {"model": "administracion.horariocurso", "pk": "3a8c2285-2a96-449d-bcb3-f44d0bed3e1c", "fields": {"nombre": "18:00-20:00:LU,MA,MC,JU-2019BIM3-Portugu\u00e9s Adultos-Nivel 2", "horario": 4, "curso": "f82d7a98-f700-44ad-bd72-180fd9dff48e", "cupo_disponible": 200, "cupo_inicial": 200, "cupo_autorizados": 50, "cupo_disponible_autorizados": 50}}, {"model": "administracion.horariocurso", "pk": "3b1d957b-eb4a-44cf-81d8-b68afabf4c71", "fields": {"nombre": "09:00-13:00:SA-2019SEM2-Ingl\u00e9s Adultos-Ingl\u00e9s 4B", "horario": 11, "curso": "3a9ed367-823c-49e7-bf09-9e0f0e19f90d", "cupo_disponible": 100, "cupo_inicial": 100, "cupo_autorizados": 50, "cupo_disponible_autorizados": 50}}, {"model": "administracion.horariocurso", "pk": "403b0873-f1ce-47b3-9552-4b181a6b6d34", "fields": {"nombre": "18:00-20:00:LU,MA,MC,JU-2019BIM3-Ingl\u00e9s Adultos-Ingl\u00e9s 3B", "horario": 4, "curso": "c73d8cc3-44ef-42ad-a7c6-9f21792cfcca", "cupo_disponible": 200, "cupo_inicial": 200, "cupo_autorizados": 200, "cupo_disponible_autorizados": 200}}, {"model": "administracion.horariocurso", "pk": "4257c9eb-62a5-44ca-980d-1f42e633756c", "fields": {"nombre": "09:00-13:00:SA-2019SEM2-Franc\u00e9s Adultos-Nivel 7", "horario": 11, "curso": "c8df84a3-8e35-4640-a3c0-4850ebefebc5", "cupo_disponible": 50, "cupo_inicial": 50, "cupo_autorizados": 50, "cupo_disponible_autorizados": 50}}, {"model": "administracion.horariocurso", "pk": "429a6868-d6e0-4f12-b943-9f70cdbe479a", "fields": {"nombre": "09:00-13:00:SA-2019SEM2-Franc\u00e9s Ni\u00f1os-NIVEL 7 - BRICOLEURS APPRENTIS", "horario": 11, "curso": "a60262f3-44d4-43a7-969a-c20cfb48c6bb", "cupo_disponible": 50, "cupo_inicial": 50, "cupo_autorizados": 50, "cupo_disponible_autorizados": 50}}, {"model": "administracion.horariocurso", "pk": "48191dae-3fe8-4e78-b4ae-704ccaf8d14d", "fields": {"nombre": "09:00-13:00:SA-2019SEM2-Ingl\u00e9s Ni\u00f1os-NIVEL 8 - BUILDERS FIGHTERS", "horario": 11, "curso": "3fa928c1-1c1e-4ae3-bb43-e08ecaa02959", "cupo_disponible": 100, "cupo_inicial": 100, "cupo_autorizados": 50, "cupo_disponible_autorizados": 50}}, {"model": "administracion.horariocurso", "pk": "4cf39d22-b6a1-4267-bf36-18c21c212bda", "fields": {"nombre": "09:00-13:00:SA-2019SEM2-Ingl\u00e9s Ni\u00f1os-NIVEL 1 - EXPLORERS PUSHERS", "horario": 11, "curso": "42e79f5a-40b6-4d5e-9a58-682e05cb1083", "cupo_disponible": 81, "cupo_inicial": 80, "cupo_autorizados": 50, "cupo_disponible_autorizados": 50}}, {"model": "administracion.horariocurso", "pk": "4d571d43-6d57-4cac-8862-1dd959ba9abb", "fields": {"nombre": "17:00-19:00:LU,MA,MC,JU-2019BIM3-Franc\u00e9s Adultos-Nivel 2", "horario": 2, "curso": "d9404881-e011-4437-bd2f-043b19ae4883", "cupo_disponible": 200, "cupo_inicial": 200, "cupo_autorizados": 200, "cupo_disponible_autorizados": 200}}, {"model": "administracion.horariocurso", "pk": "4db2bc72-32a7-4100-ab59-d2586e44404b", "fields": {"nombre": "09:00-13:00:SA-2019SEM2-Portugu\u00e9s Adultos-Nivel 1", "horario": 11, "curso": "2b3d84e4-998c-4d7b-b406-246daff94d62", "cupo_disponible": 20, "cupo_inicial": 20, "cupo_autorizados": 50, "cupo_disponible_autorizados": 50}}, {"model": "administracion.horariocurso", "pk": "4ed04099-eb43-4733-b825-73b20cda20ca", "fields": {"nombre": "15:00-17:00:LU,MA,MC,JU-2019BIM3-Alem\u00e1n Adultos-Nivel 2", "horario": 1, "curso": "21f64802-d28b-484b-9f9c-f2b5f5337a96", "cupo_disponible": 200, "cupo_inicial": 200, "cupo_autorizados": 50, "cupo_disponible_autorizados": 50}}, {"model": "administracion.horariocurso", "pk": "4f737690-7ee2-4c6c-90a1-47b9e552266c", "fields": {"nombre": "09:00-13:00:SA-2019SEM2-Ingl\u00e9s Ni\u00f1os-NIVEL 11 - ADVENTURERS FIGHTERS", "horario": 11, "curso": "de1364a7-c5cf-483d-9cb5-16eaad4dbce8", "cupo_disponible": 100, "cupo_inicial": 100, "cupo_autorizados": 50, "cupo_disponible_autorizados": 50}}, {"model": "administracion.horariocurso", "pk": "52ac0476-bc53-40f3-bf79-6d0388226a96", "fields": {"nombre": "18:00-20:00:LU,MA,MC,JU-2019BIM3-Portugu\u00e9s Adultos-Nivel 5", "horario": 4, "curso": "ec9e9a3b-136f-4ad4-83f2-ae1a77620448", "cupo_disponible": 200, "cupo_inicial": 200, "cupo_autorizados": 50, "cupo_disponible_autorizados": 50}}, {"model": "administracion.horariocurso", "pk": "52b2a7e2-43b4-4e0a-82e3-dc1a7fc1d9e9", "fields": {"nombre": "09:00-13:00:SA-2019SEM2-Ingl\u00e9s Adultos-Ingl\u00e9s 4C", "horario": 11, "curso": "21c4c8a9-71f6-421c-b085-b95001322954", "cupo_disponible": 100, "cupo_inicial": 100, "cupo_autorizados": 50, "cupo_disponible_autorizados": 50}}, {"model": "administracion.horariocurso", "pk": "53ed1230-5a0e-4bc5-b581-5ab68d1634e9", "fields": {"nombre": "09:00-13:00:SA-2019SEM2-Ingl\u00e9s Ni\u00f1os-NIVEL 5 - SEEKERS FIGHTERS", "horario": 11, "curso": "c42b2e42-f3bd-4803-ae93-847eedeeed0d", "cupo_disponible": 100, "cupo_inicial": 100, "cupo_autorizados": 50, "cupo_disponible_autorizados": 50}}, {"model": "administracion.horariocurso", "pk": "55d91618-7353-453e-a319-9e5edca4d356", "fields": {"nombre": "14:00-18:00:SA-2019SEM2-Portugu\u00e9s Adultos-Nivel 2", "horario": 12, "curso": "a154b7e5-e741-45eb-ad75-1e877af4b558", "cupo_disponible": 50, "cupo_inicial": 50, "cupo_autorizados": 50, "cupo_disponible_autorizados": 50}}, {"model": "administracion.horariocurso", "pk": "587e8019-6e77-402f-a420-0f8b2240d865", "fields": {"nombre": "18:00-20:00:LU,MA,MC,JU-2019BIM3-Franc\u00e9s Adultos-Nivel 8", "horario": 4, "curso": "bc0f35d2-9f7d-404c-b7e3-84d70003b8d0", "cupo_disponible": 200, "cupo_inicial": 200, "cupo_autorizados": 200, "cupo_disponible_autorizados": 200}}, {"model": "administracion.horariocurso", "pk": "590893a8-1451-4eb3-abe7-47354af4cbce", "fields": {"nombre": "18:00-20:00:LU,MA,MC,JU-2019BIM3-Ingl\u00e9s Adultos-Ingl\u00e9s 2C", "horario": 4, "curso": "f82308e8-2297-4cb7-aada-3a636c6dc87b", "cupo_disponible": 200, "cupo_inicial": 200, "cupo_autorizados": 200, "cupo_disponible_autorizados": 200}}, {"model": "administracion.horariocurso", "pk": "5a5fb165-05cf-42d6-ba8e-955590e67d07", "fields": {"nombre": "17:00-19:00:LU,MA,MC,JU-2019BIM3-Ingl\u00e9s Adultos-Ingl\u00e9s 3C", "horario": 2, "curso": "fe7d9633-7f2f-44de-8d13-bf0c944f995a", "cupo_disponible": 200, "cupo_inicial": 200, "cupo_autorizados": 200, "cupo_disponible_autorizados": 200}}, {"model": "administracion.horariocurso", "pk": "5bc010b5-b176-4dfe-aac8-614a8e02f53e", "fields": {"nombre": "19:00-21:00:LU,MA,MC,JU-2019BIM3-Alem\u00e1n Adultos-Nivel 1", "horario": 3, "curso": "8144ad93-0c37-4191-b97b-a57b94d91c33", "cupo_disponible": 20, "cupo_inicial": 20, "cupo_autorizados": 20, "cupo_disponible_autorizados": 20}}, {"model": "administracion.horariocurso", "pk": "5ce1d94b-3e00-4480-809d-aa299b478531", "fields": {"nombre": "18:00-20:00:LU,MA,MC,JU-2019BIM3-Franc\u00e9s Adultos-Nivel 7", "horario": 4, "curso": "ed9613d5-1a68-4bdb-a4f6-88395d856a37", "cupo_disponible": 200, "cupo_inicial": 200, "cupo_autorizados": 200, "cupo_disponible_autorizados": 200}}, {"model": "administracion.horariocurso", "pk": "5e4e5f82-bc73-4c71-8d0c-df7e0ca1ddee", "fields": {"nombre": "09:00-13:00:SA-2019SEM2-Franc\u00e9s Ni\u00f1os-NIVEL 2 - EXPLORATEURS D\u00c9BRUILLARDS", "horario": 11, "curso": "4770357c-149f-4a61-90b6-0569a0e8baf3", "cupo_disponible": 50, "cupo_inicial": 50, "cupo_autorizados": 50, "cupo_disponible_autorizados": 50}}, {"model": "administracion.horariocurso", "pk": "5e52bb86-5880-4e34-921e-fc0bb0088edc", "fields": {"nombre": "19:00-21:00:LU,MA,MC,JU-2019BIM3-Franc\u00e9s Adultos-Nivel 1", "horario": 3, "curso": "08816823-8d03-46b9-bfaa-f26414f28a75", "cupo_disponible": 20, "cupo_inicial": 20, "cupo_autorizados": 20, "cupo_disponible_autorizados": 20}}, {"model": "administracion.horariocurso", "pk": "5f3749a4-d20b-469b-8adc-0992a24147e9", "fields": {"nombre": "14:00-18:00:SA-2019SEM2-Franc\u00e9s Adultos-Nivel 2", "horario": 12, "curso": "64c55560-c3da-4cbc-95d0-463e849d6099", "cupo_disponible": 50, "cupo_inicial": 50, "cupo_autorizados": 50, "cupo_disponible_autorizados": 50}}, {"model": "administracion.horariocurso", "pk": "5f430c1f-d677-40ad-967b-729463a4725b", "fields": {"nombre": "09:00-13:00:SA-2019SEM2-Franc\u00e9s Ni\u00f1os-NIVEL 5 - CHERCHEURS DEBRUILLARDS", "horario": 11, "curso": "5007fec8-8da3-401f-bfdc-6b14c086fc34", "cupo_disponible": 50, "cupo_inicial": 50, "cupo_autorizados": 50, "cupo_disponible_autorizados": 50}}, {"model": "administracion.horariocurso", "pk": "60b59fd1-8338-4653-9b5e-b1cba5886b3b", "fields": {"nombre": "09:00-13:00:SA-2019SEM2-Franc\u00e9s Adultos-Nivel 4", "horario": 11, "curso": "8d84f2d0-6b9e-4e77-86c1-a68bfdbbefdd", "cupo_disponible": 50, "cupo_inicial": 50, "cupo_autorizados": 50, "cupo_disponible_autorizados": 50}}, {"model": "administracion.horariocurso", "pk": "61f5c8ea-4a22-4549-b16d-f2e7649f0035", "fields": {"nombre": "09:00-13:00:SA-2019SEM2-Ingl\u00e9s Ni\u00f1os-NIVEL 12 - ADVENTURERS CHALLENGERS", "horario": 11, "curso": "1e5b5c29-3a4f-4bb2-8b87-3e7f7a722bfe", "cupo_disponible": 100, "cupo_inicial": 100, "cupo_autorizados": 50, "cupo_disponible_autorizados": 50}}, {"model": "administracion.horariocurso", "pk": "64e32528-ad14-4aac-acb3-c071377b2599", "fields": {"nombre": "18:00-20:00:LU,MA,MC,JU-2019BIM3-Ingl\u00e9s Adultos-Ingl\u00e9s 3C", "horario": 4, "curso": "fe7d9633-7f2f-44de-8d13-bf0c944f995a", "cupo_disponible": 200, "cupo_inicial": 200, "cupo_autorizados": 200, "cupo_disponible_autorizados": 200}}, {"model": "administracion.horariocurso", "pk": "656f257b-0444-408c-8291-9a0f74cd17d5", "fields": {"nombre": "17:00-19:00:LU,MA,MC,JU-2019BIM3-Ingl\u00e9s Adultos-Ingl\u00e9s 1C", "horario": 2, "curso": "422055b1-04f6-4c62-a59c-381f57fdfba3", "cupo_disponible": 200, "cupo_inicial": 200, "cupo_autorizados": 200, "cupo_disponible_autorizados": 200}}, {"model": "administracion.horariocurso", "pk": "6649f625-7244-4f56-944e-5e964d293ebf", "fields": {"nombre": "19:00-21:00:LU,MA,MC,JU-2019BIM3-Ingl\u00e9s Adultos-Ingl\u00e9s 1B", "horario": 3, "curso": "f5e4d197-22cd-4079-8732-48ade34c7856", "cupo_disponible": 200, "cupo_inicial": 200, "cupo_autorizados": 200, "cupo_disponible_autorizados": 200}}, {"model": "administracion.horariocurso", "pk": "693469fe-72d8-4829-a22d-6a7cd30f71bf", "fields": {"nombre": "09:00-13:00:SA-2019SEM2-Ingl\u00e9s Adultos-Ingl\u00e9s 3C", "horario": 11, "curso": "47be80c7-1562-44bf-b4aa-d32f9296bfe7", "cupo_disponible": 100, "cupo_inicial": 100, "cupo_autorizados": 50, "cupo_disponible_autorizados": 50}}, {"model": "administracion.horariocurso", "pk": "69f44689-8f0b-4463-ad3e-17e71229750d", "fields": {"nombre": "14:00-18:00:SA-2019SEM2-Ingl\u00e9s Adultos-Ingl\u00e9s 2A", "horario": 12, "curso": "0cbe3c00-f8fd-4825-b921-5c51362b4f8c", "cupo_disponible": 100, "cupo_inicial": 100, "cupo_autorizados": 50, "cupo_disponible_autorizados": 50}}, {"model": "administracion.horariocurso", "pk": "6acc896a-0f14-4518-ad84-fdd987a950d4", "fields": {"nombre": "18:00-20:00:LU,MA,MC,JU-2019BIM3-Ingl\u00e9s Adultos-Ingl\u00e9s 4B", "horario": 4, "curso": "627cb077-066b-492e-a25b-dd14c54d75f9", "cupo_disponible": 200, "cupo_inicial": 200, "cupo_autorizados": 200, "cupo_disponible_autorizados": 200}}, {"model": "administracion.horariocurso", "pk": "6ae978c0-bca9-47e8-b23e-1c8cb2b50f95", "fields": {"nombre": "18:00-20:00:LU,MA,MC,JU-2019BIM3-Franc\u00e9s Adultos-Nivel 6", "horario": 4, "curso": "e70f411d-274b-45fd-86e4-1f2f5d30e898", "cupo_disponible": 200, "cupo_inicial": 200, "cupo_autorizados": 200, "cupo_disponible_autorizados": 200}}, {"model": "administracion.horariocurso", "pk": "6b8d673a-0431-4275-be28-b547e46fe553", "fields": {"nombre": "18:00-20:00:LU,MA,MC,JU-2019BIM3-Franc\u00e9s Adultos-Nivel 2", "horario": 4, "curso": "d9404881-e011-4437-bd2f-043b19ae4883", "cupo_disponible": 200, "cupo_inicial": 200, "cupo_autorizados": 200, "cupo_disponible_autorizados": 200}}, {"model": "administracion.horariocurso", "pk": "6d6e9000-3660-436b-9af2-fb2e8ce6e744", "fields": {"nombre": "18:00-20:00:LU,MA,MC,JU-2019BIM3-Alem\u00e1n Adultos-Nivel 2", "horario": 4, "curso": "21f64802-d28b-484b-9f9c-f2b5f5337a96", "cupo_disponible": 200, "cupo_inicial": 200, "cupo_autorizados": 50, "cupo_disponible_autorizados": 50}}, {"model": "administracion.horariocurso", "pk": "6e838cdd-27cd-422f-b2b3-972d5211f28d", "fields": {"nombre": "18:00-20:00:LU,MA,MC,JU-2019BIM3-Espa\u00f1ol Como Lengua Extranjera-Nivel 2", "horario": 4, "curso": "5d03a016-8eb9-4664-8e21-267531af33ba", "cupo_disponible": 40, "cupo_inicial": 40, "cupo_autorizados": 50, "cupo_disponible_autorizados": 50}}, {"model": "administracion.horariocurso", "pk": "70b3407f-a5f3-4089-803e-5b770ea7105f", "fields": {"nombre": "09:00-13:00:SA-2019SEM2-Chino Mandar\u00edn-Nivel 2", "horario": 11, "curso": "bcd38b6d-6697-4949-86c5-391c73d6348a", "cupo_disponible": 20, "cupo_inicial": 20, "cupo_autorizados": 20, "cupo_disponible_autorizados": 20}}, {"model": "administracion.horariocurso", "pk": "762595a5-61b1-465c-964a-0f002e0ef6bd", "fields": {"nombre": "09:00-13:00:SA-2019SEM2-Portugu\u00e9s Adultos-Nivel 2", "horario": 11, "curso": "a154b7e5-e741-45eb-ad75-1e877af4b558", "cupo_disponible": 50, "cupo_inicial": 50, "cupo_autorizados": 50, "cupo_disponible_autorizados": 50}}, {"model": "administracion.horariocurso", "pk": "78623254-1a17-484b-b44e-15611a3ec274", "fields": {"nombre": "19:00-21:00:LU,MA,MC,JU-2019BIM3-Ingl\u00e9s Adultos-Ingl\u00e9s 1A", "horario": 3, "curso": "96ed37ad-3e7d-4da7-a5e4-ef949cf6468d", "cupo_disponible": 20, "cupo_inicial": 20, "cupo_autorizados": 50, "cupo_disponible_autorizados": 50}}, {"model": "administracion.horariocurso", "pk": "7aab2bad-a686-4e51-8b96-8bacb421d242", "fields": {"nombre": "18:00-20:00:LU,MA,MC,JU-2019BIM3-Portugu\u00e9s Adultos-Nivel 1", "horario": 4, "curso": "bab2bcc9-3996-4b51-bd87-d7ff3ff3f52d", "cupo_disponible": 20, "cupo_inicial": 20, "cupo_autorizados": 20, "cupo_disponible_autorizados": 20}}, {"model": "administracion.horariocurso", "pk": "7cf54661-a112-4dfe-a4ab-50985a355dbe", "fields": {"nombre": "09:00-13:00:SA-2019SEM2-Ingl\u00e9s Ni\u00f1os-NIVEL 13 - CONVERSATION 1", "horario": 11, "curso": "7fe94deb-51e3-4b68-a635-f53f5535300b", "cupo_disponible": 100, "cupo_inicial": 100, "cupo_autorizados": 50, "cupo_disponible_autorizados": 50}}, {"model": "administracion.horariocurso", "pk": "7e5c0ed2-3379-4ec7-b111-c6fc70820505", "fields": {"nombre": "18:00-20:00:LU,MA,MC,JU-2019BIM3-Espa\u00f1ol Como Lengua Extranjera-Nivel 3", "horario": 4, "curso": "dc0a295a-de10-407d-83d5-6cf0748dcbb4", "cupo_disponible": 40, "cupo_inicial": 40, "cupo_autorizados": 50, "cupo_disponible_autorizados": 50}}, {"model": "administracion.horariocurso", "pk": "7e7466e3-5a15-48bb-bc8a-fce110e6c55e", "fields": {"nombre": "09:00-13:00:SA-2019SEM2-Ingl\u00e9s Adultos-Ingl\u00e9s 1C", "horario": 11, "curso": "4e4e7db5-c7e8-4408-965c-088d988d0f70", "cupo_disponible": 100, "cupo_inicial": 100, "cupo_autorizados": 50, "cupo_disponible_autorizados": 50}}, {"model": "administracion.horariocurso", "pk": "7f6185e8-2949-421d-b04c-dcc9d62d75cf", "fields": {"nombre": "14:00-18:00:SA-2019SEM2-Alem\u00e1n Adultos-Nivel 1", "horario": 12, "curso": "d766a0b6-b350-40ff-a1bf-22da2587ce6e", "cupo_disponible": 40, "cupo_inicial": 40, "cupo_autorizados": 50, "cupo_disponible_autorizados": 50}}, {"model": "administracion.horariocurso", "pk": "819b2502-5881-405d-9b94-244a16f0b365", "fields": {"nombre": "09:00-13:00:SA-2019SEM2-Alem\u00e1n Adultos-Nivel 3", "horario": 11, "curso": "0792ee86-6dbe-40b8-967b-d9c8c6e1db99", "cupo_disponible": 50, "cupo_inicial": 50, "cupo_autorizados": 50, "cupo_disponible_autorizados": 50}}, {"model": "administracion.horariocurso", "pk": "81bda333-befb-4bfa-b416-bbb9d224a450", "fields": {"nombre": "14:00-18:00:SA-2019SEM2-Portugu\u00e9s Adultos-Nivel 1", "horario": 12, "curso": "2b3d84e4-998c-4d7b-b406-246daff94d62", "cupo_disponible": 20, "cupo_inicial": 20, "cupo_autorizados": 50, "cupo_disponible_autorizados": 50}}, {"model": "administracion.horariocurso", "pk": "81e4190d-5f54-4d06-a62e-531456844373", "fields": {"nombre": "18:00-20:00:LU,MA,MC,JU-2019BIM3-Portugu\u00e9s Adultos-Nivel 3", "horario": 4, "curso": "bd5f53e0-0eda-4bde-a1fc-5d75d0a0b689", "cupo_disponible": 200, "cupo_inicial": 200, "cupo_autorizados": 50, "cupo_disponible_autorizados": 50}}, {"model": "administracion.horariocurso", "pk": "827a379f-8950-4e4d-ac8e-dcb4d4d64862", "fields": {"nombre": "18:00-20:00:LU,MA,MC,JU-2019BIM3-Alem\u00e1n Adultos-Nivel 6", "horario": 4, "curso": "c0bc9c98-46bb-4b6e-bc00-c8bd8739ea09", "cupo_disponible": 200, "cupo_inicial": 200, "cupo_autorizados": 50, "cupo_disponible_autorizados": 50}}, {"model": "administracion.horariocurso", "pk": "82ca104a-4fe5-4822-969e-6a9e8746fe31", "fields": {"nombre": "18:00-20:00:LU,MA,MC,JU-2019BIM3-Espa\u00f1ol Como Lengua Extranjera-Nivel 4", "horario": 4, "curso": "4a8de003-5c3b-4cf6-aedb-9be457b7aba5", "cupo_disponible": 40, "cupo_inicial": 40, "cupo_autorizados": 50, "cupo_disponible_autorizados": 50}}, {"model": "administracion.horariocurso", "pk": "86364beb-c87a-4d30-a8b7-fcf8bc4fc765", "fields": {"nombre": "09:00-13:00:SA-2019SEM2-Ingl\u00e9s Adultos-Ingl\u00e9s 4A", "horario": 11, "curso": "c88f296a-d96a-44f5-aa86-9df5b02b8286", "cupo_disponible": 100, "cupo_inicial": 100, "cupo_autorizados": 50, "cupo_disponible_autorizados": 50}}, {"model": "administracion.horariocurso", "pk": "86d79866-c273-40e0-99b5-35533459215b", "fields": {"nombre": "17:00-19:00:LU,MA,MC,JU-2019BIM3-Ingl\u00e9s Adultos-Ingl\u00e9s 2B", "horario": 2, "curso": "014bc36f-2223-4863-a3e7-bfe506312db8", "cupo_disponible": 200, "cupo_inicial": 200, "cupo_autorizados": 200, "cupo_disponible_autorizados": 200}}, {"model": "administracion.horariocurso", "pk": "870c4417-8a24-4527-bcee-ddb945ed8e72", "fields": {"nombre": "18:00-20:00:LU,MA,MC,JU-2019BIM3-Franc\u00e9s Adultos-Nivel 4", "horario": 4, "curso": "a2edac76-8c0b-4d1e-9745-2daf76ddd427", "cupo_disponible": 200, "cupo_inicial": 200, "cupo_autorizados": 200, "cupo_disponible_autorizados": 200}}, {"model": "administracion.horariocurso", "pk": "8d11021f-caec-406a-b44b-21729017b77f", "fields": {"nombre": "09:00-13:00:SA-2019SEM2-Ingl\u00e9s Adultos-Ingl\u00e9s 2C", "horario": 11, "curso": "653bf0ec-4eaf-482e-a736-46e57b135837", "cupo_disponible": 100, "cupo_inicial": 100, "cupo_autorizados": 50, "cupo_disponible_autorizados": 50}}, {"model": "administracion.horariocurso", "pk": "8d94fc7f-f1cc-412d-9476-fe38d6c17c2e", "fields": {"nombre": "09:00-13:00:SA-2019SEM2-Italiano Adultos-Nivel 2", "horario": 11, "curso": "40bde1e7-417c-4bde-ad79-e640435c933e", "cupo_disponible": 50, "cupo_inicial": 50, "cupo_autorizados": 50, "cupo_disponible_autorizados": 50}}, {"model": "administracion.horariocurso", "pk": "90bc08ed-5807-4834-b603-09689cffc425", "fields": {"nombre": "14:00-18:00:SA-2019SEM2-Ingl\u00e9s Adultos-Ingl\u00e9s 2B", "horario": 12, "curso": "955ab848-a834-403d-a878-7575dd375abb", "cupo_disponible": 100, "cupo_inicial": 100, "cupo_autorizados": 50, "cupo_disponible_autorizados": 50}}, {"model": "administracion.horariocurso", "pk": "90f9d916-5003-4cb2-8961-f67b4c9541c7", "fields": {"nombre": "09:00-13:00:SA-2019SEM2-Ingl\u00e9s Ni\u00f1os-NIVEL 7 - BUILDERS PUSHERS", "horario": 11, "curso": "c60f4002-71a7-4667-9a26-0efc2bcf959d", "cupo_disponible": 100, "cupo_inicial": 100, "cupo_autorizados": 50, "cupo_disponible_autorizados": 50}}, {"model": "administracion.horariocurso", "pk": "939129b2-604e-48df-a3f1-6a0999e5a25f", "fields": {"nombre": "18:00-20:00:LU,MA,MC,JU-2019BIM3-Alem\u00e1n Adultos-Nivel 4", "horario": 4, "curso": "5c6fefcb-ea87-407e-b49f-d3f0dc86fb74", "cupo_disponible": 200, "cupo_inicial": 200, "cupo_autorizados": 50, "cupo_disponible_autorizados": 50}}, {"model": "administracion.horariocurso", "pk": "9610f7e4-b54f-4645-9f10-9fa9fa4b8589", "fields": {"nombre": "19:00-21:00:LU,MA,MC,JU-2019BIM3-Alem\u00e1n Adultos-Nivel 3", "horario": 3, "curso": "16c8b1f0-3407-4a15-bcaa-43a72f7aa5cc", "cupo_disponible": 200, "cupo_inicial": 200, "cupo_autorizados": 50, "cupo_disponible_autorizados": 50}}, {"model": "administracion.horariocurso", "pk": "99001e05-eed1-4c9e-a1a6-00eb1304be1a", "fields": {"nombre": "09:00-13:00:SA-2019SEM2-Ingl\u00e9s Ni\u00f1os-NIVEL 9 - BUILDERS CHALLENGERS", "horario": 11, "curso": "53cbd16a-151a-42c3-a7b5-3eb1432792e6", "cupo_disponible": 100, "cupo_inicial": 100, "cupo_autorizados": 50, "cupo_disponible_autorizados": 50}}, {"model": "administracion.horariocurso", "pk": "991c2808-f541-446c-8767-db8954fd4679", "fields": {"nombre": "18:00-20:00:LU,MA,MC,JU-2019BIM3-Alem\u00e1n Adultos-Nivel 5", "horario": 4, "curso": "0cb342e2-88f1-4008-b076-0684ac5c2e9f", "cupo_disponible": 200, "cupo_inicial": 200, "cupo_autorizados": 50, "cupo_disponible_autorizados": 50}}, {"model": "administracion.horariocurso", "pk": "99fd03c2-d624-431f-80e2-f785c1404072", "fields": {"nombre": "09:00-13:00:SA-2019SEM2-Franc\u00e9s Ni\u00f1os-NIVEL 1 - EXPLORATEURS APPRENTIS", "horario": 11, "curso": "3262f1e3-f3a1-475a-a954-ccf25b104d1f", "cupo_disponible": 20, "cupo_inicial": 20, "cupo_autorizados": 50, "cupo_disponible_autorizados": 50}}, {"model": "administracion.horariocurso", "pk": "9b4950b6-7557-4564-9160-288b561a5ccb", "fields": {"nombre": "14:00-18:00:SA-2019SEM2-Ingl\u00e9s Adultos-Ingl\u00e9s 1A", "horario": 12, "curso": "22abaf3e-eacf-496a-95e1-340ac90e9ec0", "cupo_disponible": 60, "cupo_inicial": 60, "cupo_autorizados": 50, "cupo_disponible_autorizados": 50}}, {"model": "administracion.horariocurso", "pk": "a04e6561-5407-4ab8-b833-86dac72ecf31", "fields": {"nombre": "15:00-17:00:LU,MA,MC,JU-2019BIM3-Ingl\u00e9s Adultos-Ingl\u00e9s 1A", "horario": 1, "curso": "96ed37ad-3e7d-4da7-a5e4-ef949cf6468d", "cupo_disponible": 20, "cupo_inicial": 20, "cupo_autorizados": 50, "cupo_disponible_autorizados": 50}}, {"model": "administracion.horariocurso", "pk": "a1c4f917-f056-4513-95a9-db5fe6a34af7", "fields": {"nombre": "09:00-13:00:SA-2019SEM2-Franc\u00e9s Adultos-Nivel 2", "horario": 11, "curso": "64c55560-c3da-4cbc-95d0-463e849d6099", "cupo_disponible": 50, "cupo_inicial": 50, "cupo_autorizados": 50, "cupo_disponible_autorizados": 50}}, {"model": "administracion.horariocurso", "pk": "a26db4bc-f725-419f-8e42-73a9e8492d2f", "fields": {"nombre": "09:00-13:00:SA-2019SEM2-Ingl\u00e9s Adultos-Ingl\u00e9s 3B", "horario": 11, "curso": "17b8a340-abfa-40ac-b8c8-71322a7bb94b", "cupo_disponible": 100, "cupo_inicial": 100, "cupo_autorizados": 50, "cupo_disponible_autorizados": 50}}, {"model": "administracion.horariocurso", "pk": "a890ae5a-4d80-464e-af21-8211c6dc7b2f", "fields": {"nombre": "18:00-20:00:LU,MA,MC,JU-2019BIM3-T\u00e9cnicas de Traducci\u00f3n-Textos Cient\u00edficos", "horario": 4, "curso": "31870710-b8d6-429d-b954-22db9e0e2ced", "cupo_disponible": 20, "cupo_inicial": 20, "cupo_autorizados": 20, "cupo_disponible_autorizados": 20}}, {"model": "administracion.horariocurso", "pk": "ac6f638c-aee1-4cce-9445-20d0eca40cba", "fields": {"nombre": "14:00-18:00:SA-2019SEM2-Alem\u00e1n Adultos-Nivel 2", "horario": 12, "curso": "0cb63691-e098-41a4-b5a7-41147c10796a", "cupo_disponible": 50, "cupo_inicial": 50, "cupo_autorizados": 50, "cupo_disponible_autorizados": 50}}, {"model": "administracion.horariocurso", "pk": "afad7418-211a-42eb-954c-8a0eff8dcfdd", "fields": {"nombre": "09:00-13:00:SA-2019SEM2-Franc\u00e9s Ni\u00f1os-NIVEL 4 - CHERCHEURS APPRENTIS", "horario": 11, "curso": "b816934c-71e8-4d59-bbed-5704dc8f8b5e", "cupo_disponible": 50, "cupo_inicial": 50, "cupo_autorizados": 50, "cupo_disponible_autorizados": 50}}, {"model": "administracion.horariocurso", "pk": "b6f14f31-3c3b-4d8d-9bc6-ad08c6ab126f", "fields": {"nombre": "09:00-13:00:SA-2019SEM2-Franc\u00e9s Ni\u00f1os-NIVEL 10 - AVENTURIERS APPRENTIS", "horario": 11, "curso": "95259016-f07c-4987-835d-3dcfdf0a98c7", "cupo_disponible": 50, "cupo_inicial": 50, "cupo_autorizados": 50, "cupo_disponible_autorizados": 50}}, {"model": "administracion.horariocurso", "pk": "b84f4be0-2e17-40c9-8624-72adcbb1cd82", "fields": {"nombre": "09:00-13:00:SA-2019SEM2-Franc\u00e9s Adultos-Nivel 3", "horario": 11, "curso": "5d9afa7d-49f4-447d-beaf-b85efb0b4dde", "cupo_disponible": 50, "cupo_inicial": 50, "cupo_autorizados": 50, "cupo_disponible_autorizados": 50}}, {"model": "administracion.horariocurso", "pk": "b8f29c5c-88b9-4091-aa76-9fe9e2620dee", "fields": {"nombre": "09:00-13:00:SA-2019SEM2-Ingl\u00e9s Adultos-Ingl\u00e9s 3A", "horario": 11, "curso": "93bce679-040c-417d-b0df-929b4e0a6b13", "cupo_disponible": 100, "cupo_inicial": 100, "cupo_autorizados": 50, "cupo_disponible_autorizados": 50}}, {"model": "administracion.horariocurso", "pk": "b9f9cb2a-5736-4cfa-a152-dea99ed379a3", "fields": {"nombre": "14:00-18:00:SA-2019SEM2-Franc\u00e9s Adultos-Nivel 1", "horario": 12, "curso": "9c3cff24-7365-4ad8-bce2-2610a0b7496d", "cupo_disponible": 20, "cupo_inicial": 20, "cupo_autorizados": 50, "cupo_disponible_autorizados": 50}}, {"model": "administracion.horariocurso", "pk": "ba249d06-89b7-4f44-b7ee-6d6db373e752", "fields": {"nombre": "17:00-19:00:LU,MA,MC,JU-2019BIM3-Franc\u00e9s Adultos-Nivel 4", "horario": 2, "curso": "a2edac76-8c0b-4d1e-9745-2daf76ddd427", "cupo_disponible": 200, "cupo_inicial": 200, "cupo_autorizados": 200, "cupo_disponible_autorizados": 200}}, {"model": "administracion.horariocurso", "pk": "bb3d8c40-03f2-43f2-a599-9aa1fa5c0a9b", "fields": {"nombre": "18:00-20:00:LU,MA,MC,JU-2019BIM3-Ingl\u00e9s Adultos-Ingl\u00e9s 3A", "horario": 4, "curso": "0968d120-79e2-4fd5-a74f-16f9d33b59b8", "cupo_disponible": 200, "cupo_inicial": 200, "cupo_autorizados": 200, "cupo_disponible_autorizados": 200}}, {"model": "administracion.horariocurso", "pk": "bd6d4776-f079-4864-a288-444b56e84fa4", "fields": {"nombre": "09:00-13:00:SA-2019SEM2-Ingl\u00e9s Adultos-Ingl\u00e9s 2B", "horario": 11, "curso": "955ab848-a834-403d-a878-7575dd375abb", "cupo_disponible": 100, "cupo_inicial": 100, "cupo_autorizados": 50, "cupo_disponible_autorizados": 50}}, {"model": "administracion.horariocurso", "pk": "be491f3f-24b2-4716-97cf-39e99f03ccad", "fields": {"nombre": "18:00-20:00:LU,MA,MC,JU-2019BIM3-Alem\u00e1n Adultos-Nivel 1", "horario": 4, "curso": "8144ad93-0c37-4191-b97b-a57b94d91c33", "cupo_disponible": 40, "cupo_inicial": 40, "cupo_autorizados": 20, "cupo_disponible_autorizados": 20}}, {"model": "administracion.horariocurso", "pk": "c5f9e9e7-5395-4c62-81c0-c5f839cd19e6", "fields": {"nombre": "14:00-18:00:SA-2019SEM2-Ingl\u00e9s Adultos-Ingl\u00e9s 1C", "horario": 12, "curso": "4e4e7db5-c7e8-4408-965c-088d988d0f70", "cupo_disponible": 100, "cupo_inicial": 100, "cupo_autorizados": 50, "cupo_disponible_autorizados": 50}}, {"model": "administracion.horariocurso", "pk": "c7067740-0b83-4bce-b736-8abddb73ed06", "fields": {"nombre": "18:00-20:00:LU,MA,MC,JU-2019BIM3-Ingl\u00e9s Adultos-Ingl\u00e9s 1C", "horario": 4, "curso": "422055b1-04f6-4c62-a59c-381f57fdfba3", "cupo_disponible": 200, "cupo_inicial": 200, "cupo_autorizados": 200, "cupo_disponible_autorizados": 200}}, {"model": "administracion.horariocurso", "pk": "c7d426f1-c439-4c65-97d1-81f3481f9ba5", "fields": {"nombre": "09:00-13:00:SA-2019SEM2-Franc\u00e9s Adultos-Nivel 1", "horario": 11, "curso": "9c3cff24-7365-4ad8-bce2-2610a0b7496d", "cupo_disponible": 40, "cupo_inicial": 40, "cupo_autorizados": 50, "cupo_disponible_autorizados": 50}}, {"model": "administracion.horariocurso", "pk": "cc13d2b3-c64e-47e5-91e4-6529edd4cd5b", "fields": {"nombre": "09:00-13:00:SA-2019SEM2-Ingl\u00e9s Adultos-Ingl\u00e9s 1A", "horario": 11, "curso": "22abaf3e-eacf-496a-95e1-340ac90e9ec0", "cupo_disponible": 60, "cupo_inicial": 60, "cupo_autorizados": 50, "cupo_disponible_autorizados": 50}}, {"model": "administracion.horariocurso", "pk": "ccadfa97-3c6e-44ea-a38e-07991212a065", "fields": {"nombre": "14:00-18:00:SA-2019SEM2-Ingl\u00e9s Adultos-Ingl\u00e9s 2C", "horario": 12, "curso": "653bf0ec-4eaf-482e-a736-46e57b135837", "cupo_disponible": 100, "cupo_inicial": 100, "cupo_autorizados": 50, "cupo_disponible_autorizados": 50}}, {"model": "administracion.horariocurso", "pk": "cd4c58a0-64d4-4b15-96c9-072bd7ce3004", "fields": {"nombre": "15:00-17:00:LU,MA,MC,JU-2019BIM3-Ingl\u00e9s Adultos-Ingl\u00e9s 2C", "horario": 1, "curso": "f82308e8-2297-4cb7-aada-3a636c6dc87b", "cupo_disponible": 200, "cupo_inicial": 200, "cupo_autorizados": 200, "cupo_disponible_autorizados": 200}}, {"model": "administracion.horariocurso", "pk": "ce0ec9c1-d619-4706-8a07-2f2a018d416a", "fields": {"nombre": "19:00-21:00:LU,MA,MC,JU-2019BIM3-Alem\u00e1n Adultos-Nivel 2", "horario": 3, "curso": "21f64802-d28b-484b-9f9c-f2b5f5337a96", "cupo_disponible": 200, "cupo_inicial": 200, "cupo_autorizados": 50, "cupo_disponible_autorizados": 50}}, {"model": "administracion.horariocurso", "pk": "cfd83eec-3089-4399-b3f8-874a8e0c1915", "fields": {"nombre": "18:00-20:00:LU,MA,MC,JU-2019BIM3-Alem\u00e1n Adultos-Nivel 7", "horario": 4, "curso": "b46b227d-1f7e-43b5-acc8-f46a64f82365", "cupo_disponible": 200, "cupo_inicial": 200, "cupo_autorizados": 50, "cupo_disponible_autorizados": 50}}, {"model": "administracion.horariocurso", "pk": "d0f33f48-9dad-4ea3-92c9-5942291554b9", "fields": {"nombre": "14:00-18:00:SA-2019SEM2-Italiano Adultos-Nivel 2", "horario": 12, "curso": "40bde1e7-417c-4bde-ad79-e640435c933e", "cupo_disponible": 50, "cupo_inicial": 50, "cupo_autorizados": 50, "cupo_disponible_autorizados": 50}}, {"model": "administracion.horariocurso", "pk": "d1936c24-9994-41b5-aeab-570a234dc079", "fields": {"nombre": "09:00-13:00:SA-2019SEM2-Ingl\u00e9s Ni\u00f1os-NIVEL 10 - ADVENTURERS PUSHERS", "horario": 11, "curso": "21fa3688-726f-467d-b738-a65cf242b271", "cupo_disponible": 100, "cupo_inicial": 100, "cupo_autorizados": 50, "cupo_disponible_autorizados": 50}}, {"model": "administracion.horariocurso", "pk": "d62a9a3f-980e-45af-8eb8-dda87227cd16", "fields": {"nombre": "09:00-13:00:SA-2019SEM2-Alem\u00e1n Adultos-Nivel 11", "horario": 11, "curso": "cbae15c4-a40a-4ff7-a5cb-af8e4c0e240b", "cupo_disponible": 50, "cupo_inicial": 50, "cupo_autorizados": 50, "cupo_disponible_autorizados": 50}}, {"model": "administracion.horariocurso", "pk": "d65ddaa0-ad95-4efd-b101-b18ed18afa80", "fields": {"nombre": "09:00-13:00:SA-2019SEM2-Franc\u00e9s Adultos-Nivel 5", "horario": 11, "curso": "fac94619-14b3-401c-ac14-ee20e40418b3", "cupo_disponible": 50, "cupo_inicial": 50, "cupo_autorizados": 50, "cupo_disponible_autorizados": 50}}, {"model": "administracion.horariocurso", "pk": "d6a46eb6-5ef3-45e3-b479-8a80c954de31", "fields": {"nombre": "09:00-13:00:SA-2019SEM2-Ingl\u00e9s Adultos-Ingl\u00e9s 2A", "horario": 11, "curso": "0cbe3c00-f8fd-4825-b921-5c51362b4f8c", "cupo_disponible": 100, "cupo_inicial": 100, "cupo_autorizados": 50, "cupo_disponible_autorizados": 50}}, {"model": "administracion.horariocurso", "pk": "dc3c202b-b67c-4916-92dd-ad73c869b281", "fields": {"nombre": "09:00-13:00:SA-2019SEM2-Franc\u00e9s Adultos-Nivel 6", "horario": 11, "curso": "0356f3d1-c869-4f1e-9b41-aa7ba50932a5", "cupo_disponible": 50, "cupo_inicial": 50, "cupo_autorizados": 50, "cupo_disponible_autorizados": 50}}, {"model": "administracion.horariocurso", "pk": "dceff887-e01d-46b7-98a7-0c6563b589cf", "fields": {"nombre": "15:00-17:00:LU,MA,MC,JU-2019BIM3-Franc\u00e9s Adultos-Nivel 2", "horario": 1, "curso": "d9404881-e011-4437-bd2f-043b19ae4883", "cupo_disponible": 200, "cupo_inicial": 200, "cupo_autorizados": 200, "cupo_disponible_autorizados": 200}}, {"model": "administracion.horariocurso", "pk": "def30fe2-c322-4b6f-a5c5-c13a4806eb42", "fields": {"nombre": "09:00-13:00:SA-2019SEM2-Alem\u00e1n Adultos-Nivel 7", "horario": 11, "curso": "ef8211d4-e2b5-40b7-a5e5-ddf63b07c83f", "cupo_disponible": 50, "cupo_inicial": 50, "cupo_autorizados": 50, "cupo_disponible_autorizados": 50}}, {"model": "administracion.horariocurso", "pk": "e333aabf-1bda-4760-9a07-dc3c672ccf04", "fields": {"nombre": "17:00-19:00:LU,MA,MC,JU-2019BIM3-Ingl\u00e9s Adultos-Ingl\u00e9s 1B", "horario": 2, "curso": "f5e4d197-22cd-4079-8732-48ade34c7856", "cupo_disponible": 200, "cupo_inicial": 200, "cupo_autorizados": 200, "cupo_disponible_autorizados": 200}}, {"model": "administracion.horariocurso", "pk": "e3430eea-7d34-4c6f-8213-600a80e0b6a4", "fields": {"nombre": "18:00-20:00:LU,MA,MC,JU-2019BIM3-Franc\u00e9s Adultos-Nivel 1", "horario": 4, "curso": "08816823-8d03-46b9-bfaa-f26414f28a75", "cupo_disponible": 40, "cupo_inicial": 40, "cupo_autorizados": 20, "cupo_disponible_autorizados": 20}}, {"model": "administracion.horariocurso", "pk": "e454f192-6c9b-4f8d-9857-370ebb79aa99", "fields": {"nombre": "09:00-13:00:SA-2019SEM2-Portugu\u00e9s Adultos-Nivel 4", "horario": 11, "curso": "acede892-6c92-4ef6-9665-957fe01e4b24", "cupo_disponible": 50, "cupo_inicial": 50, "cupo_autorizados": 50, "cupo_disponible_autorizados": 50}}, {"model": "administracion.horariocurso", "pk": "e6170959-0c26-46ba-8ced-309b072c0473", "fields": {"nombre": "09:00-13:00:SA-2019SEM2-Ingl\u00e9s Ni\u00f1os-NIVEL 2 - EXPLORERS FIGHTERS", "horario": 11, "curso": "56365a0d-fe87-40ac-a91d-6ab5b3ae1644", "cupo_disponible": 100, "cupo_inicial": 100, "cupo_autorizados": 50, "cupo_disponible_autorizados": 50}}, {"model": "administracion.horariocurso", "pk": "e7868fde-b695-4376-b478-4046b1dbea9f", "fields": {"nombre": "09:00-13:00:SA-2019SEM2-Ingl\u00e9s Ni\u00f1os-NIVEL 3 - EXPLORERS CHALLENGERS", "horario": 11, "curso": "f956931a-9047-4565-99dc-3c6f6c5eda10", "cupo_disponible": 100, "cupo_inicial": 100, "cupo_autorizados": 50, "cupo_disponible_autorizados": 50}}, {"model": "administracion.horariocurso", "pk": "ec721447-d153-4523-ae27-9a9c0b82faf1", "fields": {"nombre": "17:00-19:00:LU,MA,MC,JU-2019BIM3-Alem\u00e1n Adultos-Nivel 1", "horario": 2, "curso": "8144ad93-0c37-4191-b97b-a57b94d91c33", "cupo_disponible": 20, "cupo_inicial": 20, "cupo_autorizados": 20, "cupo_disponible_autorizados": 20}}, {"model": "administracion.horariocurso", "pk": "ecf834bd-0f78-45f9-b787-3097a9dedad2", "fields": {"nombre": "09:00-13:00:SA-2019SEM2-Ingl\u00e9s Ni\u00f1os-NIVEL 6 - SEEKERS CHALLENGERS", "horario": 11, "curso": "4594c491-e980-4bba-bd4f-bccb05a3f6e2", "cupo_disponible": 100, "cupo_inicial": 100, "cupo_autorizados": 50, "cupo_disponible_autorizados": 50}}, {"model": "administracion.horariocurso", "pk": "ed21b98e-17c9-43dc-887f-8a168abf6ebe", "fields": {"nombre": "18:00-20:00:LU,MA,MC,JU-2019BIM3-Alem\u00e1n Adultos-Nivel 3", "horario": 4, "curso": "16c8b1f0-3407-4a15-bcaa-43a72f7aa5cc", "cupo_disponible": 200, "cupo_inicial": 200, "cupo_autorizados": 50, "cupo_disponible_autorizados": 50}}, {"model": "administracion.horariocurso", "pk": "ef4be273-fb80-4c6d-8c8f-763f8a99f216", "fields": {"nombre": "09:00-13:00:SA-2019SEM2-Alem\u00e1n Adultos-Nivel 1", "horario": 11, "curso": "d766a0b6-b350-40ff-a1bf-22da2587ce6e", "cupo_disponible": 40, "cupo_inicial": 40, "cupo_autorizados": 50, "cupo_disponible_autorizados": 50}}, {"model": "administracion.horariocurso", "pk": "f247be7f-3399-4217-b987-a45095d19387", "fields": {"nombre": "09:00-13:00:SA-2019SEM2-Franc\u00e9s Ni\u00f1os-NIVEL 9 -  BRICOLEURS EXPERTS", "horario": 11, "curso": "f59f9f92-7680-4d79-a08a-58d4429375fc", "cupo_disponible": 50, "cupo_inicial": 50, "cupo_autorizados": 50, "cupo_disponible_autorizados": 50}}, {"model": "administracion.horariocurso", "pk": "f3714d6b-be90-442c-a709-341726ae7d38", "fields": {"nombre": "18:00-20:00:LU,MA,MC,JU-2019BIM3-Alem\u00e1n Adultos-Nivel 9", "horario": 4, "curso": "f6650cc4-728b-46b7-b435-9150f200439b", "cupo_disponible": 200, "cupo_inicial": 200, "cupo_autorizados": 50, "cupo_disponible_autorizados": 50}}, {"model": "administracion.horariocurso", "pk": "f477c291-e77a-41e5-8ad3-8ad218be22f5", "fields": {"nombre": "15:00-17:00:LU,MA,MC,JU-2019BIM3-Ingl\u00e9s Adultos-Ingl\u00e9s 1B", "horario": 1, "curso": "f5e4d197-22cd-4079-8732-48ade34c7856", "cupo_disponible": 200, "cupo_inicial": 200, "cupo_autorizados": 200, "cupo_disponible_autorizados": 200}}, {"model": "administracion.horariocurso", "pk": "f6900fa7-ceac-4947-8dc8-e60ce0f98e4c", "fields": {"nombre": "18:00-20:00:LU,MA,MC,JU-2019BIM3-T\u00e9cnicas de Traducci\u00f3n-Nivel Introductorio", "horario": 4, "curso": "0fcc6825-cdf1-4e6a-9cd4-22c4bf833cb8", "cupo_disponible": 20, "cupo_inicial": 20, "cupo_autorizados": 20, "cupo_disponible_autorizados": 20}}, {"model": "administracion.horariocurso", "pk": "f808f7a7-899f-4a96-a2c0-63671da4a3aa", "fields": {"nombre": "09:00-13:00:SA-2019SEM2-Portugu\u00e9s Adultos-Nivel 3", "horario": 11, "curso": "f4591518-db54-40b5-84bb-63491008f0d5", "cupo_disponible": 50, "cupo_inicial": 50, "cupo_autorizados": 50, "cupo_disponible_autorizados": 50}}, {"model": "administracion.horariocurso", "pk": "f9164630-7c27-473a-93a6-9ad3216d1fe5", "fields": {"nombre": "17:00-19:00:LU,MA,MC,JU-2019BIM3-Alem\u00e1n Adultos-Nivel 2", "horario": 2, "curso": "21f64802-d28b-484b-9f9c-f2b5f5337a96", "cupo_disponible": 200, "cupo_inicial": 200, "cupo_autorizados": 50, "cupo_disponible_autorizados": 50}}, {"model": "administracion.horariocurso", "pk": "fb8d6f7f-1dc5-4bce-9a84-34fa4aa64f92", "fields": {"nombre": "09:00-13:00:SA-2019SEM2-Chino Mandar\u00edn-Nivel 1", "horario": 11, "curso": "8f0329df-3ae6-416b-bb7a-d81e76ea6f4a", "cupo_disponible": 20, "cupo_inicial": 20, "cupo_autorizados": 20, "cupo_disponible_autorizados": 20}}, {"model": "administracion.horariocurso", "pk": "fdb4bb07-f9f7-4721-af79-1964c23b2c04", "fields": {"nombre": "18:00-20:00:LU,MA,MC,JU-2019BIM3-Franc\u00e9s Adultos-Nivel 3", "horario": 4, "curso": "f56c3ce7-482c-47ee-a5c5-7ef75f16591d", "cupo_disponible": 200, "cupo_inicial": 200, "cupo_autorizados": 200, "cupo_disponible_autorizados": 200}}, {"model": "administracion.notaparcial", "pk": "01630053-da1c-4ebe-8b6b-ab99af084432", "fields": {"conjunto_notas": 2, "nombre": "Trabajo en Clase Primer Corte", "tipo_nota": 1, "descripcion": "Trabajo en Clase Primer Corte", "ponderacion": 5, "orden_nota_conjunto": 5}}, {"model": "administracion.notaparcial", "pk": "2cc52c79-4d6a-4c6b-a852-81fa1451bbb2", "fields": {"conjunto_notas": 1, "nombre": "Examen Final Oral", "tipo_nota": 1, "descripcion": "Examen Final Oral", "ponderacion": 25, "orden_nota_conjunto": 1}}, {"model": "administracion.notaparcial", "pk": "2d8641be-0e94-4191-8f4c-19ffd722cccd", "fields": {"conjunto_notas": 2, "nombre": "Desempe\u00f1o Clase Especializada Segundo Corte", "tipo_nota": 2, "descripcion": "Desempe\u00f1o Clase Especializada Segundo Corte", "ponderacion": 10, "orden_nota_conjunto": 8}}, {"model": "administracion.notaparcial", "pk": "3345c463-7c6b-4f4e-b7db-01304f8093e6", "fields": {"conjunto_notas": 2, "nombre": "Desempe\u00f1o Clase Lecto-Escritura Segundo Corte", "tipo_nota": 1, "descripcion": "Desempe\u00f1o Clase Lecto-Escritura Segundo Corte", "ponderacion": 5, "orden_nota_conjunto": 9}}, {"model": "administracion.notaparcial", "pk": "3656dc6b-7fa7-4b1c-9cdc-d7c70d922928", "fields": {"conjunto_notas": 1, "nombre": "Examen Final Escrito", "tipo_nota": 1, "descripcion": "Examen Final Escrito", "ponderacion": 25, "orden_nota_conjunto": 1}}, {"model": "administracion.notaparcial", "pk": "40b8ab4d-a47a-4e6c-be73-db22adbb4ea4", "fields": {"conjunto_notas": 1, "nombre": "Trabajo en Clase Final", "tipo_nota": 1, "descripcion": "Trabajo en Clase Final", "ponderacion": 5, "orden_nota_conjunto": 1}}, {"model": "administracion.notaparcial", "pk": "424e6c42-f715-4803-a35a-db8814b353c4", "fields": {"conjunto_notas": 4, "nombre": "Evaluaci\u00f3n final escrita", "tipo_nota": 1, "descripcion": "Evaluaci\u00f3n final oral", "ponderacion": 20, "orden_nota_conjunto": 4}}, {"model": "administracion.notaparcial", "pk": "543b08ae-4cfd-4ba7-a592-c9d097b6298c", "fields": {"conjunto_notas": 4, "nombre": "Evaluaci\u00f3n final oral", "tipo_nota": 1, "descripcion": "Evaluaci\u00f3n final oral", "ponderacion": 20, "orden_nota_conjunto": 5}}, {"model": "administracion.notaparcial", "pk": "56a28c85-eb59-4f35-987c-524da0ed1a5e", "fields": {"conjunto_notas": 1, "nombre": "Primer Examen Oral", "tipo_nota": 1, "descripcion": "Primer Examen Oral", "ponderacion": 20, "orden_nota_conjunto": 1}}, {"model": "administracion.notaparcial", "pk": "6321a91c-0ee2-4457-af77-fbf5a36d1290", "fields": {"conjunto_notas": 2, "nombre": "Desempe\u00f1o Clase Especializada Primer Corte", "tipo_nota": 2, "descripcion": "Desempe\u00f1o Clase Especializada Primer Corte", "ponderacion": 10, "orden_nota_conjunto": 3}}, {"model": "administracion.notaparcial", "pk": "7b7ec028-996e-4335-9564-815f7be97456", "fields": {"conjunto_notas": 2, "nombre": "Primera Evaluaci\u00f3n Escrita", "tipo_nota": 1, "descripcion": "Primera Evaluaci\u00f3n Escrita", "ponderacion": 15, "orden_nota_conjunto": 1}}, {"model": "administracion.notaparcial", "pk": "80e25a4d-2a9c-48c0-97ee-5935f37148bf", "fields": {"conjunto_notas": 2, "nombre": "Evaluaci\u00f3n Final Oral", "tipo_nota": 1, "descripcion": "Evaluaci\u00f3n Final Oral", "ponderacion": 15, "orden_nota_conjunto": 7}}, {"model": "administracion.notaparcial", "pk": "9f338efa-9157-42f7-b627-3639c856c7f9", "fields": {"conjunto_notas": 2, "nombre": "Evaluaci\u00f3n Final Escrita", "tipo_nota": 1, "descripcion": "Evaluaci\u00f3n Final Escrita", "ponderacion": 15, "orden_nota_conjunto": 6}}, {"model": "administracion.notaparcial", "pk": "a5e4eac8-0856-44b3-b2e0-738a41693506", "fields": {"conjunto_notas": 4, "nombre": "Primera evaluaci\u00f3n oral", "tipo_nota": 1, "descripcion": "Primera evaluaci\u00f3n oral", "ponderacion": 20, "orden_nota_conjunto": 2}}, {"model": "administracion.notaparcial", "pk": "a9709541-d4a0-41d6-9ad3-4d3bfdc91038", "fields": {"conjunto_notas": 3, "nombre": "Nota General", "tipo_nota": 1, "descripcion": "\u00danica nota de aprobaci\u00f3n del curso", "ponderacion": 100, "orden_nota_conjunto": 1}}, {"model": "administracion.notaparcial", "pk": "b56042ab-88c1-4a18-93ce-abac857b5b78", "fields": {"conjunto_notas": 4, "nombre": "Primera evaluaci\u00f3n escrita", "tipo_nota": 1, "descripcion": "Primera evaluaci\u00f3n escrita", "ponderacion": 20, "orden_nota_conjunto": 1}}, {"model": "administracion.notaparcial", "pk": "bd1c9b35-6469-445b-a833-22d0d2cd4ff4", "fields": {"conjunto_notas": 4, "nombre": "Trabajo en clase Primer Corte", "tipo_nota": 1, "descripcion": "Trabajo en clase Primer Corte", "ponderacion": 10, "orden_nota_conjunto": 3}}, {"model": "administracion.notaparcial", "pk": "c168f1be-eb9d-4df5-99a9-0add0088b95b", "fields": {"conjunto_notas": 1, "nombre": "Primer Examen Escrito", "tipo_nota": 1, "descripcion": "Primer Examen Escrito", "ponderacion": 20, "orden_nota_conjunto": 1}}, {"model": "administracion.notaparcial", "pk": "dce69598-5b52-4221-81f4-6aabf33ec8ec", "fields": {"conjunto_notas": 2, "nombre": "Desempe\u00f1o Clase Lecto-Escritura Primer Corte", "tipo_nota": 1, "descripcion": "Desempe\u00f1o Clase Lecto-Escritura Primer Corte", "ponderacion": 5, "orden_nota_conjunto": 4}}, {"model": "administracion.notaparcial", "pk": "e4ee765e-78b5-4585-9fb0-e30ba28bfa42", "fields": {"conjunto_notas": 4, "nombre": "Trabajo final en clase", "tipo_nota": 1, "descripcion": "Trabajo final en clase", "ponderacion": 10, "orden_nota_conjunto": 6}}, {"model": "administracion.notaparcial", "pk": "e5d56804-c31f-490e-87ce-3e60aa4feee1", "fields": {"conjunto_notas": 2, "nombre": "Trabajo en Clase Segundo Corte", "tipo_nota": 1, "descripcion": "Trabajo en Clase Segundo Corte", "ponderacion": 5, "orden_nota_conjunto": 10}}, {"model": "administracion.notaparcial", "pk": "e5fc64a0-010e-4982-91cc-9fcf23622e72", "fields": {"conjunto_notas": 1, "nombre": "Trabajo en clase Primer Corte", "tipo_nota": 1, "descripcion": "Trabajo en clase Primer Corte", "ponderacion": 5, "orden_nota_conjunto": 1}}, {"model": "administracion.notaparcial", "pk": "f6d6f558-6a36-472a-aba3-f000c7c594b5", "fields": {"conjunto_notas": 2, "nombre": "Primera Evaluaci\u00f3n Oral", "tipo_nota": 1, "descripcion": "Primera Evaluaci\u00f3n Oral", "ponderacion": 15, "orden_nota_conjunto": 2}},  {"model": "administracion.evento", "pk": "06686051-f7ae-4ea4-a14f-9a781266c840", "fields": {"nombre": "Preinscripci\u00f3n de examen de clasificaci\u00f3n"}}, {"model": "administracion.evento", "pk": "15333307-4d11-484c-9c3c-807349c47057", "fields": {"nombre": "Liberaci\u00f3n cupos"}}, {"model": "administracion.evento", "pk": "3e4ded05-c2b4-49b0-8138-0c64f707449f", "fields": {"nombre": "Preinscripci\u00f3n de cursos"}}, {"model": "administracion.evento", "pk": "41b70f73-529b-403d-b90f-49779f361df5", "fields": {"nombre": "Formalizaci\u00f3n de examen de clasificaci\u00f3n"}}, {"model": "administracion.evento", "pk": "49cbd45b-7faf-413d-8925-694b78f0ce91", "fields": {"nombre": "Registro notas examen de clasificaci\u00f3n"}}, {"model": "administracion.evento", "pk": "79e56b8f-2892-4840-8de4-b74b0f68e95c", "fields": {"nombre": "Registro de notas cursos"}}, {"model": "administracion.evento", "pk": "85b97e3a-6e28-4978-b651-965ae631da9d", "fields": {"nombre": "Publicaci\u00f3n resultado examen de clasificaci\u00f3n"}}, {"model": "administracion.evento", "pk": "9eed7bba-8973-433e-998b-a9542b497896", "fields": {"nombre": "Formalizaci\u00f3n de cursos"}}, {"model": "administracion.evento", "pk": "a4c7d58e-e61f-4e00-913c-015f705d46c9", "fields": {"nombre": "Evaluaci\u00f3n docente"}}, {"model": "administracion.evento", "pk": "cf8b439a-d1d2-445d-9578-7c0ac7421d9e", "fields": {"nombre": "Divisi\u00f3n de cursos"}}, {"model": "administracion.evento", "pk": "d08303c8-3fdf-4b29-9dcf-a95fd9824cad", "fields": {"nombre": "Configuraci\u00f3n Examen de Clasificaci\u00f3n"}}, {"model": "administracion.evento", "pk": "e24a8e2b-3c7c-4ff9-afa7-2b4d92d219db", "fields": {"nombre": "Creaci\u00f3n de cursos"}}, {"model": "administracion.evento", "pk": "fbd9fe22-58b8-4fc7-8914-3c6cb065be59", "fields": {"nombre": "Configuraci\u00f3n Oferta Acad\u00e9mica"}}, {"model": "administracion.url", "pk": 1, "fields": {"nombre": "Configurar Examen de clasificaci\u00f3n", "url_path": "/administracion/examenclasificacion/", "eventos": ["d08303c8-3fdf-4b29-9dcf-a95fd9824cad"]}}, {"model": "administracion.url", "pk": 2, "fields": {"nombre": "Inscripci\u00f3n curso", "url_path": "/inscripcion/curso/", "eventos": ["3e4ded05-c2b4-49b0-8138-0c64f707449f"]}}, {"model": "administracion.eventoperiodo", "pk": 1, "fields": {"nombre": "2019BIM3-Preinscripci\u00f3n de cursos-PreCur1", "alias": "PreCur1", "periodo": "a1806baf-5740-4ed1-9300-cdcbb5d6e1b9", "evento": "3e4ded05-c2b4-49b0-8138-0c64f707449f", "fecha_inicio": "2019-06-21T13:40:00Z", "fecha_final": "2019-07-10T23:00:00Z"}}, {"model": "administracion.informacionpreinscripcionformalizacion", "pk": 1, "fields": {"documentos_pago": "Recibo Original y copia", "datos_pago": "Cuenta de ahorros", "fecha_citacion": "2019-07-02", "lugar_citacion": "Oficina de extensi\u00f3n", "horario_citacion": "De 8 am a 6 pm"}}, {"model": "captcha.captchastore", "pk": 7, "fields": {"challenge": "GWQZ", "response": "gwqz", "hashkey": "139d7de491aa56834095334c289a73af7145483c", "expiration": "2019-07-02T22:28:09.356Z"}}, {"model": "captcha.captchastore", "pk": 8, "fields": {"challenge": "PTHW", "response": "pthw", "hashkey": "f66c0429bfcb9747b2cf8299257d7658529de3c7", "expiration": "2019-07-03T19:57:21.506Z"}}, {"model": "auth.group", "pk": 1, "fields": {"name": "Administrador", "permissions": []}}, {"model": "auth.group", "pk": 2, "fields": {"name": "Aspirante", "permissions": []}}, {"model": "auth.group", "pk": 3, "fields": {"name": "Docente", "permissions": []}}, {"model": "auth.group", "pk": 4, "fields": {"name": "Estudiante", "permissions": []}}]