[{"model": "administracion.pais", "pk": 1, "fields": {"nombre": "Afghanistan", "alias": "AF", "indicativo": 93}}, {"model": "administracion.pais", "pk": 2, "fields": {"nombre": "Albania", "alias": "AL", "indicativo": 355}}, {"model": "administracion.pais", "pk": 3, "fields": {"nombre": "Algeria", "alias": "DZ", "indicativo": 213}}, {"model": "administracion.pais", "pk": 4, "fields": {"nombre": "American Samoa", "alias": "AS", "indicativo": 1684}}, {"model": "administracion.pais", "pk": 5, "fields": {"nombre": "Andorra", "alias": "AD", "indicativo": 376}}, {"model": "administracion.pais", "pk": 6, "fields": {"nombre": "Angola", "alias": "AO", "indicativo": 244}}, {"model": "administracion.pais", "pk": 7, "fields": {"nombre": "Anguilla", "alias": "AI", "indicativo": 1264}}, {"model": "administracion.pais", "pk": 8, "fields": {"nombre": "Antarctica", "alias": "AQ", "indicativo": 672}}, {"model": "administracion.pais", "pk": 9, "fields": {"nombre": "Antigua And Barbuda", "alias": "AG", "indicativo": 1268}}, {"model": "administracion.pais", "pk": 10, "fields": {"nombre": "Argentina", "alias": "AR", "indicativo": 54}}, {"model": "administracion.pais", "pk": 11, "fields": {"nombre": "Armenia", "alias": "AM", "indicativo": 374}}, {"model": "administracion.pais", "pk": 12, "fields": {"nombre": "Aruba", "alias": "AW", "indicativo": 297}}, {"model": "administracion.pais", "pk": 13, "fields": {"nombre": "Australia", "alias": "AU", "indicativo": 61}}, {"model": "administracion.pais", "pk": 14, "fields": {"nombre": "Austria", "alias": "AT", "indicativo": 43}}, {"model": "administracion.pais", "pk": 15, "fields": {"nombre": "Azerbaijan", "alias": "AZ", "indicativo": 994}}, {"model": "administracion.pais", "pk": 16, "fields": {"nombre": "Bahamas The", "alias": "BS", "indicativo": 1242}}, {"model": "administracion.pais", "pk": 17, "fields": {"nombre": "Bahrain", "alias": "BH", "indicativo": 973}}, {"model": "administracion.pais", "pk": 18, "fields": {"nombre": "Bangladesh", "alias": "BD", "indicativo": 880}}, {"model": "administracion.pais", "pk": 19, "fields": {"nombre": "Barbados", "alias": "BB", "indicativo": 1246}}, {"model": "administracion.pais", "pk": 20, "fields": {"nombre": "Belarus", "alias": "BY", "indicativo": 375}}, {"model": "administracion.pais", "pk": 21, "fields": {"nombre": "Belgium", "alias": "BE", "indicativo": 32}}, {"model": "administracion.pais", "pk": 22, "fields": {"nombre": "Belize", "alias": "BZ", "indicativo": 501}}, {"model": "administracion.pais", "pk": 23, "fields": {"nombre": "Benin", "alias": "BJ", "indicativo": 229}}, {"model": "administracion.pais", "pk": 24, "fields": {"nombre": "Bermuda", "alias": "BM", "indicativo": 1441}}, {"model": "administracion.pais", "pk": 25, "fields": {"nombre": "Bhutan", "alias": "BT", "indicativo": 975}}, {"model": "administracion.pais", "pk": 26, "fields": {"nombre": "Bolivia", "alias": "BO", "indicativo": 591}}, {"model": "administracion.pais", "pk": 27, "fields": {"nombre": "Bosnia and Herzegovina", "alias": "BA", "indicativo": 387}}, {"model": "administracion.pais", "pk": 28, "fields": {"nombre": "Botswana", "alias": "BW", "indicativo": 267}}, {"model": "administracion.pais", "pk": 29, "fields": {"nombre": "Bouvet Island", "alias": "BV", "indicativo": 55}}, {"model": "administracion.pais", "pk": 30, "fields": {"nombre": "Brazil", "alias": "BR", "indicativo": 246}}, {"model": "administracion.pais", "pk": 31, "fields": {"nombre": "British Indian Ocean Territory", "alias": "IO", "indicativo": 673}}, {"model": "administracion.pais", "pk": 32, "fields": {"nombre": "Brunei", "alias": "BN", "indicativo": 359}}, {"model": "administracion.pais", "pk": 33, "fields": {"nombre": "Bulgaria", "alias": "BG", "indicativo": 226}}, {"model": "administracion.pais", "pk": 34, "fields": {"nombre": "Burkina Faso", "alias": "BF", "indicativo": 257}}, {"model": "administracion.pais", "pk": 35, "fields": {"nombre": "Burundi", "alias": "BI", "indicativo": 855}}, {"model": "administracion.pais", "pk": 36, "fields": {"nombre": "Cambodia", "alias": "KH", "indicativo": 237}}, {"model": "administracion.pais", "pk": 37, "fields": {"nombre": "Cameroon", "alias": "CM", "indicativo": 1}}, {"model": "administracion.pais", "pk": 38, "fields": {"nombre": "Canada", "alias": "CA", "indicativo": 238}}, {"model": "administracion.pais", "pk": 39, "fields": {"nombre": "Cape Verde", "alias": "CV", "indicativo": 599}}, {"model": "administracion.pais", "pk": 40, "fields": {"nombre": "Cayman Islands", "alias": "KY", "indicativo": 1345}}, {"model": "administracion.pais", "pk": 41, "fields": {"nombre": "Central African Republic", "alias": "CF", "indicativo": 236}}, {"model": "administracion.pais", "pk": 42, "fields": {"nombre": "Chad", "alias": "TD", "indicativo": 235}}, {"model": "administracion.pais", "pk": 43, "fields": {"nombre": "Chile", "alias": "CL", "indicativo": 56}}, {"model": "administracion.pais", "pk": 44, "fields": {"nombre": "China", "alias": "CN", "indicativo": 86}}, {"model": "administracion.pais", "pk": 45, "fields": {"nombre": "Christmas Island", "alias": "CX", "indicativo": 61}}, {"model": "administracion.pais", "pk": 46, "fields": {"nombre": "Cocos (Keeling) Islands", "alias": "CC", "indicativo": 61}}, {"model": "administracion.pais", "pk": 47, "fields": {"nombre": "Colombia", "alias": "CO", "indicativo": 57}}, {"model": "administracion.pais", "pk": 48, "fields": {"nombre": "Comoros", "alias": "KM", "indicativo": 269}}, {"model": "administracion.pais", "pk": 49, "fields": {"nombre": "Republic Of The Congo", "alias": "CG", "indicativo": 682}}, {"model": "administracion.pais", "pk": 50, "fields": {"nombre": "Democratic Republic Of The Congo", "alias": "CD", "indicativo": 506}}, {"model": "administracion.pais", "pk": 51, "fields": {"nombre": "Cook Islands", "alias": "CK", "indicativo": 225}}, {"model": "administracion.pais", "pk": 52, "fields": {"nombre": "Costa Rica", "alias": "CR", "indicativo": 385}}, {"model": "administracion.pais", "pk": 53, "fields": {"nombre": "Cote D''Ivoire (Ivory Coast)", "alias": "CI", "indicativo": 53}}, {"model": "administracion.pais", "pk": 54, "fields": {"nombre": "Croatia (Hrvatska)", "alias": "HR", "indicativo": 599}}, {"model": "administracion.pais", "pk": 55, "fields": {"nombre": "Cuba", "alias": "CU", "indicativo": 357}}, {"model": "administracion.pais", "pk": 56, "fields": {"nombre": "Cyprus", "alias": "CY", "indicativo": 420}}, {"model": "administracion.pais", "pk": 57, "fields": {"nombre": "Czech Republic", "alias": "CZ", "indicativo": 243}}, {"model": "administracion.pais", "pk": 58, "fields": {"nombre": "Denmark", "alias": "DK", "indicativo": 45}}, {"model": "administracion.pais", "pk": 59, "fields": {"nombre": "Djibouti", "alias": "DJ", "indicativo": 253}}, {"model": "administracion.pais", "pk": 60, "fields": {"nombre": "Dominica", "alias": "DM", "indicativo": 1767}}, {"model": "administracion.pais", "pk": 61, "fields": {"nombre": "Dominican Republic", "alias": "DO", "indicativo": 1}}, {"model": "administracion.pais", "pk": 62, "fields": {"nombre": "East Timor", "alias": "TP", "indicativo": 593}}, {"model": "administracion.pais", "pk": 63, "fields": {"nombre": "Ecuador", "alias": "EC", "indicativo": 20}}, {"model": "administracion.pais", "pk": 64, "fields": {"nombre": "Egypt", "alias": "EG", "indicativo": 503}}, {"model": "administracion.pais", "pk": 65, "fields": {"nombre": "El Salvador", "alias": "SV", "indicativo": 240}}, {"model": "administracion.pais", "pk": 66, "fields": {"nombre": "Equatorial Guinea", "alias": "GQ", "indicativo": 291}}, {"model": "administracion.pais", "pk": 67, "fields": {"nombre": "Eritrea", "alias": "ER", "indicativo": 372}}, {"model": "administracion.pais", "pk": 68, "fields": {"nombre": "Estonia", "alias": "EE", "indicativo": 251}}, {"model": "administracion.pais", "pk": 69, "fields": {"nombre": "Ethiopia", "alias": "ET", "indicativo": 500}}, {"model": "administracion.pais", "pk": 70, "fields": {"nombre": "External Territories of Australia", "alias": "XA", "indicativo": 298}}, {"model": "administracion.pais", "pk": 71, "fields": {"nombre": "Falkland Islands", "alias": "FK", "indicativo": 679}}, {"model": "administracion.pais", "pk": 72, "fields": {"nombre": "Faroe Islands", "alias": "FO", "indicativo": 358}}, {"model": "administracion.pais", "pk": 73, "fields": {"nombre": "Fiji Islands", "alias": "FJ", "indicativo": 33}}, {"model": "administracion.pais", "pk": 74, "fields": {"nombre": "Finland", "alias": "FI", "indicativo": 594}}, {"model": "administracion.pais", "pk": 75, "fields": {"nombre": "France", "alias": "FR", "indicativo": 689}}, {"model": "administracion.pais", "pk": 76, "fields": {"nombre": "French Guiana", "alias": "GF", "indicativo": 241}}, {"model": "administracion.pais", "pk": 77, "fields": {"nombre": "French Polynesia", "alias": "PF", "indicativo": 220}}, {"model": "administracion.pais", "pk": 78, "fields": {"nombre": "French Southern Territories", "alias": "TF", "indicativo": 995}}, {"model": "administracion.pais", "pk": 79, "fields": {"nombre": "Gabon", "alias": "GA", "indicativo": 49}}, {"model": "administracion.pais", "pk": 80, "fields": {"nombre": "Gambia The", "alias": "GM", "indicativo": 233}}, {"model": "administracion.pais", "pk": 81, "fields": {"nombre": "Georgia", "alias": "GE", "indicativo": 350}}, {"model": "administracion.pais", "pk": 82, "fields": {"nombre": "Germany", "alias": "DE", "indicativo": 30}}, {"model": "administracion.pais", "pk": 83, "fields": {"nombre": "Ghana", "alias": "GH", "indicativo": 299}}, {"model": "administracion.pais", "pk": 84, "fields": {"nombre": "Gibraltar", "alias": "GI", "indicativo": 1473}}, {"model": "administracion.pais", "pk": 85, "fields": {"nombre": "Greece", "alias": "GR", "indicativo": 590}}, {"model": "administracion.pais", "pk": 86, "fields": {"nombre": "Greenland", "alias": "GL", "indicativo": 1671}}, {"model": "administracion.pais", "pk": 87, "fields": {"nombre": "Grenada", "alias": "GD", "indicativo": 502}}, {"model": "administracion.pais", "pk": 88, "fields": {"nombre": "Guadeloupe", "alias": "GP", "indicativo": 44}}, {"model": "administracion.pais", "pk": 89, "fields": {"nombre": "Guam", "alias": "GU", "indicativo": 224}}, {"model": "administracion.pais", "pk": 90, "fields": {"nombre": "Guatemala", "alias": "GT", "indicativo": 245}}, {"model": "administracion.pais", "pk": 91, "fields": {"nombre": "Guernsey and Alderney", "alias": "XU", "indicativo": 592}}, {"model": "administracion.pais", "pk": 92, "fields": {"nombre": "Guinea", "alias": "GN", "indicativo": 509}}, {"model": "administracion.pais", "pk": 93, "fields": {"nombre": "Guinea-Bissau", "alias": "GW", "indicativo": 504}}, {"model": "administracion.pais", "pk": 94, "fields": {"nombre": "Guyana", "alias": "GY", "indicativo": 852}}, {"model": "administracion.pais", "pk": 95, "fields": {"nombre": "Haiti", "alias": "HT", "indicativo": 36}}, {"model": "administracion.pais", "pk": 96, "fields": {"nombre": "Heard and McDonald Islands", "alias": "HM", "indicativo": 354}}, {"model": "administracion.pais", "pk": 97, "fields": {"nombre": "Honduras", "alias": "HN", "indicativo": 91}}, {"model": "administracion.pais", "pk": 98, "fields": {"nombre": "Hong Kong S.A.R.", "alias": "HK", "indicativo": 62}}, {"model": "administracion.pais", "pk": 99, "fields": {"nombre": "Hungary", "alias": "HU", "indicativo": 98}}, {"model": "administracion.pais", "pk": 100, "fields": {"nombre": "Iceland", "alias": "IS", "indicativo": 964}}, {"model": "administracion.pais", "pk": 101, "fields": {"nombre": "India", "alias": "IN", "indicativo": 353}}, {"model": "administracion.pais", "pk": 102, "fields": {"nombre": "Indonesia", "alias": "ID", "indicativo": 44}}, {"model": "administracion.pais", "pk": 103, "fields": {"nombre": "Iran", "alias": "IR", "indicativo": 972}}, {"model": "administracion.pais", "pk": 104, "fields": {"nombre": "Iraq", "alias": "IQ", "indicativo": 39}}, {"model": "administracion.pais", "pk": 105, "fields": {"nombre": "Ireland", "alias": "IE", "indicativo": 1}}, {"model": "administracion.pais", "pk": 106, "fields": {"nombre": "Israel", "alias": "IL", "indicativo": 81}}, {"model": "administracion.pais", "pk": 107, "fields": {"nombre": "Italy", "alias": "IT", "indicativo": 44}}, {"model": "administracion.pais", "pk": 108, "fields": {"nombre": "Jamaica", "alias": "JM", "indicativo": 962}}, {"model": "administracion.pais", "pk": 109, "fields": {"nombre": "Japan", "alias": "JP", "indicativo": 7}}, {"model": "administracion.pais", "pk": 110, "fields": {"nombre": "Jersey", "alias": "XJ", "indicativo": 254}}, {"model": "administracion.pais", "pk": 111, "fields": {"nombre": "Jordan", "alias": "JO", "indicativo": 686}}, {"model": "administracion.pais", "pk": 112, "fields": {"nombre": "Kazakhstan", "alias": "KZ", "indicativo": 850}}, {"model": "administracion.pais", "pk": 113, "fields": {"nombre": "Kenya", "alias": "KE", "indicativo": 82}}, {"model": "administracion.pais", "pk": 114, "fields": {"nombre": "Kiribati", "alias": "KI", "indicativo": 383}}, {"model": "administracion.pais", "pk": 115, "fields": {"nombre": "Korea North", "alias": "KP", "indicativo": 965}}, {"model": "administracion.pais", "pk": 116, "fields": {"nombre": "Korea South", "alias": "KR", "indicativo": 996}}, {"model": "administracion.pais", "pk": 117, "fields": {"nombre": "Kuwait", "alias": "KW", "indicativo": 856}}, {"model": "administracion.pais", "pk": 118, "fields": {"nombre": "Kyrgyzstan", "alias": "KG", "indicativo": 371}}, {"model": "administracion.pais", "pk": 119, "fields": {"nombre": "Laos", "alias": "LA", "indicativo": 961}}, {"model": "administracion.pais", "pk": 120, "fields": {"nombre": "Latvia", "alias": "LV", "indicativo": 266}}, {"model": "administracion.pais", "pk": 121, "fields": {"nombre": "Lebanon", "alias": "LB", "indicativo": 231}}, {"model": "administracion.pais", "pk": 122, "fields": {"nombre": "Lesotho", "alias": "LS", "indicativo": 218}}, {"model": "administracion.pais", "pk": 123, "fields": {"nombre": "Liberia", "alias": "LR", "indicativo": 423}}, {"model": "administracion.pais", "pk": 124, "fields": {"nombre": "Libya", "alias": "LY", "indicativo": 370}}, {"model": "administracion.pais", "pk": 125, "fields": {"nombre": "Liechtenstein", "alias": "LI", "indicativo": 352}}, {"model": "administracion.pais", "pk": 126, "fields": {"nombre": "Lithuania", "alias": "LT", "indicativo": 853}}, {"model": "administracion.pais", "pk": 127, "fields": {"nombre": "Luxembourg", "alias": "LU", "indicativo": 389}}, {"model": "administracion.pais", "pk": 128, "fields": {"nombre": "Macau S.A.R.", "alias": "MO", "indicativo": 261}}, {"model": "administracion.pais", "pk": 129, "fields": {"nombre": "Macedonia", "alias": "MK", "indicativo": 265}}, {"model": "administracion.pais", "pk": 130, "fields": {"nombre": "Madagascar", "alias": "MG", "indicativo": 60}}, {"model": "administracion.pais", "pk": 131, "fields": {"nombre": "Malawi", "alias": "MW", "indicativo": 960}}, {"model": "administracion.pais", "pk": 132, "fields": {"nombre": "Malaysia", "alias": "MY", "indicativo": 223}}, {"model": "administracion.pais", "pk": 133, "fields": {"nombre": "Maldives", "alias": "MV", "indicativo": 356}}, {"model": "administracion.pais", "pk": 134, "fields": {"nombre": "Mali", "alias": "ML", "indicativo": 692}}, {"model": "administracion.pais", "pk": 135, "fields": {"nombre": "Malta", "alias": "MT", "indicativo": 596}}, {"model": "administracion.pais", "pk": 136, "fields": {"nombre": "Man (Isle of)", "alias": "XM", "indicativo": 222}}, {"model": "administracion.pais", "pk": 137, "fields": {"nombre": "Marshall Islands", "alias": "MH", "indicativo": 230}}, {"model": "administracion.pais", "pk": 138, "fields": {"nombre": "Martinique", "alias": "MQ", "indicativo": 262}}, {"model": "administracion.pais", "pk": 139, "fields": {"nombre": "Mauritania", "alias": "MR", "indicativo": 52}}, {"model": "administracion.pais", "pk": 140, "fields": {"nombre": "Mauritius", "alias": "MU", "indicativo": 691}}, {"model": "administracion.pais", "pk": 141, "fields": {"nombre": "Mayotte", "alias": "YT", "indicativo": 373}}, {"model": "administracion.pais", "pk": 142, "fields": {"nombre": "Mexico", "alias": "MX", "indicativo": 377}}, {"model": "administracion.pais", "pk": 143, "fields": {"nombre": "Micronesia", "alias": "FM", "indicativo": 976}}, {"model": "administracion.pais", "pk": 144, "fields": {"nombre": "Moldova", "alias": "MD", "indicativo": 382}}, {"model": "administracion.pais", "pk": 145, "fields": {"nombre": "Monaco", "alias": "MC", "indicativo": 1664}}, {"model": "administracion.pais", "pk": 146, "fields": {"nombre": "Mongolia", "alias": "MN", "indicativo": 212}}, {"model": "administracion.pais", "pk": 147, "fields": {"nombre": "Montserrat", "alias": "MS", "indicativo": 258}}, {"model": "administracion.pais", "pk": 148, "fields": {"nombre": "Morocco", "alias": "MA", "indicativo": 95}}, {"model": "administracion.pais", "pk": 149, "fields": {"nombre": "Mozambique", "alias": "MZ", "indicativo": 264}}, {"model": "administracion.pais", "pk": 150, "fields": {"nombre": "Myanmar", "alias": "MM", "indicativo": 674}}, {"model": "administracion.pais", "pk": 151, "fields": {"nombre": "Namibia", "alias": "NA", "indicativo": 977}}, {"model": "administracion.pais", "pk": 152, "fields": {"nombre": "Nauru", "alias": "NR", "indicativo": 31}}, {"model": "administracion.pais", "pk": 153, "fields": {"nombre": "Nepal", "alias": "NP", "indicativo": 687}}, {"model": "administracion.pais", "pk": 154, "fields": {"nombre": "Netherlands Antilles", "alias": "AN", "indicativo": 64}}, {"model": "administracion.pais", "pk": 155, "fields": {"nombre": "Netherlands The", "alias": "NL", "indicativo": 505}}, {"model": "administracion.pais", "pk": 156, "fields": {"nombre": "New Caledonia", "alias": "NC", "indicativo": 227}}, {"model": "administracion.pais", "pk": 157, "fields": {"nombre": "New Zealand", "alias": "NZ", "indicativo": 234}}, {"model": "administracion.pais", "pk": 158, "fields": {"nombre": "Nicaragua", "alias": "NI", "indicativo": 683}}, {"model": "administracion.pais", "pk": 159, "fields": {"nombre": "Niger", "alias": "NE", "indicativo": 672}}, {"model": "administracion.pais", "pk": 160, "fields": {"nombre": "Nigeria", "alias": "NG", "indicativo": 1670}}, {"model": "administracion.pais", "pk": 161, "fields": {"nombre": "Niue", "alias": "NU", "indicativo": 47}}, {"model": "administracion.pais", "pk": 162, "fields": {"nombre": "Norfolk Island", "alias": "NF", "indicativo": 968}}, {"model": "administracion.pais", "pk": 163, "fields": {"nombre": "Northern Mariana Islands", "alias": "MP", "indicativo": 92}}, {"model": "administracion.pais", "pk": 164, "fields": {"nombre": "Norway", "alias": "NO", "indicativo": 680}}, {"model": "administracion.pais", "pk": 165, "fields": {"nombre": "Oman", "alias": "OM", "indicativo": 970}}, {"model": "administracion.pais", "pk": 166, "fields": {"nombre": "Pakistan", "alias": "PK", "indicativo": 507}}, {"model": "administracion.pais", "pk": 167, "fields": {"nombre": "Palau", "alias": "PW", "indicativo": 675}}, {"model": "administracion.pais", "pk": 168, "fields": {"nombre": "Palestinian Territory Occupied", "alias": "PS", "indicativo": 595}}, {"model": "administracion.pais", "pk": 169, "fields": {"nombre": "Panama", "alias": "PA", "indicativo": 51}}, {"model": "administracion.pais", "pk": 170, "fields": {"nombre": "Papua new Guinea", "alias": "PG", "indicativo": 63}}, {"model": "administracion.pais", "pk": 171, "fields": {"nombre": "Paraguay", "alias": "PY", "indicativo": 48}}, {"model": "administracion.pais", "pk": 172, "fields": {"nombre": "Peru", "alias": "PE", "indicativo": 351}}, {"model": "administracion.pais", "pk": 173, "fields": {"nombre": "Philippines", "alias": "PH", "indicativo": 1}}, {"model": "administracion.pais", "pk": 174, "fields": {"nombre": "Pitcairn Island", "alias": "PN", "indicativo": 974}}, {"model": "administracion.pais", "pk": 175, "fields": {"nombre": "Poland", "alias": "PL", "indicativo": 242}}, {"model": "administracion.pais", "pk": 176, "fields": {"nombre": "Portugal", "alias": "PT", "indicativo": 262}}, {"model": "administracion.pais", "pk": 177, "fields": {"nombre": "Puerto Rico", "alias": "PR", "indicativo": 40}}, {"model": "administracion.pais", "pk": 178, "fields": {"nombre": "Qatar", "alias": "QA", "indicativo": 7}}, {"model": "administracion.pais", "pk": 179, "fields": {"nombre": "Reunion", "alias": "RE", "indicativo": 250}}, {"model": "administracion.pais", "pk": 180, "fields": {"nombre": "Romania", "alias": "RO", "indicativo": 590}}, {"model": "administracion.pais", "pk": 181, "fields": {"nombre": "Russia", "alias": "RU", "indicativo": 290}}, {"model": "administracion.pais", "pk": 182, "fields": {"nombre": "Rwanda", "alias": "RW", "indicativo": 1869}}, {"model": "administracion.pais", "pk": 183, "fields": {"nombre": "Saint Helena", "alias": "SH", "indicativo": 1758}}, {"model": "administracion.pais", "pk": 184, "fields": {"nombre": "Saint Kitts And Nevis", "alias": "KN", "indicativo": 590}}, {"model": "administracion.pais", "pk": 185, "fields": {"nombre": "Saint Lucia", "alias": "LC", "indicativo": 508}}, {"model": "administracion.pais", "pk": 186, "fields": {"nombre": "Saint Pierre and Miquelon", "alias": "PM", "indicativo": 1784}}, {"model": "administracion.pais", "pk": 187, "fields": {"nombre": "Saint Vincent And The Grenadines", "alias": "VC", "indicativo": 685}}, {"model": "administracion.pais", "pk": 188, "fields": {"nombre": "Samoa", "alias": "WS", "indicativo": 378}}, {"model": "administracion.pais", "pk": 189, "fields": {"nombre": "San Marino", "alias": "SM", "indicativo": 239}}, {"model": "administracion.pais", "pk": 190, "fields": {"nombre": "Sao Tome and Principe", "alias": "ST", "indicativo": 966}}, {"model": "administracion.pais", "pk": 191, "fields": {"nombre": "Saudi Arabia", "alias": "SA", "indicativo": 221}}, {"model": "administracion.pais", "pk": 192, "fields": {"nombre": "Senegal", "alias": "SN", "indicativo": 381}}, {"model": "administracion.pais", "pk": 193, "fields": {"nombre": "Serbia", "alias": "RS", "indicativo": 248}}, {"model": "administracion.pais", "pk": 194, "fields": {"nombre": "Seychelles", "alias": "SC", "indicativo": 232}}, {"model": "administracion.pais", "pk": 195, "fields": {"nombre": "Sierra Leone", "alias": "SL", "indicativo": 65}}, {"model": "administracion.pais", "pk": 196, "fields": {"nombre": "Singapore", "alias": "SG", "indicativo": 1721}}, {"model": "administracion.pais", "pk": 197, "fields": {"nombre": "Slovakia", "alias": "SK", "indicativo": 421}}, {"model": "administracion.pais", "pk": 198, "fields": {"nombre": "Slovenia", "alias": "SI", "indicativo": 386}}, {"model": "administracion.pais", "pk": 199, "fields": {"nombre": "Smaller Territories of the UK", "alias": "XG", "indicativo": 677}}, {"model": "administracion.pais", "pk": 200, "fields": {"nombre": "Solomon Islands", "alias": "SB", "indicativo": 252}}, {"model": "administracion.pais", "pk": 201, "fields": {"nombre": "Somalia", "alias": "SO", "indicativo": 27}}, {"model": "administracion.pais", "pk": 202, "fields": {"nombre": "South Africa", "alias": "ZA", "indicativo": 211}}, {"model": "administracion.pais", "pk": 203, "fields": {"nombre": "South Georgia", "alias": "GS", "indicativo": 34}}, {"model": "administracion.pais", "pk": 204, "fields": {"nombre": "South Sudan", "alias": "SS", "indicativo": 94}}, {"model": "administracion.pais", "pk": 205, "fields": {"nombre": "Spain", "alias": "ES", "indicativo": 249}}, {"model": "administracion.pais", "pk": 206, "fields": {"nombre": "Sri Lanka", "alias": "LK", "indicativo": 597}}, {"model": "administracion.pais", "pk": 207, "fields": {"nombre": "Sudan", "alias": "SD", "indicativo": 47}}, {"model": "administracion.pais", "pk": 208, "fields": {"nombre": "Suriname", "alias": "SR", "indicativo": 268}}, {"model": "administracion.pais", "pk": 209, "fields": {"nombre": "Svalbard And Jan Mayen Islands", "alias": "SJ", "indicativo": 46}}, {"model": "administracion.pais", "pk": 210, "fields": {"nombre": "Swaziland", "alias": "SZ", "indicativo": 41}}, {"model": "administracion.pais", "pk": 211, "fields": {"nombre": "Sweden", "alias": "SE", "indicativo": 963}}, {"model": "administracion.pais", "pk": 212, "fields": {"nombre": "Switzerland", "alias": "CH", "indicativo": 886}}, {"model": "administracion.pais", "pk": 213, "fields": {"nombre": "Syria", "alias": "SY", "indicativo": 992}}, {"model": "administracion.pais", "pk": 214, "fields": {"nombre": "Taiwan", "alias": "TW", "indicativo": 255}}, {"model": "administracion.pais", "pk": 215, "fields": {"nombre": "Tajikistan", "alias": "TJ", "indicativo": 66}}, {"model": "administracion.pais", "pk": 216, "fields": {"nombre": "Tanzania", "alias": "TZ", "indicativo": 670}}, {"model": "administracion.pais", "pk": 217, "fields": {"nombre": "Thailand", "alias": "TH", "indicativo": 228}}, {"model": "administracion.pais", "pk": 218, "fields": {"nombre": "Togo", "alias": "TG", "indicativo": 690}}, {"model": "administracion.pais", "pk": 219, "fields": {"nombre": "Tokelau", "alias": "TK", "indicativo": 676}}, {"model": "administracion.pais", "pk": 220, "fields": {"nombre": "Tonga", "alias": "TO", "indicativo": 1868}}, {"model": "administracion.pais", "pk": 221, "fields": {"nombre": "Trinidad And Tobago", "alias": "TT", "indicativo": 216}}, {"model": "administracion.pais", "pk": 222, "fields": {"nombre": "Tunisia", "alias": "TN", "indicativo": 90}}, {"model": "administracion.pais", "pk": 223, "fields": {"nombre": "Turkey", "alias": "TR", "indicativo": 993}}, {"model": "administracion.pais", "pk": 224, "fields": {"nombre": "Turkmenistan", "alias": "TM", "indicativo": 1649}}, {"model": "administracion.pais", "pk": 225, "fields": {"nombre": "Turks And Caicos Islands", "alias": "TC", "indicativo": 688}}, {"model": "administracion.pais", "pk": 226, "fields": {"nombre": "Tuvalu", "alias": "TV", "indicativo": 256}}, {"model": "administracion.pais", "pk": 227, "fields": {"nombre": "Uganda", "alias": "UG", "indicativo": 380}}, {"model": "administracion.pais", "pk": 228, "fields": {"nombre": "Ukraine", "alias": "UA", "indicativo": 971}}, {"model": "administracion.pais", "pk": 229, "fields": {"nombre": "United Arab Emirates", "alias": "AE", "indicativo": 44}}, {"model": "administracion.pais", "pk": 230, "fields": {"nombre": "United Kingdom", "alias": "GB", "indicativo": 1}}, {"model": "administracion.pais", "pk": 231, "fields": {"nombre": "United States", "alias": "US", "indicativo": 598}}, {"model": "administracion.pais", "pk": 232, "fields": {"nombre": "United States Minor Outlying Islands", "alias": "UM", "indicativo": 998}}, {"model": "administracion.pais", "pk": 233, "fields": {"nombre": "Uruguay", "alias": "UY", "indicativo": 678}}, {"model": "administracion.pais", "pk": 234, "fields": {"nombre": "Uzbekistan", "alias": "UZ", "indicativo": 39}}, {"model": "administracion.pais", "pk": 235, "fields": {"nombre": "Vanuatu", "alias": "VU", "indicativo": 58}}, {"model": "administracion.pais", "pk": 236, "fields": {"nombre": "Vatican City State (Holy See)", "alias": "VA", "indicativo": 84}}, {"model": "administracion.pais", "pk": 237, "fields": {"nombre": "Venezuela", "alias": "VE", "indicativo": 1284}}, {"model": "administracion.pais", "pk": 238, "fields": {"nombre": "Vietnam", "alias": "VN", "indicativo": 1340}}, {"model": "administracion.pais", "pk": 239, "fields": {"nombre": "Virgin Islands (British)", "alias": "VG", "indicativo": 681}}, {"model": "administracion.pais", "pk": 240, "fields": {"nombre": "Virgin Islands (US)", "alias": "VI", "indicativo": 212}}, {"model": "administracion.pais", "pk": 241, "fields": {"nombre": "Wallis And Futuna Islands", "alias": "WF", "indicativo": 967}}, {"model": "administracion.pais", "pk": 242, "fields": {"nombre": "Western Sahara", "alias": "EH", "indicativo": 260}}, {"model": "administracion.pais", "pk": 243, "fields": {"nombre": "Yemen", "alias": "YE", "indicativo": 263}}, {"model": "administracion.pais", "pk": 244, "fields": {"nombre": "Yugoslavia", "alias": "YU", "indicativo": 0}}, {"model": "administracion.pais", "pk": 245, "fields": {"nombre": "Zambia", "alias": "ZM", "indicativo": 0}}, {"model": "administracion.pais", "pk": 246, "fields": {"nombre": "Zimbabwe", "alias": "ZW", "indicativo": 0}}, {"model": "administracion.region", "pk": 5, "fields": {"nombre": "Antioquia", "pais": 47}}, {"model": "administracion.region", "pk": 8, "fields": {"nombre": "Atl\u00e1ntico", "pais": 47}}, {"model": "administracion.region", "pk": 11, "fields": {"nombre": "Bogot\u00e1, d.c.", "pais": 47}}, {"model": "administracion.region", "pk": 13, "fields": {"nombre": "Bol\u00edvar", "pais": 47}}, {"model": "administracion.region", "pk": 15, "fields": {"nombre": "Boyac\u00e1", "pais": 47}}, {"model": "administracion.region", "pk": 17, "fields": {"nombre": "Caldas", "pais": 47}}, {"model": "administracion.region", "pk": 18, "fields": {"nombre": "Caquet\u00e1", "pais": 47}}, {"model": "administracion.region", "pk": 19, "fields": {"nombre": "Cauca", "pais": 47}}, {"model": "administracion.region", "pk": 20, "fields": {"nombre": "Cesar", "pais": 47}}, {"model": "administracion.region", "pk": 23, "fields": {"nombre": "C\u00f3rdoba", "pais": 47}}, {"model": "administracion.region", "pk": 25, "fields": {"nombre": "Cundinamarca", "pais": 47}}, {"model": "administracion.region", "pk": 27, "fields": {"nombre": "Choc\u00f3", "pais": 47}}, {"model": "administracion.region", "pk": 41, "fields": {"nombre": "Huila", "pais": 47}}, {"model": "administracion.region", "pk": 44, "fields": {"nombre": "La Guajira", "pais": 47}}, {"model": "administracion.region", "pk": 47, "fields": {"nombre": "Magdalena", "pais": 47}}, {"model": "administracion.region", "pk": 50, "fields": {"nombre": "Meta", "pais": 47}}, {"model": "administracion.region", "pk": 52, "fields": {"nombre": "Nari\u00f1o", "pais": 47}}, {"model": "administracion.region", "pk": 54, "fields": {"nombre": "Norte de Santander", "pais": 47}}, {"model": "administracion.region", "pk": 63, "fields": {"nombre": "Quindio", "pais": 47}}, {"model": "administracion.region", "pk": 66, "fields": {"nombre": "Risaralda", "pais": 47}}, {"model": "administracion.region", "pk": 68, "fields": {"nombre": "Santander", "pais": 47}}, {"model": "administracion.region", "pk": 70, "fields": {"nombre": "Sucre", "pais": 47}}, {"model": "administracion.region", "pk": 73, "fields": {"nombre": "Tolima", "pais": 47}}, {"model": "administracion.region", "pk": 76, "fields": {"nombre": "Valle del Cauca", "pais": 47}}, {"model": "administracion.region", "pk": 81, "fields": {"nombre": "Arauca", "pais": 47}}, {"model": "administracion.region", "pk": 85, "fields": {"nombre": "Casanare", "pais": 47}}, {"model": "administracion.region", "pk": 86, "fields": {"nombre": "Putumayo", "pais": 47}}, {"model": "administracion.region", "pk": 88, "fields": {"nombre": "Archipi\u00e9lago de San Andr\u00e9s, Providencia y Santa Catalina", "pais": 47}}, {"model": "administracion.region", "pk": 91, "fields": {"nombre": "Amazonas", "pais": 47}}, {"model": "administracion.region", "pk": 94, "fields": {"nombre": "Guain\u00eda", "pais": 47}}, {"model": "administracion.region", "pk": 95, "fields": {"nombre": "Guaviare", "pais": 47}}, {"model": "administracion.region", "pk": 97, "fields": {"nombre": "Vaup\u00e9s", "pais": 47}}, {"model": "administracion.region", "pk": 99, "fields": {"nombre": "Vichada", "pais": 47}}, {"model": "administracion.region", "pk": 250, "fields": {"nombre": "Mauritania", "pais": 139}}, {"model": "administracion.region", "pk": 251, "fields": {"nombre": "Qatar", "pais": 178}}, {"model": "administracion.region", "pk": 252, "fields": {"nombre": "Egypt", "pais": 64}}, {"model": "administracion.region", "pk": 253, "fields": {"nombre": "Palestinian Territory Occupied", "pais": 168}}, {"model": "administracion.region", "pk": 254, "fields": {"nombre": "Northern Mariana Islands", "pais": 163}}, {"model": "administracion.region", "pk": 255, "fields": {"nombre": "Netherlands Antilles", "pais": 154}}, {"model": "administracion.region", "pk": 256, "fields": {"nombre": "Swaziland", "pais": 210}}, {"model": "administracion.region", "pk": 257, "fields": {"nombre": "French Polynesia", "pais": 77}}, {"model": "administracion.region", "pk": 258, "fields": {"nombre": "Niger", "pais": 159}}, {"model": "administracion.region", "pk": 259, "fields": {"nombre": "Moldova", "pais": 144}}, {"model": "administracion.region", "pk": 260, "fields": {"nombre": "Barbados", "pais": 19}}, {"model": "administracion.region", "pk": 261, "fields": {"nombre": "Lithuania", "pais": 126}}, {"model": "administracion.region", "pk": 262, "fields": {"nombre": "Malawi", "pais": 131}}, {"model": "administracion.region", "pk": 263, "fields": {"nombre": "Marshall Islands", "pais": 137}}, {"model": "administracion.region", "pk": 264, "fields": {"nombre": "Canada", "pais": 38}}, {"model": "administracion.region", "pk": 265, "fields": {"nombre": "Nicaragua", "pais": 158}}, {"model": "administracion.region", "pk": 266, "fields": {"nombre": "Benin", "pais": 23}}, {"model": "administracion.region", "pk": 267, "fields": {"nombre": "Indonesia", "pais": 102}}, {"model": "administracion.region", "pk": 268, "fields": {"nombre": "Bhutan", "pais": 25}}, {"model": "administracion.region", "pk": 269, "fields": {"nombre": "Yugoslavia", "pais": 244}}, {"model": "administracion.region", "pk": 270, "fields": {"nombre": "Zambia", "pais": 245}}, {"model": "administracion.region", "pk": 271, "fields": {"nombre": "Zimbabwe", "pais": 246}}, {"model": "administracion.region", "pk": 272, "fields": {"nombre": "Jersey", "pais": 110}}, {"model": "administracion.region", "pk": 273, "fields": {"nombre": "Vanuatu", "pais": 235}}, {"model": "administracion.region", "pk": 274, "fields": {"nombre": "Chile", "pais": 43}}, {"model": "administracion.region", "pk": 275, "fields": {"nombre": "Niue", "pais": 161}}, {"model": "administracion.region", "pk": 276, "fields": {"nombre": "Bouvet Island", "pais": 29}}, {"model": "administracion.region", "pk": 277, "fields": {"nombre": "Kiribati", "pais": 114}}, {"model": "administracion.region", "pk": 278, "fields": {"nombre": "Anguilla", "pais": 7}}, {"model": "administracion.region", "pk": 279, "fields": {"nombre": "Peru", "pais": 172}}, {"model": "administracion.region", "pk": 280, "fields": {"nombre": "Virgin Islands (British)", "pais": 239}}, {"model": "administracion.region", "pk": 281, "fields": {"nombre": "Bulgaria", "pais": 33}}, {"model": "administracion.region", "pk": 282, "fields": {"nombre": "Poland", "pais": 175}}, {"model": "administracion.region", "pk": 283, "fields": {"nombre": "Thailand", "pais": 217}}, {"model": "administracion.region", "pk": 284, "fields": {"nombre": "Grenada", "pais": 87}}, {"model": "administracion.region", "pk": 285, "fields": {"nombre": "Ireland", "pais": 105}}, {"model": "administracion.region", "pk": 286, "fields": {"nombre": "Somalia", "pais": 201}}, {"model": "administracion.region", "pk": 287, "fields": {"nombre": "Venezuela", "pais": 237}}, {"model": "administracion.region", "pk": 288, "fields": {"nombre": "Oman", "pais": 165}}, {"model": "administracion.region", "pk": 289, "fields": {"nombre": "Slovakia", "pais": 197}}, {"model": "administracion.region", "pk": 290, "fields": {"nombre": "Togo", "pais": 218}}, {"model": "administracion.region", "pk": 291, "fields": {"nombre": "Cyprus", "pais": 56}}, {"model": "administracion.region", "pk": 292, "fields": {"nombre": "Iran", "pais": 103}}, {"model": "administracion.region", "pk": 293, "fields": {"nombre": "Bosnia and Herzegovina", "pais": 27}}, {"model": "administracion.region", "pk": 294, "fields": {"nombre": "Sudan", "pais": 207}}, {"model": "administracion.region", "pk": 295, "fields": {"nombre": "Guinea-Bissau", "pais": 93}}, {"model": "administracion.region", "pk": 296, "fields": {"nombre": "Italy", "pais": 107}}, {"model": "administracion.region", "pk": 297, "fields": {"nombre": "Bolivia", "pais": 26}}, {"model": "administracion.region", "pk": 298, "fields": {"nombre": "Norway", "pais": 164}}, {"model": "administracion.region", "pk": 299, "fields": {"nombre": "Lesotho", "pais": 122}}, {"model": "administracion.region", "pk": 300, "fields": {"nombre": "Man (Isle of)", "pais": 136}}, {"model": "administracion.region", "pk": 301, "fields": {"nombre": "Nepal", "pais": 153}}, {"model": "administracion.region", "pk": 302, "fields": {"nombre": "East Timor", "pais": 62}}, {"model": "administracion.region", "pk": 303, "fields": {"nombre": "Sri Lanka", "pais": 206}}, {"model": "administracion.region", "pk": 304, "fields": {"nombre": "Virgin Islands (US)", "pais": 240}}, {"model": "administracion.region", "pk": 305, "fields": {"nombre": "Tunisia", "pais": 222}}, {"model": "administracion.region", "pk": 306, "fields": {"nombre": "Guernsey and Alderney", "pais": 91}}, {"model": "administracion.region", "pk": 307, "fields": {"nombre": "Martinique", "pais": 138}}, {"model": "administracion.region", "pk": 308, "fields": {"nombre": "China", "pais": 44}}, {"model": "administracion.region", "pk": 309, "fields": {"nombre": "Macedonia", "pais": 129}}, {"model": "administracion.region", "pk": 310, "fields": {"nombre": "Tokelau", "pais": 219}}, {"model": "administracion.region", "pk": 311, "fields": {"nombre": "Bahrain", "pais": 17}}, {"model": "administracion.region", "pk": 312, "fields": {"nombre": "Equatorial Guinea", "pais": 66}}, {"model": "administracion.region", "pk": 313, "fields": {"nombre": "Democratic Republic Of The Congo", "pais": 50}}, {"model": "administracion.region", "pk": 314, "fields": {"nombre": "Portugal", "pais": 176}}, {"model": "administracion.region", "pk": 315, "fields": {"nombre": "Netherlands The", "pais": 155}}, {"model": "administracion.region", "pk": 316, "fields": {"nombre": "Heard and McDonald Islands", "pais": 96}}, {"model": "administracion.region", "pk": 317, "fields": {"nombre": "Nigeria", "pais": 160}}, {"model": "administracion.region", "pk": 318, "fields": {"nombre": "Bermuda", "pais": 24}}, {"model": "administracion.region", "pk": 319, "fields": {"nombre": "Taiwan", "pais": 214}}, {"model": "administracion.region", "pk": 320, "fields": {"nombre": "Bangladesh", "pais": 18}}, {"model": "administracion.region", "pk": 321, "fields": {"nombre": "Sweden", "pais": 211}}, {"model": "administracion.region", "pk": 322, "fields": {"nombre": "Madagascar", "pais": 130}}, {"model": "administracion.region", "pk": 323, "fields": {"nombre": "New Zealand", "pais": 157}}, {"model": "administracion.region", "pk": 324, "fields": {"nombre": "Central African Republic", "pais": 41}}, {"model": "administracion.region", "pk": 325, "fields": {"nombre": "Croatia (Hrvatska)", "pais": 54}}, {"model": "administracion.region", "pk": 326, "fields": {"nombre": "Comoros", "pais": 48}}, {"model": "administracion.region", "pk": 327, "fields": {"nombre": "French Southern Territories", "pais": 78}}, {"model": "administracion.region", "pk": 328, "fields": {"nombre": "Sao Tome and Principe", "pais": 190}}, {"model": "administracion.region", "pk": 329, "fields": {"nombre": "Monaco", "pais": 145}}, {"model": "administracion.region", "pk": 330, "fields": {"nombre": "Kuwait", "pais": 117}}, {"model": "administracion.region", "pk": 331, "fields": {"nombre": "Jamaica", "pais": 108}}, {"model": "administracion.region", "pk": 332, "fields": {"nombre": "Greenland", "pais": 86}}, {"model": "administracion.region", "pk": 333, "fields": {"nombre": "Burundi", "pais": 35}}, {"model": "administracion.region", "pk": 334, "fields": {"nombre": "Saint Pierre and Miquelon", "pais": 186}}, {"model": "administracion.region", "pk": 335, "fields": {"nombre": "Turkmenistan", "pais": 224}}, {"model": "administracion.region", "pk": 336, "fields": {"nombre": "Denmark", "pais": 58}}, {"model": "administracion.region", "pk": 337, "fields": {"nombre": "Cape Verde", "pais": 39}}, {"model": "administracion.region", "pk": 338, "fields": {"nombre": "Smaller Territories of the UK", "pais": 199}}, {"model": "administracion.region", "pk": 339, "fields": {"nombre": "Montserrat", "pais": 147}}, {"model": "administracion.region", "pk": 340, "fields": {"nombre": "Uruguay", "pais": 233}}, {"model": "administracion.region", "pk": 341, "fields": {"nombre": "Cuba", "pais": 55}}, {"model": "administracion.region", "pk": 342, "fields": {"nombre": "Yemen", "pais": 243}}, {"model": "administracion.region", "pk": 343, "fields": {"nombre": "Botswana", "pais": 28}}, {"model": "administracion.region", "pk": 344, "fields": {"nombre": "Senegal", "pais": 192}}, {"model": "administracion.region", "pk": 345, "fields": {"nombre": "Tanzania", "pais": 216}}, {"model": "administracion.region", "pk": 346, "fields": {"nombre": "Azerbaijan", "pais": 15}}, {"model": "administracion.region", "pk": 347, "fields": {"nombre": "Kyrgyzstan", "pais": 118}}, {"model": "administracion.region", "pk": 348, "fields": {"nombre": "Greece", "pais": 85}}, {"model": "administracion.region", "pk": 349, "fields": {"nombre": "Malaysia", "pais": 132}}, {"model": "administracion.region", "pk": 350, "fields": {"nombre": "Mali", "pais": 134}}, {"model": "administracion.region", "pk": 351, "fields": {"nombre": "India", "pais": 101}}, {"model": "administracion.region", "pk": 352, "fields": {"nombre": "Syria", "pais": 213}}, {"model": "administracion.region", "pk": 353, "fields": {"nombre": "Maldives", "pais": 133}}, {"model": "administracion.region", "pk": 354, "fields": {"nombre": "Uganda", "pais": 227}}, {"model": "administracion.region", "pk": 355, "fields": {"nombre": "Myanmar", "pais": 150}}, {"model": "administracion.region", "pk": 356, "fields": {"nombre": "Haiti", "pais": 95}}, {"model": "administracion.region", "pk": 357, "fields": {"nombre": "Wallis And Futuna Islands", "pais": 241}}, {"model": "administracion.region", "pk": 358, "fields": {"nombre": "Vatican City State (Holy See)", "pais": 236}}, {"model": "administracion.region", "pk": 359, "fields": {"nombre": "Puerto Rico", "pais": 177}}, {"model": "administracion.region", "pk": 360, "fields": {"nombre": "Gabon", "pais": 79}}, {"model": "administracion.region", "pk": 361, "fields": {"nombre": "French Guiana", "pais": 76}}, {"model": "administracion.region", "pk": 362, "fields": {"nombre": "Russia", "pais": 181}}, {"model": "administracion.region", "pk": 363, "fields": {"nombre": "Guyana", "pais": 94}}, {"model": "administracion.region", "pk": 364, "fields": {"nombre": "Philippines", "pais": 173}}, {"model": "administracion.region", "pk": 365, "fields": {"nombre": "Estonia", "pais": 68}}, {"model": "administracion.region", "pk": 366, "fields": {"nombre": "Mayotte", "pais": 141}}, {"model": "administracion.region", "pk": 367, "fields": {"nombre": "Honduras", "pais": 97}}, {"model": "administracion.region", "pk": 368, "fields": {"nombre": "Uzbekistan", "pais": 234}}, {"model": "administracion.region", "pk": 369, "fields": {"nombre": "Aruba", "pais": 12}}, {"model": "administracion.region", "pk": 370, "fields": {"nombre": "Saint Lucia", "pais": 185}}, {"model": "administracion.region", "pk": 371, "fields": {"nombre": "France", "pais": 75}}, {"model": "administracion.region", "pk": 372, "fields": {"nombre": "Czech Republic", "pais": 57}}, {"model": "administracion.region", "pk": 373, "fields": {"nombre": "Afghanistan", "pais": 1}}, {"model": "administracion.region", "pk": 374, "fields": {"nombre": "Mongolia", "pais": 146}}, {"model": "administracion.region", "pk": 375, "fields": {"nombre": "New Caledonia", "pais": 156}}, {"model": "administracion.region", "pk": 376, "fields": {"nombre": "Panama", "pais": 169}}, {"model": "administracion.region", "pk": 377, "fields": {"nombre": "Fiji Islands", "pais": 73}}, {"model": "administracion.region", "pk": 378, "fields": {"nombre": "Korea South", "pais": 116}}, {"model": "administracion.region", "pk": 379, "fields": {"nombre": "Tuvalu", "pais": 226}}, {"model": "administracion.region", "pk": 380, "fields": {"nombre": "Ecuador", "pais": 63}}, {"model": "administracion.region", "pk": 381, "fields": {"nombre": "Papua new Guinea", "pais": 170}}, {"model": "administracion.region", "pk": 382, "fields": {"nombre": "United Kingdom", "pais": 230}}, {"model": "administracion.region", "pk": 383, "fields": {"nombre": "South Sudan", "pais": 204}}, {"model": "administracion.region", "pk": 384, "fields": {"nombre": "Jordan", "pais": 111}}, {"model": "administracion.region", "pk": 385, "fields": {"nombre": "Tajikistan", "pais": 215}}, {"model": "administracion.region", "pk": 386, "fields": {"nombre": "Sierra Leone", "pais": 195}}, {"model": "administracion.region", "pk": 387, "fields": {"nombre": "Hungary", "pais": 99}}, {"model": "administracion.region", "pk": 388, "fields": {"nombre": "Israel", "pais": 106}}, {"model": "administracion.region", "pk": 389, "fields": {"nombre": "Dominica", "pais": 60}}, {"model": "administracion.region", "pk": 390, "fields": {"nombre": "Morocco", "pais": 148}}, {"model": "administracion.region", "pk": 391, "fields": {"nombre": "Libya", "pais": 124}}, {"model": "administracion.region", "pk": 392, "fields": {"nombre": "Iceland", "pais": 100}}, {"model": "administracion.region", "pk": 393, "fields": {"nombre": "Luxembourg", "pais": 127}}, {"model": "administracion.region", "pk": 394, "fields": {"nombre": "Kenya", "pais": 113}}, {"model": "administracion.region", "pk": 395, "fields": {"nombre": "Belgium", "pais": 21}}, {"model": "administracion.region", "pk": 396, "fields": {"nombre": "Turks And Caicos Islands", "pais": 225}}, {"model": "administracion.region", "pk": 397, "fields": {"nombre": "Mexico", "pais": 142}}, {"model": "administracion.region", "pk": 398, "fields": {"nombre": "Solomon Islands", "pais": 200}}, {"model": "administracion.region", "pk": 399, "fields": {"nombre": "Finland", "pais": 74}}, {"model": "administracion.region", "pk": 400, "fields": {"nombre": "Kazakhstan", "pais": 112}}, {"model": "administracion.region", "pk": 401, "fields": {"nombre": "El Salvador", "pais": 65}}, {"model": "administracion.region", "pk": 402, "fields": {"nombre": "Korea North", "pais": 115}}, {"model": "administracion.region", "pk": 403, "fields": {"nombre": "Australia", "pais": 13}}, {"model": "administracion.region", "pk": 404, "fields": {"nombre": "United States", "pais": 231}}, {"model": "administracion.region", "pk": 405, "fields": {"nombre": "Gambia The", "pais": 80}}, {"model": "administracion.region", "pk": 406, "fields": {"nombre": "Brunei", "pais": 32}}, {"model": "administracion.region", "pk": 407, "fields": {"nombre": "Lebanon", "pais": 121}}, {"model": "administracion.region", "pk": 408, "fields": {"nombre": "Cameroon", "pais": 37}}, {"model": "administracion.region", "pk": 409, "fields": {"nombre": "Latvia", "pais": 120}}, {"model": "administracion.region", "pk": 410, "fields": {"nombre": "Georgia", "pais": 81}}, {"model": "administracion.region", "pk": 411, "fields": {"nombre": "Pakistan", "pais": 166}}, {"model": "administracion.region", "pk": 412, "fields": {"nombre": "Cayman Islands", "pais": 40}}, {"model": "administracion.region", "pk": 413, "fields": {"nombre": "Turkey", "pais": 223}}, {"model": "administracion.region", "pk": 414, "fields": {"nombre": "Germany", "pais": 82}}, {"model": "administracion.region", "pk": 415, "fields": {"nombre": "Algeria", "pais": 3}}, {"model": "administracion.region", "pk": 416, "fields": {"nombre": "Japan", "pais": 109}}, {"model": "administracion.region", "pk": 417, "fields": {"nombre": "Malta", "pais": 135}}, {"model": "administracion.region", "pk": 418, "fields": {"nombre": "Andorra", "pais": 5}}, {"model": "administracion.region", "pk": 419, "fields": {"nombre": "Iraq", "pais": 104}}, {"model": "administracion.region", "pk": 420, "fields": {"nombre": "Paraguay", "pais": 171}}, {"model": "administracion.region", "pk": 421, "fields": {"nombre": "Liechtenstein", "pais": 125}}, {"model": "administracion.region", "pk": 422, "fields": {"nombre": "Cook Islands", "pais": 51}}, {"model": "administracion.region", "pk": 423, "fields": {"nombre": "Cote D''Ivoire (Ivory Coast)", "pais": 53}}, {"model": "administracion.region", "pk": 424, "fields": {"nombre": "Albania", "pais": 2}}, {"model": "administracion.region", "pk": 425, "fields": {"nombre": "Trinidad And Tobago", "pais": 221}}, {"model": "administracion.region", "pk": 426, "fields": {"nombre": "Brazil", "pais": 30}}, {"model": "administracion.region", "pk": 427, "fields": {"nombre": "Romania", "pais": 180}}, {"model": "administracion.region", "pk": 428, "fields": {"nombre": "Ethiopia", "pais": 69}}, {"model": "administracion.region", "pk": 429, "fields": {"nombre": "Guatemala", "pais": 90}}, {"model": "administracion.region", "pk": 430, "fields": {"nombre": "Mozambique", "pais": 149}}, {"model": "administracion.region", "pk": 431, "fields": {"nombre": "United Arab Emirates", "pais": 229}}, {"model": "administracion.region", "pk": 432, "fields": {"nombre": "Bahamas The", "pais": 16}}, {"model": "administracion.region", "pk": 433, "fields": {"nombre": "Eritrea", "pais": 67}}, {"model": "administracion.region", "pk": 434, "fields": {"nombre": "Slovenia", "pais": 198}}, {"model": "administracion.region", "pk": 435, "fields": {"nombre": "Tonga", "pais": 220}}, {"model": "administracion.region", "pk": 436, "fields": {"nombre": "Pitcairn Island", "pais": 174}}, {"model": "administracion.region", "pk": 437, "fields": {"nombre": "Saint Kitts And Nevis", "pais": 184}}, {"model": "administracion.region", "pk": 438, "fields": {"nombre": "Armenia", "pais": 11}}, {"model": "administracion.region", "pk": 439, "fields": {"nombre": "Macau S.A.R.", "pais": 128}}, {"model": "administracion.region", "pk": 440, "fields": {"nombre": "Svalbard And Jan Mayen Islands", "pais": 209}}, {"model": "administracion.region", "pk": 441, "fields": {"nombre": "San Marino", "pais": 189}}, {"model": "administracion.region", "pk": 442, "fields": {"nombre": "United States Minor Outlying Islands", "pais": 232}}, {"model": "administracion.region", "pk": 443, "fields": {"nombre": "Belarus", "pais": 20}}, {"model": "administracion.region", "pk": 444, "fields": {"nombre": "Argentina", "pais": 10}}, {"model": "administracion.region", "pk": 445, "fields": {"nombre": "Saint Vincent And The Grenadines", "pais": 187}}, {"model": "administracion.region", "pk": 446, "fields": {"nombre": "Norfolk Island", "pais": 162}}, {"model": "administracion.region", "pk": 447, "fields": {"nombre": "Switzerland", "pais": 212}}, {"model": "administracion.region", "pk": 448, "fields": {"nombre": "Palau", "pais": 167}}, {"model": "administracion.region", "pk": 449, "fields": {"nombre": "South Georgia", "pais": 203}}, {"model": "administracion.region", "pk": 450, "fields": {"nombre": "Faroe Islands", "pais": 72}}, {"model": "administracion.region", "pk": 451, "fields": {"nombre": "Republic Of The Congo", "pais": 49}}, {"model": "administracion.region", "pk": 452, "fields": {"nombre": "Djibouti", "pais": 59}}, {"model": "administracion.region", "pk": 453, "fields": {"nombre": "Austria", "pais": 14}}, {"model": "administracion.region", "pk": 454, "fields": {"nombre": "Western Sahara", "pais": 242}}, {"model": "administracion.region", "pk": 455, "fields": {"nombre": "Antigua And Barbuda", "pais": 9}}, {"model": "administracion.region", "pk": 456, "fields": {"nombre": "Serbia", "pais": 193}}, {"model": "administracion.region", "pk": 457, "fields": {"nombre": "Rwanda", "pais": 182}}, {"model": "administracion.region", "pk": 458, "fields": {"nombre": "South Africa", "pais": 202}}, {"model": "administracion.region", "pk": 459, "fields": {"nombre": "American Samoa", "pais": 4}}, {"model": "administracion.region", "pk": 460, "fields": {"nombre": "Saudi Arabia", "pais": 191}}, {"model": "administracion.region", "pk": 461, "fields": {"nombre": "Antarctica", "pais": 8}}, {"model": "administracion.region", "pk": 462, "fields": {"nombre": "Cocos (Keeling) Islands", "pais": 46}}, {"model": "administracion.region", "pk": 463, "fields": {"nombre": "Christmas Island", "pais": 45}}, {"model": "administracion.region", "pk": 464, "fields": {"nombre": "Singapore", "pais": 196}}, {"model": "administracion.region", "pk": 465, "fields": {"nombre": "Mauritius", "pais": 140}}, {"model": "administracion.region", "pk": 466, "fields": {"nombre": "Reunion", "pais": 179}}, {"model": "administracion.region", "pk": 467, "fields": {"nombre": "British Indian Ocean Territory", "pais": 31}}, {"model": "administracion.region", "pk": 468, "fields": {"nombre": "External Territories of Australia", "pais": 70}}, {"model": "administracion.region", "pk": 469, "fields": {"nombre": "Samoa", "pais": 188}}, {"model": "administracion.region", "pk": 470, "fields": {"nombre": "Guinea", "pais": 92}}, {"model": "administracion.region", "pk": 471, "fields": {"nombre": "Costa Rica", "pais": 52}}, {"model": "administracion.region", "pk": 472, "fields": {"nombre": "Angola", "pais": 6}}, {"model": "administracion.region", "pk": 473, "fields": {"nombre": "Gibraltar", "pais": 84}}, {"model": "administracion.region", "pk": 474, "fields": {"nombre": "Suriname", "pais": 208}}, {"model": "administracion.region", "pk": 475, "fields": {"nombre": "Falkland Islands", "pais": 71}}, {"model": "administracion.region", "pk": 476, "fields": {"nombre": "Seychelles", "pais": 194}}, {"model": "administracion.region", "pk": 477, "fields": {"nombre": "Belize", "pais": 22}}, {"model": "administracion.region", "pk": 478, "fields": {"nombre": "Liberia", "pais": 123}}, {"model": "administracion.region", "pk": 479, "fields": {"nombre": "Vietnam", "pais": 238}}, {"model": "administracion.region", "pk": 480, "fields": {"nombre": "Micronesia", "pais": 143}}, {"model": "administracion.region", "pk": 481, "fields": {"nombre": "Chad", "pais": 42}}, {"model": "administracion.region", "pk": 482, "fields": {"nombre": "Ghana", "pais": 83}}, {"model": "administracion.region", "pk": 483, "fields": {"nombre": "Nauru", "pais": 152}}, {"model": "administracion.region", "pk": 484, "fields": {"nombre": "Ukraine", "pais": 228}}, {"model": "administracion.region", "pk": 485, "fields": {"nombre": "Spain", "pais": 205}}, {"model": "administracion.region", "pk": 486, "fields": {"nombre": "Dominican Republic", "pais": 61}}, {"model": "administracion.region", "pk": 487, "fields": {"nombre": "Namibia", "pais": 151}}, {"model": "administracion.region", "pk": 488, "fields": {"nombre": "Guam", "pais": 89}}, {"model": "administracion.region", "pk": 489, "fields": {"nombre": "Burkina Faso", "pais": 34}}, {"model": "administracion.region", "pk": 490, "fields": {"nombre": "Guadeloupe", "pais": 88}}, {"model": "administracion.region", "pk": 491, "fields": {"nombre": "Cambodia", "pais": 36}}, {"model": "administracion.region", "pk": 492, "fields": {"nombre": "Laos", "pais": 119}}, {"model": "administracion.region", "pk": 493, "fields": {"nombre": "Saint Helena", "pais": 183}}, {"model": "administracion.region", "pk": 494, "fields": {"nombre": "Hong Kong S.A.R.", "pais": 98}}, {"model": "administracion.ciudad", "pk": 1, "fields": {"nombre": "Abriaqu\u00ed", "region": 5}}, {"model": "administracion.ciudad", "pk": 2, "fields": {"nombre": "Acac\u00edas", "region": 50}}, {"model": "administracion.ciudad", "pk": 3, "fields": {"nombre": "Acand\u00ed", "region": 27}}, {"model": "administracion.ciudad", "pk": 4, "fields": {"nombre": "Acevedo", "region": 41}}, {"model": "administracion.ciudad", "pk": 5, "fields": {"nombre": "Ach\u00ed", "region": 13}}, {"model": "administracion.ciudad", "pk": 6, "fields": {"nombre": "Agrado", "region": 41}}, {"model": "administracion.ciudad", "pk": 7, "fields": {"nombre": "Agua de Dios", "region": 25}}, {"model": "administracion.ciudad", "pk": 8, "fields": {"nombre": "Aguachica", "region": 20}}, {"model": "administracion.ciudad", "pk": 9, "fields": {"nombre": "Aguada", "region": 68}}, {"model": "administracion.ciudad", "pk": 10, "fields": {"nombre": "Aguadas", "region": 17}}, {"model": "administracion.ciudad", "pk": 11, "fields": {"nombre": "Aguazul", "region": 85}}, {"model": "administracion.ciudad", "pk": 12, "fields": {"nombre": "Agust\u00edn Codazzi", "region": 20}}, {"model": "administracion.ciudad", "pk": 13, "fields": {"nombre": "Aipe", "region": 41}}, {"model": "administracion.ciudad", "pk": 14, "fields": {"nombre": "Albania", "region": 18}}, {"model": "administracion.ciudad", "pk": 15, "fields": {"nombre": "Albania", "region": 44}}, {"model": "administracion.ciudad", "pk": 16, "fields": {"nombre": "Albania", "region": 68}}, {"model": "administracion.ciudad", "pk": 17, "fields": {"nombre": "Alb\u00e1n", "region": 25}}, {"model": "administracion.ciudad", "pk": 18, "fields": {"nombre": "Alb\u00e1n (San Jos\u00e9)", "region": 52}}, {"model": "administracion.ciudad", "pk": 19, "fields": {"nombre": "Alcal\u00e1", "region": 76}}, {"model": "administracion.ciudad", "pk": 20, "fields": {"nombre": "Alejandria", "region": 5}}, {"model": "administracion.ciudad", "pk": 21, "fields": {"nombre": "Algarrobo", "region": 47}}, {"model": "administracion.ciudad", "pk": 22, "fields": {"nombre": "Algeciras", "region": 41}}, {"model": "administracion.ciudad", "pk": 23, "fields": {"nombre": "Almaguer", "region": 19}}, {"model": "administracion.ciudad", "pk": 24, "fields": {"nombre": "Almeida", "region": 15}}, {"model": "administracion.ciudad", "pk": 25, "fields": {"nombre": "Alpujarra", "region": 73}}, {"model": "administracion.ciudad", "pk": 26, "fields": {"nombre": "Altamira", "region": 41}}, {"model": "administracion.ciudad", "pk": 27, "fields": {"nombre": "Alto Baud\u00f3 (Pie de Pato)", "region": 27}}, {"model": "administracion.ciudad", "pk": 28, "fields": {"nombre": "Altos del Rosario", "region": 13}}, {"model": "administracion.ciudad", "pk": 29, "fields": {"nombre": "Alvarado", "region": 73}}, {"model": "administracion.ciudad", "pk": 30, "fields": {"nombre": "Amag\u00e1", "region": 5}}, {"model": "administracion.ciudad", "pk": 31, "fields": {"nombre": "Amalfi", "region": 5}}, {"model": "administracion.ciudad", "pk": 32, "fields": {"nombre": "Ambalema", "region": 73}}, {"model": "administracion.ciudad", "pk": 33, "fields": {"nombre": "Anapoima", "region": 25}}, {"model": "administracion.ciudad", "pk": 34, "fields": {"nombre": "Ancuya", "region": 52}}, {"model": "administracion.ciudad", "pk": 35, "fields": {"nombre": "Andaluc\u00eda", "region": 76}}, {"model": "administracion.ciudad", "pk": 36, "fields": {"nombre": "Andes", "region": 5}}, {"model": "administracion.ciudad", "pk": 37, "fields": {"nombre": "Angel\u00f3polis", "region": 5}}, {"model": "administracion.ciudad", "pk": 38, "fields": {"nombre": "Angostura", "region": 5}}, {"model": "administracion.ciudad", "pk": 39, "fields": {"nombre": "Anolaima", "region": 25}}, {"model": "administracion.ciudad", "pk": 40, "fields": {"nombre": "Anor\u00ed", "region": 5}}, {"model": "administracion.ciudad", "pk": 41, "fields": {"nombre": "Anserma", "region": 17}}, {"model": "administracion.ciudad", "pk": 42, "fields": {"nombre": "Ansermanuevo", "region": 76}}, {"model": "administracion.ciudad", "pk": 43, "fields": {"nombre": "Anzo\u00e1tegui", "region": 73}}, {"model": "administracion.ciudad", "pk": 44, "fields": {"nombre": "Anz\u00e1", "region": 5}}, {"model": "administracion.ciudad", "pk": 45, "fields": {"nombre": "Apartad\u00f3", "region": 5}}, {"model": "administracion.ciudad", "pk": 46, "fields": {"nombre": "Apulo", "region": 25}}, {"model": "administracion.ciudad", "pk": 47, "fields": {"nombre": "Ap\u00eda", "region": 66}}, {"model": "administracion.ciudad", "pk": 48, "fields": {"nombre": "Aquitania", "region": 15}}, {"model": "administracion.ciudad", "pk": 49, "fields": {"nombre": "Aracataca", "region": 47}}, {"model": "administracion.ciudad", "pk": 50, "fields": {"nombre": "Aranzazu", "region": 17}}, {"model": "administracion.ciudad", "pk": 51, "fields": {"nombre": "Aratoca", "region": 68}}, {"model": "administracion.ciudad", "pk": 52, "fields": {"nombre": "Arauca", "region": 81}}, {"model": "administracion.ciudad", "pk": 53, "fields": {"nombre": "Arauquita", "region": 81}}, {"model": "administracion.ciudad", "pk": 54, "fields": {"nombre": "Arbel\u00e1ez", "region": 25}}, {"model": "administracion.ciudad", "pk": 55, "fields": {"nombre": "Arboleda (Berruecos)", "region": 52}}, {"model": "administracion.ciudad", "pk": 56, "fields": {"nombre": "Arboledas", "region": 54}}, {"model": "administracion.ciudad", "pk": 57, "fields": {"nombre": "Arboletes", "region": 5}}, {"model": "administracion.ciudad", "pk": 58, "fields": {"nombre": "Arcabuco", "region": 15}}, {"model": "administracion.ciudad", "pk": 59, "fields": {"nombre": "Arenal", "region": 13}}, {"model": "administracion.ciudad", "pk": 60, "fields": {"nombre": "Argelia", "region": 5}}, {"model": "administracion.ciudad", "pk": 61, "fields": {"nombre": "Argelia", "region": 19}}, {"model": "administracion.ciudad", "pk": 62, "fields": {"nombre": "Argelia", "region": 76}}, {"model": "administracion.ciudad", "pk": 63, "fields": {"nombre": "Ariguan\u00ed (El Dif\u00edcil)", "region": 47}}, {"model": "administracion.ciudad", "pk": 64, "fields": {"nombre": "Arjona", "region": 13}}, {"model": "administracion.ciudad", "pk": 65, "fields": {"nombre": "Armenia", "region": 5}}, {"model": "administracion.ciudad", "pk": 66, "fields": {"nombre": "Armenia", "region": 63}}, {"model": "administracion.ciudad", "pk": 67, "fields": {"nombre": "Armero (Guayabal)", "region": 73}}, {"model": "administracion.ciudad", "pk": 68, "fields": {"nombre": "Arroyohondo", "region": 13}}, {"model": "administracion.ciudad", "pk": 69, "fields": {"nombre": "Astrea", "region": 20}}, {"model": "administracion.ciudad", "pk": 70, "fields": {"nombre": "Ataco", "region": 73}}, {"model": "administracion.ciudad", "pk": 71, "fields": {"nombre": "Atrato (Yuto)", "region": 27}}, {"model": "administracion.ciudad", "pk": 72, "fields": {"nombre": "Ayapel", "region": 23}}, {"model": "administracion.ciudad", "pk": 73, "fields": {"nombre": "Bagad\u00f3", "region": 27}}, {"model": "administracion.ciudad", "pk": 74, "fields": {"nombre": "Bah\u00eda Solano (M\u00fatis)", "region": 27}}, {"model": "administracion.ciudad", "pk": 75, "fields": {"nombre": "Bajo Baud\u00f3 (Pizarro)", "region": 27}}, {"model": "administracion.ciudad", "pk": 76, "fields": {"nombre": "Balboa", "region": 19}}, {"model": "administracion.ciudad", "pk": 77, "fields": {"nombre": "Balboa", "region": 66}}, {"model": "administracion.ciudad", "pk": 78, "fields": {"nombre": "Baranoa", "region": 8}}, {"model": "administracion.ciudad", "pk": 79, "fields": {"nombre": "Baraya", "region": 41}}, {"model": "administracion.ciudad", "pk": 80, "fields": {"nombre": "Barbacoas", "region": 52}}, {"model": "administracion.ciudad", "pk": 81, "fields": {"nombre": "Barbosa", "region": 5}}, {"model": "administracion.ciudad", "pk": 82, "fields": {"nombre": "Barbosa", "region": 68}}, {"model": "administracion.ciudad", "pk": 83, "fields": {"nombre": "Barichara", "region": 68}}, {"model": "administracion.ciudad", "pk": 84, "fields": {"nombre": "Barranca de Up\u00eda", "region": 50}}, {"model": "administracion.ciudad", "pk": 85, "fields": {"nombre": "Barrancabermeja", "region": 68}}, {"model": "administracion.ciudad", "pk": 86, "fields": {"nombre": "Barrancas", "region": 44}}, {"model": "administracion.ciudad", "pk": 87, "fields": {"nombre": "Barranco de Loba", "region": 13}}, {"model": "administracion.ciudad", "pk": 88, "fields": {"nombre": "Barranquilla", "region": 8}}, {"model": "administracion.ciudad", "pk": 89, "fields": {"nombre": "Becerr\u00edl", "region": 20}}, {"model": "administracion.ciudad", "pk": 90, "fields": {"nombre": "Belalc\u00e1zar", "region": 17}}, {"model": "administracion.ciudad", "pk": 91, "fields": {"nombre": "Bello", "region": 5}}, {"model": "administracion.ciudad", "pk": 92, "fields": {"nombre": "Belmira", "region": 5}}, {"model": "administracion.ciudad", "pk": 93, "fields": {"nombre": "Beltr\u00e1n", "region": 25}}, {"model": "administracion.ciudad", "pk": 94, "fields": {"nombre": "Bel\u00e9n", "region": 15}}, {"model": "administracion.ciudad", "pk": 95, "fields": {"nombre": "Bel\u00e9n", "region": 52}}, {"model": "administracion.ciudad", "pk": 96, "fields": {"nombre": "Bel\u00e9n de Bajir\u00e1", "region": 27}}, {"model": "administracion.ciudad", "pk": 97, "fields": {"nombre": "Bel\u00e9n de Umbr\u00eda", "region": 66}}, {"model": "administracion.ciudad", "pk": 98, "fields": {"nombre": "Bel\u00e9n de los Andaqu\u00edes", "region": 18}}, {"model": "administracion.ciudad", "pk": 99, "fields": {"nombre": "Berbeo", "region": 15}}, {"model": "administracion.ciudad", "pk": 100, "fields": {"nombre": "Betania", "region": 5}}, {"model": "administracion.ciudad", "pk": 101, "fields": {"nombre": "Beteitiva", "region": 15}}, {"model": "administracion.ciudad", "pk": 102, "fields": {"nombre": "Betulia", "region": 5}}, {"model": "administracion.ciudad", "pk": 103, "fields": {"nombre": "Betulia", "region": 68}}, {"model": "administracion.ciudad", "pk": 104, "fields": {"nombre": "Bituima", "region": 25}}, {"model": "administracion.ciudad", "pk": 105, "fields": {"nombre": "Boavita", "region": 15}}, {"model": "administracion.ciudad", "pk": 106, "fields": {"nombre": "Bochalema", "region": 54}}, {"model": "administracion.ciudad", "pk": 107, "fields": {"nombre": "Bogot\u00e1 D.C.", "region": 11}}, {"model": "administracion.ciudad", "pk": 108, "fields": {"nombre": "Bojac\u00e1", "region": 25}}, {"model": "administracion.ciudad", "pk": 109, "fields": {"nombre": "Bojay\u00e1 (Bellavista)", "region": 27}}, {"model": "administracion.ciudad", "pk": 110, "fields": {"nombre": "Bol\u00edvar", "region": 5}}, {"model": "administracion.ciudad", "pk": 111, "fields": {"nombre": "Bol\u00edvar", "region": 19}}, {"model": "administracion.ciudad", "pk": 112, "fields": {"nombre": "Bol\u00edvar", "region": 68}}, {"model": "administracion.ciudad", "pk": 113, "fields": {"nombre": "Bol\u00edvar", "region": 76}}, {"model": "administracion.ciudad", "pk": 114, "fields": {"nombre": "Bosconia", "region": 20}}, {"model": "administracion.ciudad", "pk": 115, "fields": {"nombre": "Boyac\u00e1", "region": 15}}, {"model": "administracion.ciudad", "pk": 116, "fields": {"nombre": "Brice\u00f1o", "region": 5}}, {"model": "administracion.ciudad", "pk": 117, "fields": {"nombre": "Brice\u00f1o", "region": 15}}, {"model": "administracion.ciudad", "pk": 118, "fields": {"nombre": "Bucaramanga", "region": 68}}, {"model": "administracion.ciudad", "pk": 119, "fields": {"nombre": "Bucarasica", "region": 54}}, {"model": "administracion.ciudad", "pk": 120, "fields": {"nombre": "Buenaventura", "region": 76}}, {"model": "administracion.ciudad", "pk": 121, "fields": {"nombre": "Buenavista", "region": 15}}, {"model": "administracion.ciudad", "pk": 122, "fields": {"nombre": "Buenavista", "region": 23}}, {"model": "administracion.ciudad", "pk": 123, "fields": {"nombre": "Buenavista", "region": 63}}, {"model": "administracion.ciudad", "pk": 124, "fields": {"nombre": "Buenavista", "region": 70}}, {"model": "administracion.ciudad", "pk": 125, "fields": {"nombre": "Buenos Aires", "region": 19}}, {"model": "administracion.ciudad", "pk": 126, "fields": {"nombre": "Buesaco", "region": 52}}, {"model": "administracion.ciudad", "pk": 127, "fields": {"nombre": "Buga", "region": 76}}, {"model": "administracion.ciudad", "pk": 128, "fields": {"nombre": "Bugalagrande", "region": 76}}, {"model": "administracion.ciudad", "pk": 129, "fields": {"nombre": "Bur\u00edtica", "region": 5}}, {"model": "administracion.ciudad", "pk": 130, "fields": {"nombre": "Busbanza", "region": 15}}, {"model": "administracion.ciudad", "pk": 131, "fields": {"nombre": "Cabrera", "region": 25}}, {"model": "administracion.ciudad", "pk": 132, "fields": {"nombre": "Cabrera", "region": 68}}, {"model": "administracion.ciudad", "pk": 133, "fields": {"nombre": "Cabuyaro", "region": 50}}, {"model": "administracion.ciudad", "pk": 134, "fields": {"nombre": "Cachipay", "region": 25}}, {"model": "administracion.ciudad", "pk": 135, "fields": {"nombre": "Caicedo", "region": 5}}, {"model": "administracion.ciudad", "pk": 136, "fields": {"nombre": "Caicedonia", "region": 76}}, {"model": "administracion.ciudad", "pk": 137, "fields": {"nombre": "Caimito", "region": 70}}, {"model": "administracion.ciudad", "pk": 138, "fields": {"nombre": "Cajamarca", "region": 73}}, {"model": "administracion.ciudad", "pk": 139, "fields": {"nombre": "Cajib\u00edo", "region": 19}}, {"model": "administracion.ciudad", "pk": 140, "fields": {"nombre": "Cajic\u00e1", "region": 25}}, {"model": "administracion.ciudad", "pk": 141, "fields": {"nombre": "Calamar", "region": 13}}, {"model": "administracion.ciudad", "pk": 142, "fields": {"nombre": "Calamar", "region": 95}}, {"model": "administracion.ciudad", "pk": 143, "fields": {"nombre": "Calarc\u00e1", "region": 63}}, {"model": "administracion.ciudad", "pk": 144, "fields": {"nombre": "Caldas", "region": 5}}, {"model": "administracion.ciudad", "pk": 145, "fields": {"nombre": "Caldas", "region": 15}}, {"model": "administracion.ciudad", "pk": 146, "fields": {"nombre": "Caldono", "region": 19}}, {"model": "administracion.ciudad", "pk": 147, "fields": {"nombre": "California", "region": 68}}, {"model": "administracion.ciudad", "pk": 148, "fields": {"nombre": "Calima (Dari\u00e9n)", "region": 76}}, {"model": "administracion.ciudad", "pk": 149, "fields": {"nombre": "Caloto", "region": 19}}, {"model": "administracion.ciudad", "pk": 150, "fields": {"nombre": "Cal\u00ed", "region": 76}}, {"model": "administracion.ciudad", "pk": 151, "fields": {"nombre": "Campamento", "region": 5}}, {"model": "administracion.ciudad", "pk": 152, "fields": {"nombre": "Campo de la Cruz", "region": 8}}, {"model": "administracion.ciudad", "pk": 153, "fields": {"nombre": "Campoalegre", "region": 41}}, {"model": "administracion.ciudad", "pk": 154, "fields": {"nombre": "Campohermoso", "region": 15}}, {"model": "administracion.ciudad", "pk": 155, "fields": {"nombre": "Canalete", "region": 23}}, {"model": "administracion.ciudad", "pk": 156, "fields": {"nombre": "Candelaria", "region": 8}}, {"model": "administracion.ciudad", "pk": 157, "fields": {"nombre": "Candelaria", "region": 76}}, {"model": "administracion.ciudad", "pk": 158, "fields": {"nombre": "Cantagallo", "region": 13}}, {"model": "administracion.ciudad", "pk": 159, "fields": {"nombre": "Cant\u00f3n de San Pablo", "region": 27}}, {"model": "administracion.ciudad", "pk": 160, "fields": {"nombre": "Caparrap\u00ed", "region": 25}}, {"model": "administracion.ciudad", "pk": 161, "fields": {"nombre": "Capitanejo", "region": 68}}, {"model": "administracion.ciudad", "pk": 162, "fields": {"nombre": "Caracol\u00ed", "region": 5}}, {"model": "administracion.ciudad", "pk": 163, "fields": {"nombre": "Caramanta", "region": 5}}, {"model": "administracion.ciudad", "pk": 164, "fields": {"nombre": "Carcas\u00ed", "region": 68}}, {"model": "administracion.ciudad", "pk": 165, "fields": {"nombre": "Carepa", "region": 5}}, {"model": "administracion.ciudad", "pk": 166, "fields": {"nombre": "Carmen de Apical\u00e1", "region": 73}}, {"model": "administracion.ciudad", "pk": 167, "fields": {"nombre": "Carmen de Carupa", "region": 25}}, {"model": "administracion.ciudad", "pk": 168, "fields": {"nombre": "Carmen de Viboral", "region": 5}}, {"model": "administracion.ciudad", "pk": 169, "fields": {"nombre": "Carmen del Dari\u00e9n (CURBARAD\u00d3)", "region": 27}}, {"model": "administracion.ciudad", "pk": 170, "fields": {"nombre": "Carolina", "region": 5}}, {"model": "administracion.ciudad", "pk": 171, "fields": {"nombre": "Cartagena", "region": 13}}, {"model": "administracion.ciudad", "pk": 172, "fields": {"nombre": "Cartagena del Chair\u00e1", "region": 18}}, {"model": "administracion.ciudad", "pk": 173, "fields": {"nombre": "Cartago", "region": 76}}, {"model": "administracion.ciudad", "pk": 174, "fields": {"nombre": "Carur\u00fa", "region": 97}}, {"model": "administracion.ciudad", "pk": 175, "fields": {"nombre": "Casabianca", "region": 73}}, {"model": "administracion.ciudad", "pk": 176, "fields": {"nombre": "Castilla la Nueva", "region": 50}}, {"model": "administracion.ciudad", "pk": 177, "fields": {"nombre": "Caucasia", "region": 5}}, {"model": "administracion.ciudad", "pk": 178, "fields": {"nombre": "Ca\u00f1asgordas", "region": 5}}, {"model": "administracion.ciudad", "pk": 179, "fields": {"nombre": "Cepita", "region": 68}}, {"model": "administracion.ciudad", "pk": 180, "fields": {"nombre": "Ceret\u00e9", "region": 23}}, {"model": "administracion.ciudad", "pk": 181, "fields": {"nombre": "Cerinza", "region": 15}}, {"model": "administracion.ciudad", "pk": 182, "fields": {"nombre": "Cerrito", "region": 68}}, {"model": "administracion.ciudad", "pk": 183, "fields": {"nombre": "Cerro San Antonio", "region": 47}}, {"model": "administracion.ciudad", "pk": 184, "fields": {"nombre": "Chachagu\u00ed", "region": 52}}, {"model": "administracion.ciudad", "pk": 185, "fields": {"nombre": "Chaguan\u00ed", "region": 25}}, {"model": "administracion.ciudad", "pk": 186, "fields": {"nombre": "Chal\u00e1n", "region": 70}}, {"model": "administracion.ciudad", "pk": 187, "fields": {"nombre": "Chaparral", "region": 73}}, {"model": "administracion.ciudad", "pk": 188, "fields": {"nombre": "Charal\u00e1", "region": 68}}, {"model": "administracion.ciudad", "pk": 189, "fields": {"nombre": "Charta", "region": 68}}, {"model": "administracion.ciudad", "pk": 190, "fields": {"nombre": "Chigorod\u00f3", "region": 5}}, {"model": "administracion.ciudad", "pk": 191, "fields": {"nombre": "Chima", "region": 68}}, {"model": "administracion.ciudad", "pk": 192, "fields": {"nombre": "Chimichagua", "region": 20}}, {"model": "administracion.ciudad", "pk": 193, "fields": {"nombre": "Chim\u00e1", "region": 23}}, {"model": "administracion.ciudad", "pk": 194, "fields": {"nombre": "Chinavita", "region": 15}}, {"model": "administracion.ciudad", "pk": 195, "fields": {"nombre": "Chinchin\u00e1", "region": 17}}, {"model": "administracion.ciudad", "pk": 196, "fields": {"nombre": "Chin\u00e1cota", "region": 54}}, {"model": "administracion.ciudad", "pk": 197, "fields": {"nombre": "Chin\u00fa", "region": 23}}, {"model": "administracion.ciudad", "pk": 198, "fields": {"nombre": "Chipaque", "region": 25}}, {"model": "administracion.ciudad", "pk": 199, "fields": {"nombre": "Chipat\u00e1", "region": 68}}, {"model": "administracion.ciudad", "pk": 200, "fields": {"nombre": "Chiquinquir\u00e1", "region": 15}}, {"model": "administracion.ciudad", "pk": 201, "fields": {"nombre": "Chiriguan\u00e1", "region": 20}}, {"model": "administracion.ciudad", "pk": 202, "fields": {"nombre": "Chiscas", "region": 15}}, {"model": "administracion.ciudad", "pk": 203, "fields": {"nombre": "Chita", "region": 15}}, {"model": "administracion.ciudad", "pk": 204, "fields": {"nombre": "Chitag\u00e1", "region": 54}}, {"model": "administracion.ciudad", "pk": 205, "fields": {"nombre": "Chitaraque", "region": 15}}, {"model": "administracion.ciudad", "pk": 206, "fields": {"nombre": "Chivat\u00e1", "region": 15}}, {"model": "administracion.ciudad", "pk": 207, "fields": {"nombre": "Chivolo", "region": 47}}, {"model": "administracion.ciudad", "pk": 208, "fields": {"nombre": "Choach\u00ed", "region": 25}}, {"model": "administracion.ciudad", "pk": 209, "fields": {"nombre": "Chocont\u00e1", "region": 25}}, {"model": "administracion.ciudad", "pk": 210, "fields": {"nombre": "Ch\u00e1meza", "region": 85}}, {"model": "administracion.ciudad", "pk": 211, "fields": {"nombre": "Ch\u00eda", "region": 25}}, {"model": "administracion.ciudad", "pk": 212, "fields": {"nombre": "Ch\u00edquiza", "region": 15}}, {"model": "administracion.ciudad", "pk": 213, "fields": {"nombre": "Ch\u00edvor", "region": 15}}, {"model": "administracion.ciudad", "pk": 214, "fields": {"nombre": "Cicuco", "region": 13}}, {"model": "administracion.ciudad", "pk": 215, "fields": {"nombre": "Cimitarra", "region": 68}}, {"model": "administracion.ciudad", "pk": 216, "fields": {"nombre": "Circasia", "region": 63}}, {"model": "administracion.ciudad", "pk": 217, "fields": {"nombre": "Cisneros", "region": 5}}, {"model": "administracion.ciudad", "pk": 218, "fields": {"nombre": "Ci\u00e9naga", "region": 15}}, {"model": "administracion.ciudad", "pk": 219, "fields": {"nombre": "Ci\u00e9naga", "region": 47}}, {"model": "administracion.ciudad", "pk": 220, "fields": {"nombre": "Ci\u00e9naga de Oro", "region": 23}}, {"model": "administracion.ciudad", "pk": 221, "fields": {"nombre": "Clemencia", "region": 13}}, {"model": "administracion.ciudad", "pk": 222, "fields": {"nombre": "Cocorn\u00e1", "region": 5}}, {"model": "administracion.ciudad", "pk": 223, "fields": {"nombre": "Coello", "region": 73}}, {"model": "administracion.ciudad", "pk": 224, "fields": {"nombre": "Cogua", "region": 25}}, {"model": "administracion.ciudad", "pk": 225, "fields": {"nombre": "Colombia", "region": 41}}, {"model": "administracion.ciudad", "pk": 226, "fields": {"nombre": "Colos\u00f3 (Ricaurte)", "region": 70}}, {"model": "administracion.ciudad", "pk": 227, "fields": {"nombre": "Col\u00f3n", "region": 86}}, {"model": "administracion.ciudad", "pk": 228, "fields": {"nombre": "Col\u00f3n (G\u00e9nova)", "region": 52}}, {"model": "administracion.ciudad", "pk": 229, "fields": {"nombre": "Concepci\u00f3n", "region": 5}}, {"model": "administracion.ciudad", "pk": 230, "fields": {"nombre": "Concepci\u00f3n", "region": 68}}, {"model": "administracion.ciudad", "pk": 231, "fields": {"nombre": "Concordia", "region": 5}}, {"model": "administracion.ciudad", "pk": 232, "fields": {"nombre": "Concordia", "region": 47}}, {"model": "administracion.ciudad", "pk": 233, "fields": {"nombre": "Condoto", "region": 27}}, {"model": "administracion.ciudad", "pk": 234, "fields": {"nombre": "Confines", "region": 68}}, {"model": "administracion.ciudad", "pk": 235, "fields": {"nombre": "Consaca", "region": 52}}, {"model": "administracion.ciudad", "pk": 236, "fields": {"nombre": "Contadero", "region": 52}}, {"model": "administracion.ciudad", "pk": 237, "fields": {"nombre": "Contrataci\u00f3n", "region": 68}}, {"model": "administracion.ciudad", "pk": 238, "fields": {"nombre": "Convenci\u00f3n", "region": 54}}, {"model": "administracion.ciudad", "pk": 239, "fields": {"nombre": "Copacabana", "region": 5}}, {"model": "administracion.ciudad", "pk": 240, "fields": {"nombre": "Coper", "region": 15}}, {"model": "administracion.ciudad", "pk": 241, "fields": {"nombre": "Cordob\u00e1", "region": 63}}, {"model": "administracion.ciudad", "pk": 242, "fields": {"nombre": "Corinto", "region": 19}}, {"model": "administracion.ciudad", "pk": 243, "fields": {"nombre": "Coromoro", "region": 68}}, {"model": "administracion.ciudad", "pk": 244, "fields": {"nombre": "Corozal", "region": 70}}, {"model": "administracion.ciudad", "pk": 245, "fields": {"nombre": "Corrales", "region": 15}}, {"model": "administracion.ciudad", "pk": 246, "fields": {"nombre": "Cota", "region": 25}}, {"model": "administracion.ciudad", "pk": 247, "fields": {"nombre": "Cotorra", "region": 23}}, {"model": "administracion.ciudad", "pk": 248, "fields": {"nombre": "Covarach\u00eda", "region": 15}}, {"model": "administracion.ciudad", "pk": 249, "fields": {"nombre": "Cove\u00f1as", "region": 70}}, {"model": "administracion.ciudad", "pk": 250, "fields": {"nombre": "Coyaima", "region": 73}}, {"model": "administracion.ciudad", "pk": 251, "fields": {"nombre": "Cravo Norte", "region": 81}}, {"model": "administracion.ciudad", "pk": 252, "fields": {"nombre": "Cuaspud (Carlosama)", "region": 52}}, {"model": "administracion.ciudad", "pk": 253, "fields": {"nombre": "Cubarral", "region": 50}}, {"model": "administracion.ciudad", "pk": 254, "fields": {"nombre": "Cubar\u00e1", "region": 15}}, {"model": "administracion.ciudad", "pk": 255, "fields": {"nombre": "Cucaita", "region": 15}}, {"model": "administracion.ciudad", "pk": 256, "fields": {"nombre": "Cucunub\u00e1", "region": 25}}, {"model": "administracion.ciudad", "pk": 257, "fields": {"nombre": "Cucutilla", "region": 54}}, {"model": "administracion.ciudad", "pk": 258, "fields": {"nombre": "Cuitiva", "region": 15}}, {"model": "administracion.ciudad", "pk": 259, "fields": {"nombre": "Cumaral", "region": 50}}, {"model": "administracion.ciudad", "pk": 260, "fields": {"nombre": "Cumaribo", "region": 99}}, {"model": "administracion.ciudad", "pk": 261, "fields": {"nombre": "Cumbal", "region": 52}}, {"model": "administracion.ciudad", "pk": 262, "fields": {"nombre": "Cumbitara", "region": 52}}, {"model": "administracion.ciudad", "pk": 263, "fields": {"nombre": "Cunday", "region": 73}}, {"model": "administracion.ciudad", "pk": 264, "fields": {"nombre": "Curillo", "region": 18}}, {"model": "administracion.ciudad", "pk": 265, "fields": {"nombre": "Curit\u00ed", "region": 68}}, {"model": "administracion.ciudad", "pk": 266, "fields": {"nombre": "Curuman\u00ed", "region": 20}}, {"model": "administracion.ciudad", "pk": 267, "fields": {"nombre": "C\u00e1ceres", "region": 5}}, {"model": "administracion.ciudad", "pk": 268, "fields": {"nombre": "C\u00e1chira", "region": 54}}, {"model": "administracion.ciudad", "pk": 269, "fields": {"nombre": "C\u00e1cota", "region": 54}}, {"model": "administracion.ciudad", "pk": 270, "fields": {"nombre": "C\u00e1queza", "region": 25}}, {"model": "administracion.ciudad", "pk": 271, "fields": {"nombre": "C\u00e9rtegui", "region": 27}}, {"model": "administracion.ciudad", "pk": 272, "fields": {"nombre": "C\u00f3mbita", "region": 15}}, {"model": "administracion.ciudad", "pk": 273, "fields": {"nombre": "C\u00f3rdoba", "region": 13}}, {"model": "administracion.ciudad", "pk": 274, "fields": {"nombre": "C\u00f3rdoba", "region": 52}}, {"model": "administracion.ciudad", "pk": 275, "fields": {"nombre": "C\u00facuta", "region": 54}}, {"model": "administracion.ciudad", "pk": 276, "fields": {"nombre": "Dabeiba", "region": 5}}, {"model": "administracion.ciudad", "pk": 277, "fields": {"nombre": "Dagua", "region": 76}}, {"model": "administracion.ciudad", "pk": 278, "fields": {"nombre": "Dibulla", "region": 44}}, {"model": "administracion.ciudad", "pk": 279, "fields": {"nombre": "Distracci\u00f3n", "region": 44}}, {"model": "administracion.ciudad", "pk": 280, "fields": {"nombre": "Dolores", "region": 73}}, {"model": "administracion.ciudad", "pk": 281, "fields": {"nombre": "Don Mat\u00edas", "region": 5}}, {"model": "administracion.ciudad", "pk": 282, "fields": {"nombre": "Dos Quebradas", "region": 66}}, {"model": "administracion.ciudad", "pk": 283, "fields": {"nombre": "Duitama", "region": 15}}, {"model": "administracion.ciudad", "pk": 284, "fields": {"nombre": "Durania", "region": 54}}, {"model": "administracion.ciudad", "pk": 285, "fields": {"nombre": "Eb\u00e9jico", "region": 5}}, {"model": "administracion.ciudad", "pk": 286, "fields": {"nombre": "El Bagre", "region": 5}}, {"model": "administracion.ciudad", "pk": 287, "fields": {"nombre": "El Banco", "region": 47}}, {"model": "administracion.ciudad", "pk": 288, "fields": {"nombre": "El Cairo", "region": 76}}, {"model": "administracion.ciudad", "pk": 289, "fields": {"nombre": "El Calvario", "region": 50}}, {"model": "administracion.ciudad", "pk": 290, "fields": {"nombre": "El Carmen", "region": 54}}, {"model": "administracion.ciudad", "pk": 291, "fields": {"nombre": "El Carmen", "region": 68}}, {"model": "administracion.ciudad", "pk": 292, "fields": {"nombre": "El Carmen de Atrato", "region": 27}}, {"model": "administracion.ciudad", "pk": 293, "fields": {"nombre": "El Carmen de Bol\u00edvar", "region": 13}}, {"model": "administracion.ciudad", "pk": 294, "fields": {"nombre": "El Castillo", "region": 50}}, {"model": "administracion.ciudad", "pk": 295, "fields": {"nombre": "El Cerrito", "region": 76}}, {"model": "administracion.ciudad", "pk": 296, "fields": {"nombre": "El Charco", "region": 52}}, {"model": "administracion.ciudad", "pk": 297, "fields": {"nombre": "El Cocuy", "region": 15}}, {"model": "administracion.ciudad", "pk": 298, "fields": {"nombre": "El Colegio", "region": 25}}, {"model": "administracion.ciudad", "pk": 299, "fields": {"nombre": "El Copey", "region": 20}}, {"model": "administracion.ciudad", "pk": 300, "fields": {"nombre": "El Doncello", "region": 18}}, {"model": "administracion.ciudad", "pk": 301, "fields": {"nombre": "El Dorado", "region": 50}}, {"model": "administracion.ciudad", "pk": 302, "fields": {"nombre": "El Dovio", "region": 76}}, {"model": "administracion.ciudad", "pk": 303, "fields": {"nombre": "El Espino", "region": 15}}, {"model": "administracion.ciudad", "pk": 304, "fields": {"nombre": "El Guacamayo", "region": 68}}, {"model": "administracion.ciudad", "pk": 305, "fields": {"nombre": "El Guamo", "region": 13}}, {"model": "administracion.ciudad", "pk": 306, "fields": {"nombre": "El Molino", "region": 44}}, {"model": "administracion.ciudad", "pk": 307, "fields": {"nombre": "El Paso", "region": 20}}, {"model": "administracion.ciudad", "pk": 308, "fields": {"nombre": "El Paujil", "region": 18}}, {"model": "administracion.ciudad", "pk": 309, "fields": {"nombre": "El Pe\u00f1ol", "region": 52}}, {"model": "administracion.ciudad", "pk": 310, "fields": {"nombre": "El Pe\u00f1on", "region": 13}}, {"model": "administracion.ciudad", "pk": 311, "fields": {"nombre": "El Pe\u00f1on", "region": 68}}, {"model": "administracion.ciudad", "pk": 312, "fields": {"nombre": "El Pe\u00f1\u00f3n", "region": 25}}, {"model": "administracion.ciudad", "pk": 313, "fields": {"nombre": "El Pi\u00f1on", "region": 47}}, {"model": "administracion.ciudad", "pk": 314, "fields": {"nombre": "El Play\u00f3n", "region": 68}}, {"model": "administracion.ciudad", "pk": 315, "fields": {"nombre": "El Retorno", "region": 95}}, {"model": "administracion.ciudad", "pk": 316, "fields": {"nombre": "El Ret\u00e9n", "region": 47}}, {"model": "administracion.ciudad", "pk": 317, "fields": {"nombre": "El Roble", "region": 70}}, {"model": "administracion.ciudad", "pk": 318, "fields": {"nombre": "El Rosal", "region": 25}}, {"model": "administracion.ciudad", "pk": 319, "fields": {"nombre": "El Rosario", "region": 52}}, {"model": "administracion.ciudad", "pk": 320, "fields": {"nombre": "El Tabl\u00f3n de G\u00f3mez", "region": 52}}, {"model": "administracion.ciudad", "pk": 321, "fields": {"nombre": "El Tambo", "region": 19}}, {"model": "administracion.ciudad", "pk": 322, "fields": {"nombre": "El Tambo", "region": 52}}, {"model": "administracion.ciudad", "pk": 323, "fields": {"nombre": "El Tarra", "region": 54}}, {"model": "administracion.ciudad", "pk": 324, "fields": {"nombre": "El Zulia", "region": 54}}, {"model": "administracion.ciudad", "pk": 325, "fields": {"nombre": "El \u00c1guila", "region": 76}}, {"model": "administracion.ciudad", "pk": 326, "fields": {"nombre": "El\u00edas", "region": 41}}, {"model": "administracion.ciudad", "pk": 327, "fields": {"nombre": "Encino", "region": 68}}, {"model": "administracion.ciudad", "pk": 328, "fields": {"nombre": "Enciso", "region": 68}}, {"model": "administracion.ciudad", "pk": 329, "fields": {"nombre": "Entrerr\u00edos", "region": 5}}, {"model": "administracion.ciudad", "pk": 330, "fields": {"nombre": "Envigado", "region": 5}}, {"model": "administracion.ciudad", "pk": 331, "fields": {"nombre": "Espinal", "region": 73}}, {"model": "administracion.ciudad", "pk": 332, "fields": {"nombre": "Facatativ\u00e1", "region": 25}}, {"model": "administracion.ciudad", "pk": 333, "fields": {"nombre": "Falan", "region": 73}}, {"model": "administracion.ciudad", "pk": 334, "fields": {"nombre": "Filadelfia", "region": 17}}, {"model": "administracion.ciudad", "pk": 335, "fields": {"nombre": "Filandia", "region": 63}}, {"model": "administracion.ciudad", "pk": 336, "fields": {"nombre": "Firavitoba", "region": 15}}, {"model": "administracion.ciudad", "pk": 337, "fields": {"nombre": "Flandes", "region": 73}}, {"model": "administracion.ciudad", "pk": 338, "fields": {"nombre": "Florencia", "region": 18}}, {"model": "administracion.ciudad", "pk": 339, "fields": {"nombre": "Florencia", "region": 19}}, {"model": "administracion.ciudad", "pk": 340, "fields": {"nombre": "Floresta", "region": 15}}, {"model": "administracion.ciudad", "pk": 341, "fields": {"nombre": "Florida", "region": 76}}, {"model": "administracion.ciudad", "pk": 342, "fields": {"nombre": "Floridablanca", "region": 68}}, {"model": "administracion.ciudad", "pk": 343, "fields": {"nombre": "Flori\u00e1n", "region": 68}}, {"model": "administracion.ciudad", "pk": 344, "fields": {"nombre": "Fonseca", "region": 44}}, {"model": "administracion.ciudad", "pk": 345, "fields": {"nombre": "Fort\u00fal", "region": 81}}, {"model": "administracion.ciudad", "pk": 346, "fields": {"nombre": "Fosca", "region": 25}}, {"model": "administracion.ciudad", "pk": 347, "fields": {"nombre": "Francisco Pizarro", "region": 52}}, {"model": "administracion.ciudad", "pk": 348, "fields": {"nombre": "Fredonia", "region": 5}}, {"model": "administracion.ciudad", "pk": 349, "fields": {"nombre": "Fresno", "region": 73}}, {"model": "administracion.ciudad", "pk": 350, "fields": {"nombre": "Frontino", "region": 5}}, {"model": "administracion.ciudad", "pk": 351, "fields": {"nombre": "Fuente de Oro", "region": 50}}, {"model": "administracion.ciudad", "pk": 352, "fields": {"nombre": "Fundaci\u00f3n", "region": 47}}, {"model": "administracion.ciudad", "pk": 353, "fields": {"nombre": "Funes", "region": 52}}, {"model": "administracion.ciudad", "pk": 354, "fields": {"nombre": "Funza", "region": 25}}, {"model": "administracion.ciudad", "pk": 355, "fields": {"nombre": "Fusagasug\u00e1", "region": 25}}, {"model": "administracion.ciudad", "pk": 356, "fields": {"nombre": "F\u00f3meque", "region": 25}}, {"model": "administracion.ciudad", "pk": 357, "fields": {"nombre": "F\u00faquene", "region": 25}}, {"model": "administracion.ciudad", "pk": 358, "fields": {"nombre": "Gachal\u00e1", "region": 25}}, {"model": "administracion.ciudad", "pk": 359, "fields": {"nombre": "Gachancip\u00e1", "region": 25}}, {"model": "administracion.ciudad", "pk": 360, "fields": {"nombre": "Gachantiv\u00e1", "region": 15}}, {"model": "administracion.ciudad", "pk": 361, "fields": {"nombre": "Gachet\u00e1", "region": 25}}, {"model": "administracion.ciudad", "pk": 362, "fields": {"nombre": "Galapa", "region": 8}}, {"model": "administracion.ciudad", "pk": 363, "fields": {"nombre": "Galeras (Nueva Granada)", "region": 70}}, {"model": "administracion.ciudad", "pk": 364, "fields": {"nombre": "Gal\u00e1n", "region": 68}}, {"model": "administracion.ciudad", "pk": 365, "fields": {"nombre": "Gama", "region": 25}}, {"model": "administracion.ciudad", "pk": 366, "fields": {"nombre": "Gamarra", "region": 20}}, {"model": "administracion.ciudad", "pk": 367, "fields": {"nombre": "Garagoa", "region": 15}}, {"model": "administracion.ciudad", "pk": 368, "fields": {"nombre": "Garz\u00f3n", "region": 41}}, {"model": "administracion.ciudad", "pk": 369, "fields": {"nombre": "Gigante", "region": 41}}, {"model": "administracion.ciudad", "pk": 370, "fields": {"nombre": "Ginebra", "region": 76}}, {"model": "administracion.ciudad", "pk": 371, "fields": {"nombre": "Giraldo", "region": 5}}, {"model": "administracion.ciudad", "pk": 372, "fields": {"nombre": "Girardot", "region": 25}}, {"model": "administracion.ciudad", "pk": 373, "fields": {"nombre": "Girardota", "region": 5}}, {"model": "administracion.ciudad", "pk": 374, "fields": {"nombre": "Gir\u00f3n", "region": 68}}, {"model": "administracion.ciudad", "pk": 375, "fields": {"nombre": "Gonzalez", "region": 20}}, {"model": "administracion.ciudad", "pk": 376, "fields": {"nombre": "Gramalote", "region": 54}}, {"model": "administracion.ciudad", "pk": 377, "fields": {"nombre": "Granada", "region": 5}}, {"model": "administracion.ciudad", "pk": 378, "fields": {"nombre": "Granada", "region": 25}}, {"model": "administracion.ciudad", "pk": 379, "fields": {"nombre": "Granada", "region": 50}}, {"model": "administracion.ciudad", "pk": 380, "fields": {"nombre": "Guaca", "region": 68}}, {"model": "administracion.ciudad", "pk": 381, "fields": {"nombre": "Guacamayas", "region": 15}}, {"model": "administracion.ciudad", "pk": 382, "fields": {"nombre": "Guacar\u00ed", "region": 76}}, {"model": "administracion.ciudad", "pk": 383, "fields": {"nombre": "Guachav\u00e9s", "region": 52}}, {"model": "administracion.ciudad", "pk": 384, "fields": {"nombre": "Guachen\u00e9", "region": 19}}, {"model": "administracion.ciudad", "pk": 385, "fields": {"nombre": "Guachet\u00e1", "region": 25}}, {"model": "administracion.ciudad", "pk": 386, "fields": {"nombre": "Guachucal", "region": 52}}, {"model": "administracion.ciudad", "pk": 387, "fields": {"nombre": "Guadalupe", "region": 5}}, {"model": "administracion.ciudad", "pk": 388, "fields": {"nombre": "Guadalupe", "region": 41}}, {"model": "administracion.ciudad", "pk": 389, "fields": {"nombre": "Guadalupe", "region": 68}}, {"model": "administracion.ciudad", "pk": 390, "fields": {"nombre": "Guaduas", "region": 25}}, {"model": "administracion.ciudad", "pk": 391, "fields": {"nombre": "Guaitarilla", "region": 52}}, {"model": "administracion.ciudad", "pk": 392, "fields": {"nombre": "Gualmat\u00e1n", "region": 52}}, {"model": "administracion.ciudad", "pk": 393, "fields": {"nombre": "Guamal", "region": 47}}, {"model": "administracion.ciudad", "pk": 394, "fields": {"nombre": "Guamal", "region": 50}}, {"model": "administracion.ciudad", "pk": 395, "fields": {"nombre": "Guamo", "region": 73}}, {"model": "administracion.ciudad", "pk": 396, "fields": {"nombre": "Guapota", "region": 68}}, {"model": "administracion.ciudad", "pk": 397, "fields": {"nombre": "Guap\u00ed", "region": 19}}, {"model": "administracion.ciudad", "pk": 398, "fields": {"nombre": "Guaranda", "region": 70}}, {"model": "administracion.ciudad", "pk": 399, "fields": {"nombre": "Guarne", "region": 5}}, {"model": "administracion.ciudad", "pk": 400, "fields": {"nombre": "Guasca", "region": 25}}, {"model": "administracion.ciudad", "pk": 401, "fields": {"nombre": "Guatap\u00e9", "region": 5}}, {"model": "administracion.ciudad", "pk": 402, "fields": {"nombre": "Guataqu\u00ed", "region": 25}}, {"model": "administracion.ciudad", "pk": 403, "fields": {"nombre": "Guatavita", "region": 25}}, {"model": "administracion.ciudad", "pk": 404, "fields": {"nombre": "Guateque", "region": 15}}, {"model": "administracion.ciudad", "pk": 405, "fields": {"nombre": "Guavat\u00e1", "region": 68}}, {"model": "administracion.ciudad", "pk": 406, "fields": {"nombre": "Guayabal de Siquima", "region": 25}}, {"model": "administracion.ciudad", "pk": 407, "fields": {"nombre": "Guayabetal", "region": 25}}, {"model": "administracion.ciudad", "pk": 408, "fields": {"nombre": "Guayat\u00e1", "region": 15}}, {"model": "administracion.ciudad", "pk": 409, "fields": {"nombre": "Guepsa", "region": 68}}, {"model": "administracion.ciudad", "pk": 410, "fields": {"nombre": "Guic\u00e1n", "region": 15}}, {"model": "administracion.ciudad", "pk": 411, "fields": {"nombre": "Guti\u00e9rrez", "region": 25}}, {"model": "administracion.ciudad", "pk": 412, "fields": {"nombre": "Gu\u00e1tica", "region": 66}}, {"model": "administracion.ciudad", "pk": 413, "fields": {"nombre": "G\u00e1mbita", "region": 68}}, {"model": "administracion.ciudad", "pk": 414, "fields": {"nombre": "G\u00e1meza", "region": 15}}, {"model": "administracion.ciudad", "pk": 415, "fields": {"nombre": "G\u00e9nova", "region": 63}}, {"model": "administracion.ciudad", "pk": 416, "fields": {"nombre": "G\u00f3mez Plata", "region": 5}}, {"model": "administracion.ciudad", "pk": 417, "fields": {"nombre": "Hacar\u00ed", "region": 54}}, {"model": "administracion.ciudad", "pk": 418, "fields": {"nombre": "Hatillo de Loba", "region": 13}}, {"model": "administracion.ciudad", "pk": 419, "fields": {"nombre": "Hato", "region": 68}}, {"model": "administracion.ciudad", "pk": 420, "fields": {"nombre": "Hato Corozal", "region": 85}}, {"model": "administracion.ciudad", "pk": 421, "fields": {"nombre": "Hatonuevo", "region": 44}}, {"model": "administracion.ciudad", "pk": 422, "fields": {"nombre": "Heliconia", "region": 5}}, {"model": "administracion.ciudad", "pk": 423, "fields": {"nombre": "Herr\u00e1n", "region": 54}}, {"model": "administracion.ciudad", "pk": 424, "fields": {"nombre": "Herveo", "region": 73}}, {"model": "administracion.ciudad", "pk": 425, "fields": {"nombre": "Hispania", "region": 5}}, {"model": "administracion.ciudad", "pk": 426, "fields": {"nombre": "Hobo", "region": 41}}, {"model": "administracion.ciudad", "pk": 427, "fields": {"nombre": "Honda", "region": 73}}, {"model": "administracion.ciudad", "pk": 428, "fields": {"nombre": "Ibagu\u00e9", "region": 73}}, {"model": "administracion.ciudad", "pk": 429, "fields": {"nombre": "Icononzo", "region": 73}}, {"model": "administracion.ciudad", "pk": 430, "fields": {"nombre": "Iles", "region": 52}}, {"model": "administracion.ciudad", "pk": 431, "fields": {"nombre": "Im\u00faes", "region": 52}}, {"model": "administracion.ciudad", "pk": 432, "fields": {"nombre": "Inz\u00e1", "region": 19}}, {"model": "administracion.ciudad", "pk": 433, "fields": {"nombre": "In\u00edrida", "region": 94}}, {"model": "administracion.ciudad", "pk": 434, "fields": {"nombre": "Ipiales", "region": 52}}, {"model": "administracion.ciudad", "pk": 435, "fields": {"nombre": "Isnos", "region": 41}}, {"model": "administracion.ciudad", "pk": 436, "fields": {"nombre": "Istmina", "region": 27}}, {"model": "administracion.ciudad", "pk": 437, "fields": {"nombre": "Itag\u00fc\u00ed", "region": 5}}, {"model": "administracion.ciudad", "pk": 438, "fields": {"nombre": "Ituango", "region": 5}}, {"model": "administracion.ciudad", "pk": 439, "fields": {"nombre": "Iz\u00e1", "region": 15}}, {"model": "administracion.ciudad", "pk": 440, "fields": {"nombre": "Jambal\u00f3", "region": 19}}, {"model": "administracion.ciudad", "pk": 441, "fields": {"nombre": "Jamund\u00ed", "region": 76}}, {"model": "administracion.ciudad", "pk": 442, "fields": {"nombre": "Jard\u00edn", "region": 5}}, {"model": "administracion.ciudad", "pk": 443, "fields": {"nombre": "Jenesano", "region": 15}}, {"model": "administracion.ciudad", "pk": 444, "fields": {"nombre": "Jeric\u00f3", "region": 5}}, {"model": "administracion.ciudad", "pk": 445, "fields": {"nombre": "Jeric\u00f3", "region": 15}}, {"model": "administracion.ciudad", "pk": 446, "fields": {"nombre": "Jerusal\u00e9n", "region": 25}}, {"model": "administracion.ciudad", "pk": 447, "fields": {"nombre": "Jes\u00fas Mar\u00eda", "region": 68}}, {"model": "administracion.ciudad", "pk": 448, "fields": {"nombre": "Jord\u00e1n", "region": 68}}, {"model": "administracion.ciudad", "pk": 449, "fields": {"nombre": "Juan de Acosta", "region": 8}}, {"model": "administracion.ciudad", "pk": 450, "fields": {"nombre": "Jun\u00edn", "region": 25}}, {"model": "administracion.ciudad", "pk": 451, "fields": {"nombre": "Jurad\u00f3", "region": 27}}, {"model": "administracion.ciudad", "pk": 452, "fields": {"nombre": "La Apartada y La Frontera", "region": 23}}, {"model": "administracion.ciudad", "pk": 453, "fields": {"nombre": "La Argentina", "region": 41}}, {"model": "administracion.ciudad", "pk": 454, "fields": {"nombre": "La Belleza", "region": 68}}, {"model": "administracion.ciudad", "pk": 455, "fields": {"nombre": "La Calera", "region": 25}}, {"model": "administracion.ciudad", "pk": 456, "fields": {"nombre": "La Capilla", "region": 15}}, {"model": "administracion.ciudad", "pk": 457, "fields": {"nombre": "La Ceja", "region": 5}}, {"model": "administracion.ciudad", "pk": 458, "fields": {"nombre": "La Celia", "region": 66}}, {"model": "administracion.ciudad", "pk": 459, "fields": {"nombre": "La Cruz", "region": 52}}, {"model": "administracion.ciudad", "pk": 460, "fields": {"nombre": "La Cumbre", "region": 76}}, {"model": "administracion.ciudad", "pk": 461, "fields": {"nombre": "La Dorada", "region": 17}}, {"model": "administracion.ciudad", "pk": 462, "fields": {"nombre": "La Esperanza", "region": 54}}, {"model": "administracion.ciudad", "pk": 463, "fields": {"nombre": "La Estrella", "region": 5}}, {"model": "administracion.ciudad", "pk": 464, "fields": {"nombre": "La Florida", "region": 52}}, {"model": "administracion.ciudad", "pk": 465, "fields": {"nombre": "La Gloria", "region": 20}}, {"model": "administracion.ciudad", "pk": 466, "fields": {"nombre": "La Jagua de Ibirico", "region": 20}}, {"model": "administracion.ciudad", "pk": 467, "fields": {"nombre": "La Jagua del Pilar", "region": 44}}, {"model": "administracion.ciudad", "pk": 468, "fields": {"nombre": "La Llanada", "region": 52}}, {"model": "administracion.ciudad", "pk": 469, "fields": {"nombre": "La Macarena", "region": 50}}, {"model": "administracion.ciudad", "pk": 470, "fields": {"nombre": "La Merced", "region": 17}}, {"model": "administracion.ciudad", "pk": 471, "fields": {"nombre": "La Mesa", "region": 25}}, {"model": "administracion.ciudad", "pk": 472, "fields": {"nombre": "La Monta\u00f1ita", "region": 18}}, {"model": "administracion.ciudad", "pk": 473, "fields": {"nombre": "La Palma", "region": 25}}, {"model": "administracion.ciudad", "pk": 474, "fields": {"nombre": "La Paz", "region": 68}}, {"model": "administracion.ciudad", "pk": 475, "fields": {"nombre": "La Paz (Robles)", "region": 20}}, {"model": "administracion.ciudad", "pk": 476, "fields": {"nombre": "La Pe\u00f1a", "region": 25}}, {"model": "administracion.ciudad", "pk": 477, "fields": {"nombre": "La Pintada", "region": 5}}, {"model": "administracion.ciudad", "pk": 478, "fields": {"nombre": "La Plata", "region": 41}}, {"model": "administracion.ciudad", "pk": 479, "fields": {"nombre": "La Playa", "region": 54}}, {"model": "administracion.ciudad", "pk": 480, "fields": {"nombre": "La Primavera", "region": 99}}, {"model": "administracion.ciudad", "pk": 481, "fields": {"nombre": "La Salina", "region": 85}}, {"model": "administracion.ciudad", "pk": 482, "fields": {"nombre": "La Sierra", "region": 19}}, {"model": "administracion.ciudad", "pk": 483, "fields": {"nombre": "La Tebaida", "region": 63}}, {"model": "administracion.ciudad", "pk": 484, "fields": {"nombre": "La Tola", "region": 52}}, {"model": "administracion.ciudad", "pk": 485, "fields": {"nombre": "La Uni\u00f3n", "region": 5}}, {"model": "administracion.ciudad", "pk": 486, "fields": {"nombre": "La Uni\u00f3n", "region": 52}}, {"model": "administracion.ciudad", "pk": 487, "fields": {"nombre": "La Uni\u00f3n", "region": 70}}, {"model": "administracion.ciudad", "pk": 488, "fields": {"nombre": "La Uni\u00f3n", "region": 76}}, {"model": "administracion.ciudad", "pk": 489, "fields": {"nombre": "La Uvita", "region": 15}}, {"model": "administracion.ciudad", "pk": 490, "fields": {"nombre": "La Vega", "region": 19}}, {"model": "administracion.ciudad", "pk": 491, "fields": {"nombre": "La Vega", "region": 25}}, {"model": "administracion.ciudad", "pk": 492, "fields": {"nombre": "La Victoria", "region": 15}}, {"model": "administracion.ciudad", "pk": 493, "fields": {"nombre": "La Victoria", "region": 17}}, {"model": "administracion.ciudad", "pk": 494, "fields": {"nombre": "La Victoria", "region": 76}}, {"model": "administracion.ciudad", "pk": 495, "fields": {"nombre": "La Virginia", "region": 66}}, {"model": "administracion.ciudad", "pk": 496, "fields": {"nombre": "Labateca", "region": 54}}, {"model": "administracion.ciudad", "pk": 497, "fields": {"nombre": "Labranzagrande", "region": 15}}, {"model": "administracion.ciudad", "pk": 498, "fields": {"nombre": "Land\u00e1zuri", "region": 68}}, {"model": "administracion.ciudad", "pk": 499, "fields": {"nombre": "Lebrija", "region": 68}}, {"model": "administracion.ciudad", "pk": 500, "fields": {"nombre": "Leiva", "region": 52}}, {"model": "administracion.ciudad", "pk": 501, "fields": {"nombre": "Lejan\u00edas", "region": 50}}, {"model": "administracion.ciudad", "pk": 502, "fields": {"nombre": "Lenguazaque", "region": 25}}, {"model": "administracion.ciudad", "pk": 503, "fields": {"nombre": "Leticia", "region": 91}}, {"model": "administracion.ciudad", "pk": 504, "fields": {"nombre": "Liborina", "region": 5}}, {"model": "administracion.ciudad", "pk": 505, "fields": {"nombre": "Linares", "region": 52}}, {"model": "administracion.ciudad", "pk": 506, "fields": {"nombre": "Llor\u00f3", "region": 27}}, {"model": "administracion.ciudad", "pk": 507, "fields": {"nombre": "Lorica", "region": 23}}, {"model": "administracion.ciudad", "pk": 508, "fields": {"nombre": "Los C\u00f3rdobas", "region": 23}}, {"model": "administracion.ciudad", "pk": 509, "fields": {"nombre": "Los Palmitos", "region": 70}}, {"model": "administracion.ciudad", "pk": 510, "fields": {"nombre": "Los Patios", "region": 54}}, {"model": "administracion.ciudad", "pk": 511, "fields": {"nombre": "Los Santos", "region": 68}}, {"model": "administracion.ciudad", "pk": 512, "fields": {"nombre": "Lourdes", "region": 54}}, {"model": "administracion.ciudad", "pk": 513, "fields": {"nombre": "Luruaco", "region": 8}}, {"model": "administracion.ciudad", "pk": 514, "fields": {"nombre": "L\u00e9rida", "region": 73}}, {"model": "administracion.ciudad", "pk": 515, "fields": {"nombre": "L\u00edbano", "region": 73}}, {"model": "administracion.ciudad", "pk": 516, "fields": {"nombre": "L\u00f3pez (Micay)", "region": 19}}, {"model": "administracion.ciudad", "pk": 517, "fields": {"nombre": "Macanal", "region": 15}}, {"model": "administracion.ciudad", "pk": 518, "fields": {"nombre": "Macaravita", "region": 68}}, {"model": "administracion.ciudad", "pk": 519, "fields": {"nombre": "Maceo", "region": 5}}, {"model": "administracion.ciudad", "pk": 520, "fields": {"nombre": "Machet\u00e1", "region": 25}}, {"model": "administracion.ciudad", "pk": 521, "fields": {"nombre": "Madrid", "region": 25}}, {"model": "administracion.ciudad", "pk": 522, "fields": {"nombre": "Magangu\u00e9", "region": 13}}, {"model": "administracion.ciudad", "pk": 523, "fields": {"nombre": "Mag\u00fci (Pay\u00e1n)", "region": 52}}, {"model": "administracion.ciudad", "pk": 524, "fields": {"nombre": "Mahates", "region": 13}}, {"model": "administracion.ciudad", "pk": 525, "fields": {"nombre": "Maicao", "region": 44}}, {"model": "administracion.ciudad", "pk": 526, "fields": {"nombre": "Majagual", "region": 70}}, {"model": "administracion.ciudad", "pk": 527, "fields": {"nombre": "Malambo", "region": 8}}, {"model": "administracion.ciudad", "pk": 528, "fields": {"nombre": "Mallama (Piedrancha)", "region": 52}}, {"model": "administracion.ciudad", "pk": 529, "fields": {"nombre": "Manat\u00ed", "region": 8}}, {"model": "administracion.ciudad", "pk": 530, "fields": {"nombre": "Manaure", "region": 44}}, {"model": "administracion.ciudad", "pk": 531, "fields": {"nombre": "Manaure Balc\u00f3n del Cesar", "region": 20}}, {"model": "administracion.ciudad", "pk": 532, "fields": {"nombre": "Manizales", "region": 17}}, {"model": "administracion.ciudad", "pk": 533, "fields": {"nombre": "Manta", "region": 25}}, {"model": "administracion.ciudad", "pk": 534, "fields": {"nombre": "Manzanares", "region": 17}}, {"model": "administracion.ciudad", "pk": 535, "fields": {"nombre": "Man\u00ed", "region": 85}}, {"model": "administracion.ciudad", "pk": 536, "fields": {"nombre": "Mapiripan", "region": 50}}, {"model": "administracion.ciudad", "pk": 537, "fields": {"nombre": "Margarita", "region": 13}}, {"model": "administracion.ciudad", "pk": 538, "fields": {"nombre": "Marinilla", "region": 5}}, {"model": "administracion.ciudad", "pk": 539, "fields": {"nombre": "Marip\u00ed", "region": 15}}, {"model": "administracion.ciudad", "pk": 540, "fields": {"nombre": "Mariquita", "region": 73}}, {"model": "administracion.ciudad", "pk": 541, "fields": {"nombre": "Marmato", "region": 17}}, {"model": "administracion.ciudad", "pk": 542, "fields": {"nombre": "Marquetalia", "region": 17}}, {"model": "administracion.ciudad", "pk": 543, "fields": {"nombre": "Marsella", "region": 66}}, {"model": "administracion.ciudad", "pk": 544, "fields": {"nombre": "Marulanda", "region": 17}}, {"model": "administracion.ciudad", "pk": 545, "fields": {"nombre": "Mar\u00eda la Baja", "region": 13}}, {"model": "administracion.ciudad", "pk": 546, "fields": {"nombre": "Matanza", "region": 68}}, {"model": "administracion.ciudad", "pk": 547, "fields": {"nombre": "Medell\u00edn", "region": 5}}, {"model": "administracion.ciudad", "pk": 548, "fields": {"nombre": "Medina", "region": 25}}, {"model": "administracion.ciudad", "pk": 549, "fields": {"nombre": "Medio Atrato", "region": 27}}, {"model": "administracion.ciudad", "pk": 550, "fields": {"nombre": "Medio Baud\u00f3", "region": 27}}, {"model": "administracion.ciudad", "pk": 551, "fields": {"nombre": "Medio San Juan (ANDAGOYA)", "region": 27}}, {"model": "administracion.ciudad", "pk": 552, "fields": {"nombre": "Melgar", "region": 73}}, {"model": "administracion.ciudad", "pk": 553, "fields": {"nombre": "Mercaderes", "region": 19}}, {"model": "administracion.ciudad", "pk": 554, "fields": {"nombre": "Mesetas", "region": 50}}, {"model": "administracion.ciudad", "pk": 555, "fields": {"nombre": "Mil\u00e1n", "region": 18}}, {"model": "administracion.ciudad", "pk": 556, "fields": {"nombre": "Miraflores", "region": 15}}, {"model": "administracion.ciudad", "pk": 557, "fields": {"nombre": "Miraflores", "region": 95}}, {"model": "administracion.ciudad", "pk": 558, "fields": {"nombre": "Miranda", "region": 19}}, {"model": "administracion.ciudad", "pk": 559, "fields": {"nombre": "Mistrat\u00f3", "region": 66}}, {"model": "administracion.ciudad", "pk": 560, "fields": {"nombre": "Mit\u00fa", "region": 97}}, {"model": "administracion.ciudad", "pk": 561, "fields": {"nombre": "Mocoa", "region": 86}}, {"model": "administracion.ciudad", "pk": 562, "fields": {"nombre": "Mogotes", "region": 68}}, {"model": "administracion.ciudad", "pk": 563, "fields": {"nombre": "Molagavita", "region": 68}}, {"model": "administracion.ciudad", "pk": 564, "fields": {"nombre": "Momil", "region": 23}}, {"model": "administracion.ciudad", "pk": 565, "fields": {"nombre": "Momp\u00f3s", "region": 13}}, {"model": "administracion.ciudad", "pk": 566, "fields": {"nombre": "Mongua", "region": 15}}, {"model": "administracion.ciudad", "pk": 567, "fields": {"nombre": "Mongu\u00ed", "region": 15}}, {"model": "administracion.ciudad", "pk": 568, "fields": {"nombre": "Moniquir\u00e1", "region": 15}}, {"model": "administracion.ciudad", "pk": 569, "fields": {"nombre": "Montebello", "region": 5}}, {"model": "administracion.ciudad", "pk": 570, "fields": {"nombre": "Montecristo", "region": 13}}, {"model": "administracion.ciudad", "pk": 571, "fields": {"nombre": "Montel\u00edbano", "region": 23}}, {"model": "administracion.ciudad", "pk": 572, "fields": {"nombre": "Montenegro", "region": 63}}, {"model": "administracion.ciudad", "pk": 573, "fields": {"nombre": "Monteria", "region": 23}}, {"model": "administracion.ciudad", "pk": 574, "fields": {"nombre": "Monterrey", "region": 85}}, {"model": "administracion.ciudad", "pk": 575, "fields": {"nombre": "Morales", "region": 13}}, {"model": "administracion.ciudad", "pk": 576, "fields": {"nombre": "Morales", "region": 19}}, {"model": "administracion.ciudad", "pk": 577, "fields": {"nombre": "Morelia", "region": 18}}, {"model": "administracion.ciudad", "pk": 578, "fields": {"nombre": "Morroa", "region": 70}}, {"model": "administracion.ciudad", "pk": 579, "fields": {"nombre": "Mosquera", "region": 25}}, {"model": "administracion.ciudad", "pk": 580, "fields": {"nombre": "Mosquera", "region": 52}}, {"model": "administracion.ciudad", "pk": 581, "fields": {"nombre": "Motavita", "region": 15}}, {"model": "administracion.ciudad", "pk": 582, "fields": {"nombre": "Mo\u00f1itos", "region": 23}}, {"model": "administracion.ciudad", "pk": 583, "fields": {"nombre": "Murillo", "region": 73}}, {"model": "administracion.ciudad", "pk": 584, "fields": {"nombre": "Murind\u00f3", "region": 5}}, {"model": "administracion.ciudad", "pk": 585, "fields": {"nombre": "Mutat\u00e1", "region": 5}}, {"model": "administracion.ciudad", "pk": 586, "fields": {"nombre": "Mutiscua", "region": 54}}, {"model": "administracion.ciudad", "pk": 587, "fields": {"nombre": "Muzo", "region": 15}}, {"model": "administracion.ciudad", "pk": 588, "fields": {"nombre": "M\u00e1laga", "region": 68}}, {"model": "administracion.ciudad", "pk": 589, "fields": {"nombre": "Nari\u00f1o", "region": 5}}, {"model": "administracion.ciudad", "pk": 590, "fields": {"nombre": "Nari\u00f1o", "region": 25}}, {"model": "administracion.ciudad", "pk": 591, "fields": {"nombre": "Nari\u00f1o", "region": 52}}, {"model": "administracion.ciudad", "pk": 592, "fields": {"nombre": "Natagaima", "region": 73}}, {"model": "administracion.ciudad", "pk": 593, "fields": {"nombre": "Nech\u00ed", "region": 5}}, {"model": "administracion.ciudad", "pk": 594, "fields": {"nombre": "Necocl\u00ed", "region": 5}}, {"model": "administracion.ciudad", "pk": 595, "fields": {"nombre": "Neira", "region": 17}}, {"model": "administracion.ciudad", "pk": 596, "fields": {"nombre": "Neiva", "region": 41}}, {"model": "administracion.ciudad", "pk": 597, "fields": {"nombre": "Nemoc\u00f3n", "region": 25}}, {"model": "administracion.ciudad", "pk": 598, "fields": {"nombre": "Nilo", "region": 25}}, {"model": "administracion.ciudad", "pk": 599, "fields": {"nombre": "Nimaima", "region": 25}}, {"model": "administracion.ciudad", "pk": 600, "fields": {"nombre": "Nobsa", "region": 15}}, {"model": "administracion.ciudad", "pk": 601, "fields": {"nombre": "Nocaima", "region": 25}}, {"model": "administracion.ciudad", "pk": 602, "fields": {"nombre": "Norcasia", "region": 17}}, {"model": "administracion.ciudad", "pk": 603, "fields": {"nombre": "Noros\u00ed", "region": 13}}, {"model": "administracion.ciudad", "pk": 604, "fields": {"nombre": "Novita", "region": 27}}, {"model": "administracion.ciudad", "pk": 605, "fields": {"nombre": "Nueva Granada", "region": 47}}, {"model": "administracion.ciudad", "pk": 606, "fields": {"nombre": "Nuevo Col\u00f3n", "region": 15}}, {"model": "administracion.ciudad", "pk": 607, "fields": {"nombre": "Nunch\u00eda", "region": 85}}, {"model": "administracion.ciudad", "pk": 608, "fields": {"nombre": "Nuqu\u00ed", "region": 27}}, {"model": "administracion.ciudad", "pk": 609, "fields": {"nombre": "N\u00e1taga", "region": 41}}, {"model": "administracion.ciudad", "pk": 610, "fields": {"nombre": "Obando", "region": 76}}, {"model": "administracion.ciudad", "pk": 611, "fields": {"nombre": "Ocamonte", "region": 68}}, {"model": "administracion.ciudad", "pk": 612, "fields": {"nombre": "Oca\u00f1a", "region": 54}}, {"model": "administracion.ciudad", "pk": 613, "fields": {"nombre": "Oiba", "region": 68}}, {"model": "administracion.ciudad", "pk": 614, "fields": {"nombre": "Oicat\u00e1", "region": 15}}, {"model": "administracion.ciudad", "pk": 615, "fields": {"nombre": "Olaya", "region": 5}}, {"model": "administracion.ciudad", "pk": 616, "fields": {"nombre": "Olaya Herrera", "region": 52}}, {"model": "administracion.ciudad", "pk": 617, "fields": {"nombre": "Onzaga", "region": 68}}, {"model": "administracion.ciudad", "pk": 618, "fields": {"nombre": "Oporapa", "region": 41}}, {"model": "administracion.ciudad", "pk": 619, "fields": {"nombre": "Orito", "region": 86}}, {"model": "administracion.ciudad", "pk": 620, "fields": {"nombre": "Orocu\u00e9", "region": 85}}, {"model": "administracion.ciudad", "pk": 621, "fields": {"nombre": "Ortega", "region": 73}}, {"model": "administracion.ciudad", "pk": 622, "fields": {"nombre": "Ospina", "region": 52}}, {"model": "administracion.ciudad", "pk": 623, "fields": {"nombre": "Otanche", "region": 15}}, {"model": "administracion.ciudad", "pk": 624, "fields": {"nombre": "Ovejas", "region": 70}}, {"model": "administracion.ciudad", "pk": 625, "fields": {"nombre": "Pachavita", "region": 15}}, {"model": "administracion.ciudad", "pk": 626, "fields": {"nombre": "Pacho", "region": 25}}, {"model": "administracion.ciudad", "pk": 627, "fields": {"nombre": "Padilla", "region": 19}}, {"model": "administracion.ciudad", "pk": 628, "fields": {"nombre": "Paicol", "region": 41}}, {"model": "administracion.ciudad", "pk": 629, "fields": {"nombre": "Pailitas", "region": 20}}, {"model": "administracion.ciudad", "pk": 630, "fields": {"nombre": "Paime", "region": 25}}, {"model": "administracion.ciudad", "pk": 631, "fields": {"nombre": "Paipa", "region": 15}}, {"model": "administracion.ciudad", "pk": 632, "fields": {"nombre": "Pajarito", "region": 15}}, {"model": "administracion.ciudad", "pk": 633, "fields": {"nombre": "Palermo", "region": 41}}, {"model": "administracion.ciudad", "pk": 634, "fields": {"nombre": "Palestina", "region": 17}}, {"model": "administracion.ciudad", "pk": 635, "fields": {"nombre": "Palestina", "region": 41}}, {"model": "administracion.ciudad", "pk": 636, "fields": {"nombre": "Palmar", "region": 68}}, {"model": "administracion.ciudad", "pk": 637, "fields": {"nombre": "Palmar de Varela", "region": 8}}, {"model": "administracion.ciudad", "pk": 638, "fields": {"nombre": "Palmas del Socorro", "region": 68}}, {"model": "administracion.ciudad", "pk": 639, "fields": {"nombre": "Palmira", "region": 76}}, {"model": "administracion.ciudad", "pk": 640, "fields": {"nombre": "Palmito", "region": 70}}, {"model": "administracion.ciudad", "pk": 641, "fields": {"nombre": "Palocabildo", "region": 73}}, {"model": "administracion.ciudad", "pk": 642, "fields": {"nombre": "Pamplona", "region": 54}}, {"model": "administracion.ciudad", "pk": 643, "fields": {"nombre": "Pamplonita", "region": 54}}, {"model": "administracion.ciudad", "pk": 644, "fields": {"nombre": "Pandi", "region": 25}}, {"model": "administracion.ciudad", "pk": 645, "fields": {"nombre": "Panqueba", "region": 15}}, {"model": "administracion.ciudad", "pk": 646, "fields": {"nombre": "Paratebueno", "region": 25}}, {"model": "administracion.ciudad", "pk": 647, "fields": {"nombre": "Pasca", "region": 25}}, {"model": "administracion.ciudad", "pk": 648, "fields": {"nombre": "Pat\u00eda (El Bordo)", "region": 19}}, {"model": "administracion.ciudad", "pk": 649, "fields": {"nombre": "Pauna", "region": 15}}, {"model": "administracion.ciudad", "pk": 650, "fields": {"nombre": "Paya", "region": 15}}, {"model": "administracion.ciudad", "pk": 651, "fields": {"nombre": "Paz de Ariporo", "region": 85}}, {"model": "administracion.ciudad", "pk": 652, "fields": {"nombre": "Paz de R\u00edo", "region": 15}}, {"model": "administracion.ciudad", "pk": 653, "fields": {"nombre": "Pedraza", "region": 47}}, {"model": "administracion.ciudad", "pk": 654, "fields": {"nombre": "Pelaya", "region": 20}}, {"model": "administracion.ciudad", "pk": 655, "fields": {"nombre": "Pensilvania", "region": 17}}, {"model": "administracion.ciudad", "pk": 656, "fields": {"nombre": "Peque", "region": 5}}, {"model": "administracion.ciudad", "pk": 657, "fields": {"nombre": "Pereira", "region": 66}}, {"model": "administracion.ciudad", "pk": 658, "fields": {"nombre": "Pesca", "region": 15}}, {"model": "administracion.ciudad", "pk": 659, "fields": {"nombre": "Pe\u00f1ol", "region": 5}}, {"model": "administracion.ciudad", "pk": 660, "fields": {"nombre": "Piamonte", "region": 19}}, {"model": "administracion.ciudad", "pk": 661, "fields": {"nombre": "Pie de Cuesta", "region": 68}}, {"model": "administracion.ciudad", "pk": 662, "fields": {"nombre": "Piedras", "region": 73}}, {"model": "administracion.ciudad", "pk": 663, "fields": {"nombre": "Piendam\u00f3", "region": 19}}, {"model": "administracion.ciudad", "pk": 664, "fields": {"nombre": "Pijao", "region": 63}}, {"model": "administracion.ciudad", "pk": 665, "fields": {"nombre": "Piji\u00f1o", "region": 47}}, {"model": "administracion.ciudad", "pk": 666, "fields": {"nombre": "Pinchote", "region": 68}}, {"model": "administracion.ciudad", "pk": 667, "fields": {"nombre": "Pinillos", "region": 13}}, {"model": "administracion.ciudad", "pk": 668, "fields": {"nombre": "Piojo", "region": 8}}, {"model": "administracion.ciudad", "pk": 669, "fields": {"nombre": "Pisva", "region": 15}}, {"model": "administracion.ciudad", "pk": 670, "fields": {"nombre": "Pital", "region": 41}}, {"model": "administracion.ciudad", "pk": 671, "fields": {"nombre": "Pitalito", "region": 41}}, {"model": "administracion.ciudad", "pk": 672, "fields": {"nombre": "Pivijay", "region": 47}}, {"model": "administracion.ciudad", "pk": 673, "fields": {"nombre": "Planadas", "region": 73}}, {"model": "administracion.ciudad", "pk": 674, "fields": {"nombre": "Planeta Rica", "region": 23}}, {"model": "administracion.ciudad", "pk": 675, "fields": {"nombre": "Plato", "region": 47}}, {"model": "administracion.ciudad", "pk": 676, "fields": {"nombre": "Policarpa", "region": 52}}, {"model": "administracion.ciudad", "pk": 677, "fields": {"nombre": "Polonuevo", "region": 8}}, {"model": "administracion.ciudad", "pk": 678, "fields": {"nombre": "Ponedera", "region": 8}}, {"model": "administracion.ciudad", "pk": 679, "fields": {"nombre": "Popay\u00e1n", "region": 19}}, {"model": "administracion.ciudad", "pk": 680, "fields": {"nombre": "Pore", "region": 85}}, {"model": "administracion.ciudad", "pk": 681, "fields": {"nombre": "Potos\u00ed", "region": 52}}, {"model": "administracion.ciudad", "pk": 682, "fields": {"nombre": "Pradera", "region": 76}}, {"model": "administracion.ciudad", "pk": 683, "fields": {"nombre": "Prado", "region": 73}}, {"model": "administracion.ciudad", "pk": 684, "fields": {"nombre": "Providencia", "region": 52}}, {"model": "administracion.ciudad", "pk": 685, "fields": {"nombre": "Providencia", "region": 88}}, {"model": "administracion.ciudad", "pk": 686, "fields": {"nombre": "Pueblo Bello", "region": 20}}, {"model": "administracion.ciudad", "pk": 687, "fields": {"nombre": "Pueblo Nuevo", "region": 23}}, {"model": "administracion.ciudad", "pk": 688, "fields": {"nombre": "Pueblo Rico", "region": 66}}, {"model": "administracion.ciudad", "pk": 689, "fields": {"nombre": "Pueblorrico", "region": 5}}, {"model": "administracion.ciudad", "pk": 690, "fields": {"nombre": "Puebloviejo", "region": 47}}, {"model": "administracion.ciudad", "pk": 691, "fields": {"nombre": "Puente Nacional", "region": 68}}, {"model": "administracion.ciudad", "pk": 692, "fields": {"nombre": "Puerres", "region": 52}}, {"model": "administracion.ciudad", "pk": 693, "fields": {"nombre": "Puerto As\u00eds", "region": 86}}, {"model": "administracion.ciudad", "pk": 694, "fields": {"nombre": "Puerto Berr\u00edo", "region": 5}}, {"model": "administracion.ciudad", "pk": 695, "fields": {"nombre": "Puerto Boyac\u00e1", "region": 15}}, {"model": "administracion.ciudad", "pk": 696, "fields": {"nombre": "Puerto Caicedo", "region": 86}}, {"model": "administracion.ciudad", "pk": 697, "fields": {"nombre": "Puerto Carre\u00f1o", "region": 99}}, {"model": "administracion.ciudad", "pk": 698, "fields": {"nombre": "Puerto Colombia", "region": 8}}, {"model": "administracion.ciudad", "pk": 699, "fields": {"nombre": "Puerto Concordia", "region": 50}}, {"model": "administracion.ciudad", "pk": 700, "fields": {"nombre": "Puerto Escondido", "region": 23}}, {"model": "administracion.ciudad", "pk": 701, "fields": {"nombre": "Puerto Gait\u00e1n", "region": 50}}, {"model": "administracion.ciudad", "pk": 702, "fields": {"nombre": "Puerto Guzm\u00e1n", "region": 86}}, {"model": "administracion.ciudad", "pk": 703, "fields": {"nombre": "Puerto Legu\u00edzamo", "region": 86}}, {"model": "administracion.ciudad", "pk": 704, "fields": {"nombre": "Puerto Libertador", "region": 23}}, {"model": "administracion.ciudad", "pk": 705, "fields": {"nombre": "Puerto Lleras", "region": 50}}, {"model": "administracion.ciudad", "pk": 706, "fields": {"nombre": "Puerto L\u00f3pez", "region": 50}}, {"model": "administracion.ciudad", "pk": 707, "fields": {"nombre": "Puerto Nare", "region": 5}}, {"model": "administracion.ciudad", "pk": 708, "fields": {"nombre": "Puerto Nari\u00f1o", "region": 91}}, {"model": "administracion.ciudad", "pk": 709, "fields": {"nombre": "Puerto Parra", "region": 68}}, {"model": "administracion.ciudad", "pk": 710, "fields": {"nombre": "Puerto Rico", "region": 18}}, {"model": "administracion.ciudad", "pk": 711, "fields": {"nombre": "Puerto Rico", "region": 50}}, {"model": "administracion.ciudad", "pk": 712, "fields": {"nombre": "Puerto Rond\u00f3n", "region": 81}}, {"model": "administracion.ciudad", "pk": 713, "fields": {"nombre": "Puerto Salgar", "region": 25}}, {"model": "administracion.ciudad", "pk": 714, "fields": {"nombre": "Puerto Santander", "region": 54}}, {"model": "administracion.ciudad", "pk": 715, "fields": {"nombre": "Puerto Tejada", "region": 19}}, {"model": "administracion.ciudad", "pk": 716, "fields": {"nombre": "Puerto Triunfo", "region": 5}}, {"model": "administracion.ciudad", "pk": 717, "fields": {"nombre": "Puerto Wilches", "region": 68}}, {"model": "administracion.ciudad", "pk": 718, "fields": {"nombre": "Pul\u00ed", "region": 25}}, {"model": "administracion.ciudad", "pk": 719, "fields": {"nombre": "Pupiales", "region": 52}}, {"model": "administracion.ciudad", "pk": 720, "fields": {"nombre": "Purac\u00e9 (Coconuco)", "region": 19}}, {"model": "administracion.ciudad", "pk": 721, "fields": {"nombre": "Purificaci\u00f3n", "region": 73}}, {"model": "administracion.ciudad", "pk": 722, "fields": {"nombre": "Pur\u00edsima", "region": 23}}, {"model": "administracion.ciudad", "pk": 723, "fields": {"nombre": "P\u00e1cora", "region": 17}}, {"model": "administracion.ciudad", "pk": 724, "fields": {"nombre": "P\u00e1ez", "region": 15}}, {"model": "administracion.ciudad", "pk": 725, "fields": {"nombre": "P\u00e1ez (Belalcazar)", "region": 19}}, {"model": "administracion.ciudad", "pk": 726, "fields": {"nombre": "P\u00e1ramo", "region": 68}}, {"model": "administracion.ciudad", "pk": 727, "fields": {"nombre": "Quebradanegra", "region": 25}}, {"model": "administracion.ciudad", "pk": 728, "fields": {"nombre": "Quetame", "region": 25}}, {"model": "administracion.ciudad", "pk": 729, "fields": {"nombre": "Quibd\u00f3", "region": 27}}, {"model": "administracion.ciudad", "pk": 730, "fields": {"nombre": "Quimbaya", "region": 63}}, {"model": "administracion.ciudad", "pk": 731, "fields": {"nombre": "Quinch\u00eda", "region": 66}}, {"model": "administracion.ciudad", "pk": 732, "fields": {"nombre": "Quipama", "region": 15}}, {"model": "administracion.ciudad", "pk": 733, "fields": {"nombre": "Quipile", "region": 25}}, {"model": "administracion.ciudad", "pk": 734, "fields": {"nombre": "Ragonvalia", "region": 54}}, {"model": "administracion.ciudad", "pk": 735, "fields": {"nombre": "Ramiriqu\u00ed", "region": 15}}, {"model": "administracion.ciudad", "pk": 736, "fields": {"nombre": "Recetor", "region": 85}}, {"model": "administracion.ciudad", "pk": 737, "fields": {"nombre": "Regidor", "region": 13}}, {"model": "administracion.ciudad", "pk": 738, "fields": {"nombre": "Remedios", "region": 5}}, {"model": "administracion.ciudad", "pk": 739, "fields": {"nombre": "Remolino", "region": 47}}, {"model": "administracion.ciudad", "pk": 740, "fields": {"nombre": "Repel\u00f3n", "region": 8}}, {"model": "administracion.ciudad", "pk": 741, "fields": {"nombre": "Restrepo", "region": 50}}, {"model": "administracion.ciudad", "pk": 742, "fields": {"nombre": "Restrepo", "region": 76}}, {"model": "administracion.ciudad", "pk": 743, "fields": {"nombre": "Retiro", "region": 5}}, {"model": "administracion.ciudad", "pk": 744, "fields": {"nombre": "Ricaurte", "region": 25}}, {"model": "administracion.ciudad", "pk": 745, "fields": {"nombre": "Ricaurte", "region": 52}}, {"model": "administracion.ciudad", "pk": 746, "fields": {"nombre": "Rio Negro", "region": 68}}, {"model": "administracion.ciudad", "pk": 747, "fields": {"nombre": "Rioblanco", "region": 73}}, {"model": "administracion.ciudad", "pk": 748, "fields": {"nombre": "Riofr\u00edo", "region": 76}}, {"model": "administracion.ciudad", "pk": 749, "fields": {"nombre": "Riohacha", "region": 44}}, {"model": "administracion.ciudad", "pk": 750, "fields": {"nombre": "Risaralda", "region": 17}}, {"model": "administracion.ciudad", "pk": 751, "fields": {"nombre": "Rivera", "region": 41}}, {"model": "administracion.ciudad", "pk": 752, "fields": {"nombre": "Roberto Pay\u00e1n (San Jos\u00e9)", "region": 52}}, {"model": "administracion.ciudad", "pk": 753, "fields": {"nombre": "Roldanillo", "region": 76}}, {"model": "administracion.ciudad", "pk": 754, "fields": {"nombre": "Roncesvalles", "region": 73}}, {"model": "administracion.ciudad", "pk": 755, "fields": {"nombre": "Rond\u00f3n", "region": 15}}, {"model": "administracion.ciudad", "pk": 756, "fields": {"nombre": "Rosas", "region": 19}}, {"model": "administracion.ciudad", "pk": 757, "fields": {"nombre": "Rovira", "region": 73}}, {"model": "administracion.ciudad", "pk": 758, "fields": {"nombre": "R\u00e1quira", "region": 15}}, {"model": "administracion.ciudad", "pk": 759, "fields": {"nombre": "R\u00edo Ir\u00f3", "region": 27}}, {"model": "administracion.ciudad", "pk": 760, "fields": {"nombre": "R\u00edo Quito", "region": 27}}, {"model": "administracion.ciudad", "pk": 761, "fields": {"nombre": "R\u00edo Sucio", "region": 17}}, {"model": "administracion.ciudad", "pk": 762, "fields": {"nombre": "R\u00edo Viejo", "region": 13}}, {"model": "administracion.ciudad", "pk": 763, "fields": {"nombre": "R\u00edo de oro", "region": 20}}, {"model": "administracion.ciudad", "pk": 764, "fields": {"nombre": "R\u00edonegro", "region": 5}}, {"model": "administracion.ciudad", "pk": 765, "fields": {"nombre": "R\u00edosucio", "region": 27}}, {"model": "administracion.ciudad", "pk": 766, "fields": {"nombre": "Sabana de Torres", "region": 68}}, {"model": "administracion.ciudad", "pk": 767, "fields": {"nombre": "Sabanagrande", "region": 8}}, {"model": "administracion.ciudad", "pk": 768, "fields": {"nombre": "Sabanalarga", "region": 5}}, {"model": "administracion.ciudad", "pk": 769, "fields": {"nombre": "Sabanalarga", "region": 8}}, {"model": "administracion.ciudad", "pk": 770, "fields": {"nombre": "Sabanalarga", "region": 85}}, {"model": "administracion.ciudad", "pk": 771, "fields": {"nombre": "Sabanas de San Angel (SAN ANGEL)", "region": 47}}, {"model": "administracion.ciudad", "pk": 772, "fields": {"nombre": "Sabaneta", "region": 5}}, {"model": "administracion.ciudad", "pk": 773, "fields": {"nombre": "Saboy\u00e1", "region": 15}}, {"model": "administracion.ciudad", "pk": 774, "fields": {"nombre": "Sahag\u00fan", "region": 23}}, {"model": "administracion.ciudad", "pk": 775, "fields": {"nombre": "Saladoblanco", "region": 41}}, {"model": "administracion.ciudad", "pk": 776, "fields": {"nombre": "Salamina", "region": 17}}, {"model": "administracion.ciudad", "pk": 777, "fields": {"nombre": "Salamina", "region": 47}}, {"model": "administracion.ciudad", "pk": 778, "fields": {"nombre": "Salazar", "region": 54}}, {"model": "administracion.ciudad", "pk": 779, "fields": {"nombre": "Salda\u00f1a", "region": 73}}, {"model": "administracion.ciudad", "pk": 780, "fields": {"nombre": "Salento", "region": 63}}, {"model": "administracion.ciudad", "pk": 781, "fields": {"nombre": "Salgar", "region": 5}}, {"model": "administracion.ciudad", "pk": 782, "fields": {"nombre": "Samac\u00e1", "region": 15}}, {"model": "administracion.ciudad", "pk": 783, "fields": {"nombre": "Samaniego", "region": 52}}, {"model": "administracion.ciudad", "pk": 784, "fields": {"nombre": "Saman\u00e1", "region": 17}}, {"model": "administracion.ciudad", "pk": 785, "fields": {"nombre": "Sampu\u00e9s", "region": 70}}, {"model": "administracion.ciudad", "pk": 786, "fields": {"nombre": "San Agust\u00edn", "region": 41}}, {"model": "administracion.ciudad", "pk": 787, "fields": {"nombre": "San Alberto", "region": 20}}, {"model": "administracion.ciudad", "pk": 788, "fields": {"nombre": "San Andr\u00e9s", "region": 68}}, {"model": "administracion.ciudad", "pk": 789, "fields": {"nombre": "San Andr\u00e9s Sotavento", "region": 23}}, {"model": "administracion.ciudad", "pk": 790, "fields": {"nombre": "San Andr\u00e9s de Cuerqu\u00eda", "region": 5}}, {"model": "administracion.ciudad", "pk": 791, "fields": {"nombre": "San Antero", "region": 23}}, {"model": "administracion.ciudad", "pk": 792, "fields": {"nombre": "San Antonio", "region": 73}}, {"model": "administracion.ciudad", "pk": 793, "fields": {"nombre": "San Antonio de Tequendama", "region": 25}}, {"model": "administracion.ciudad", "pk": 794, "fields": {"nombre": "San Benito", "region": 68}}, {"model": "administracion.ciudad", "pk": 795, "fields": {"nombre": "San Benito Abad", "region": 70}}, {"model": "administracion.ciudad", "pk": 796, "fields": {"nombre": "San Bernardo", "region": 25}}, {"model": "administracion.ciudad", "pk": 797, "fields": {"nombre": "San Bernardo", "region": 52}}, {"model": "administracion.ciudad", "pk": 798, "fields": {"nombre": "San Bernardo del Viento", "region": 23}}, {"model": "administracion.ciudad", "pk": 799, "fields": {"nombre": "San Calixto", "region": 54}}, {"model": "administracion.ciudad", "pk": 800, "fields": {"nombre": "San Carlos", "region": 5}}, {"model": "administracion.ciudad", "pk": 801, "fields": {"nombre": "San Carlos", "region": 23}}, {"model": "administracion.ciudad", "pk": 802, "fields": {"nombre": "San Carlos de Guaroa", "region": 50}}, {"model": "administracion.ciudad", "pk": 803, "fields": {"nombre": "San Cayetano", "region": 25}}, {"model": "administracion.ciudad", "pk": 804, "fields": {"nombre": "San Cayetano", "region": 54}}, {"model": "administracion.ciudad", "pk": 805, "fields": {"nombre": "San Cristobal", "region": 13}}, {"model": "administracion.ciudad", "pk": 806, "fields": {"nombre": "San Diego", "region": 20}}, {"model": "administracion.ciudad", "pk": 807, "fields": {"nombre": "San Eduardo", "region": 15}}, {"model": "administracion.ciudad", "pk": 808, "fields": {"nombre": "San Estanislao", "region": 13}}, {"model": "administracion.ciudad", "pk": 809, "fields": {"nombre": "San Fernando", "region": 13}}, {"model": "administracion.ciudad", "pk": 810, "fields": {"nombre": "San Francisco", "region": 5}}, {"model": "administracion.ciudad", "pk": 811, "fields": {"nombre": "San Francisco", "region": 25}}, {"model": "administracion.ciudad", "pk": 812, "fields": {"nombre": "San Francisco", "region": 86}}, {"model": "administracion.ciudad", "pk": 813, "fields": {"nombre": "San G\u00edl", "region": 68}}, {"model": "administracion.ciudad", "pk": 814, "fields": {"nombre": "San Jacinto", "region": 13}}, {"model": "administracion.ciudad", "pk": 815, "fields": {"nombre": "San Jacinto del Cauca", "region": 13}}, {"model": "administracion.ciudad", "pk": 816, "fields": {"nombre": "San Jer\u00f3nimo", "region": 5}}, {"model": "administracion.ciudad", "pk": 817, "fields": {"nombre": "San Joaqu\u00edn", "region": 68}}, {"model": "administracion.ciudad", "pk": 818, "fields": {"nombre": "San Jos\u00e9", "region": 17}}, {"model": "administracion.ciudad", "pk": 819, "fields": {"nombre": "San Jos\u00e9 de Miranda", "region": 68}}, {"model": "administracion.ciudad", "pk": 820, "fields": {"nombre": "San Jos\u00e9 de Monta\u00f1a", "region": 5}}, {"model": "administracion.ciudad", "pk": 821, "fields": {"nombre": "San Jos\u00e9 de Pare", "region": 15}}, {"model": "administracion.ciudad", "pk": 822, "fields": {"nombre": "San Jos\u00e9 de Ur\u00e9", "region": 23}}, {"model": "administracion.ciudad", "pk": 823, "fields": {"nombre": "San Jos\u00e9 del Fragua", "region": 18}}, {"model": "administracion.ciudad", "pk": 824, "fields": {"nombre": "San Jos\u00e9 del Guaviare", "region": 95}}, {"model": "administracion.ciudad", "pk": 825, "fields": {"nombre": "San Jos\u00e9 del Palmar", "region": 27}}, {"model": "administracion.ciudad", "pk": 826, "fields": {"nombre": "San Juan de Arama", "region": 50}}, {"model": "administracion.ciudad", "pk": 827, "fields": {"nombre": "San Juan de Betulia", "region": 70}}, {"model": "administracion.ciudad", "pk": 828, "fields": {"nombre": "San Juan de Nepomuceno", "region": 13}}, {"model": "administracion.ciudad", "pk": 829, "fields": {"nombre": "San Juan de Pasto", "region": 52}}, {"model": "administracion.ciudad", "pk": 830, "fields": {"nombre": "San Juan de R\u00edo Seco", "region": 25}}, {"model": "administracion.ciudad", "pk": 831, "fields": {"nombre": "San Juan de Urab\u00e1", "region": 5}}, {"model": "administracion.ciudad", "pk": 832, "fields": {"nombre": "San Juan del Cesar", "region": 44}}, {"model": "administracion.ciudad", "pk": 833, "fields": {"nombre": "San Juanito", "region": 50}}, {"model": "administracion.ciudad", "pk": 834, "fields": {"nombre": "San Lorenzo", "region": 52}}, {"model": "administracion.ciudad", "pk": 835, "fields": {"nombre": "San Luis", "region": 73}}, {"model": "administracion.ciudad", "pk": 836, "fields": {"nombre": "San Lu\u00eds", "region": 5}}, {"model": "administracion.ciudad", "pk": 837, "fields": {"nombre": "San Lu\u00eds de Gaceno", "region": 15}}, {"model": "administracion.ciudad", "pk": 838, "fields": {"nombre": "San Lu\u00eds de Palenque", "region": 85}}, {"model": "administracion.ciudad", "pk": 839, "fields": {"nombre": "San Marcos", "region": 70}}, {"model": "administracion.ciudad", "pk": 840, "fields": {"nombre": "San Mart\u00edn", "region": 20}}, {"model": "administracion.ciudad", "pk": 841, "fields": {"nombre": "San Mart\u00edn", "region": 50}}, {"model": "administracion.ciudad", "pk": 842, "fields": {"nombre": "San Mart\u00edn de Loba", "region": 13}}, {"model": "administracion.ciudad", "pk": 843, "fields": {"nombre": "San Mateo", "region": 15}}, {"model": "administracion.ciudad", "pk": 844, "fields": {"nombre": "San Miguel", "region": 68}}, {"model": "administracion.ciudad", "pk": 845, "fields": {"nombre": "San Miguel", "region": 86}}, {"model": "administracion.ciudad", "pk": 846, "fields": {"nombre": "San Miguel de Sema", "region": 15}}, {"model": "administracion.ciudad", "pk": 847, "fields": {"nombre": "San Onofre", "region": 70}}, {"model": "administracion.ciudad", "pk": 848, "fields": {"nombre": "San Pablo", "region": 13}}, {"model": "administracion.ciudad", "pk": 849, "fields": {"nombre": "San Pablo", "region": 52}}, {"model": "administracion.ciudad", "pk": 850, "fields": {"nombre": "San Pablo de Borbur", "region": 15}}, {"model": "administracion.ciudad", "pk": 851, "fields": {"nombre": "San Pedro", "region": 5}}, {"model": "administracion.ciudad", "pk": 852, "fields": {"nombre": "San Pedro", "region": 70}}, {"model": "administracion.ciudad", "pk": 853, "fields": {"nombre": "San Pedro", "region": 76}}, {"model": "administracion.ciudad", "pk": 854, "fields": {"nombre": "San Pedro de Cartago", "region": 52}}, {"model": "administracion.ciudad", "pk": 855, "fields": {"nombre": "San Pedro de Urab\u00e1", "region": 5}}, {"model": "administracion.ciudad", "pk": 856, "fields": {"nombre": "San Pelayo", "region": 23}}, {"model": "administracion.ciudad", "pk": 857, "fields": {"nombre": "San Rafael", "region": 5}}, {"model": "administracion.ciudad", "pk": 858, "fields": {"nombre": "San Roque", "region": 5}}, {"model": "administracion.ciudad", "pk": 859, "fields": {"nombre": "San Sebasti\u00e1n", "region": 19}}, {"model": "administracion.ciudad", "pk": 860, "fields": {"nombre": "San Sebasti\u00e1n de Buenavista", "region": 47}}, {"model": "administracion.ciudad", "pk": 861, "fields": {"nombre": "San Vicente", "region": 5}}, {"model": "administracion.ciudad", "pk": 862, "fields": {"nombre": "San Vicente del Cagu\u00e1n", "region": 18}}, {"model": "administracion.ciudad", "pk": 863, "fields": {"nombre": "San Vicente del Chucur\u00ed", "region": 68}}, {"model": "administracion.ciudad", "pk": 864, "fields": {"nombre": "San Zen\u00f3n", "region": 47}}, {"model": "administracion.ciudad", "pk": 865, "fields": {"nombre": "Sandon\u00e1", "region": 52}}, {"model": "administracion.ciudad", "pk": 866, "fields": {"nombre": "Santa Ana", "region": 47}}, {"model": "administracion.ciudad", "pk": 867, "fields": {"nombre": "Santa B\u00e1rbara", "region": 5}}, {"model": "administracion.ciudad", "pk": 868, "fields": {"nombre": "Santa B\u00e1rbara", "region": 68}}, {"model": "administracion.ciudad", "pk": 869, "fields": {"nombre": "Santa B\u00e1rbara (Iscuand\u00e9)", "region": 52}}, {"model": "administracion.ciudad", "pk": 870, "fields": {"nombre": "Santa B\u00e1rbara de Pinto", "region": 47}}, {"model": "administracion.ciudad", "pk": 871, "fields": {"nombre": "Santa Catalina", "region": 13}}, {"model": "administracion.ciudad", "pk": 872, "fields": {"nombre": "Santa F\u00e9 de Antioquia", "region": 5}}, {"model": "administracion.ciudad", "pk": 873, "fields": {"nombre": "Santa Genoveva de Docorod\u00f3", "region": 27}}, {"model": "administracion.ciudad", "pk": 874, "fields": {"nombre": "Santa Helena del Op\u00f3n", "region": 68}}, {"model": "administracion.ciudad", "pk": 875, "fields": {"nombre": "Santa Isabel", "region": 73}}, {"model": "administracion.ciudad", "pk": 876, "fields": {"nombre": "Santa Luc\u00eda", "region": 8}}, {"model": "administracion.ciudad", "pk": 877, "fields": {"nombre": "Santa Marta", "region": 47}}, {"model": "administracion.ciudad", "pk": 878, "fields": {"nombre": "Santa Mar\u00eda", "region": 15}}, {"model": "administracion.ciudad", "pk": 879, "fields": {"nombre": "Santa Mar\u00eda", "region": 41}}, {"model": "administracion.ciudad", "pk": 880, "fields": {"nombre": "Santa Rosa", "region": 13}}, {"model": "administracion.ciudad", "pk": 881, "fields": {"nombre": "Santa Rosa", "region": 19}}, {"model": "administracion.ciudad", "pk": 882, "fields": {"nombre": "Santa Rosa de Cabal", "region": 66}}, {"model": "administracion.ciudad", "pk": 883, "fields": {"nombre": "Santa Rosa de Osos", "region": 5}}, {"model": "administracion.ciudad", "pk": 884, "fields": {"nombre": "Santa Rosa de Viterbo", "region": 15}}, {"model": "administracion.ciudad", "pk": 885, "fields": {"nombre": "Santa Rosa del Sur", "region": 13}}, {"model": "administracion.ciudad", "pk": 886, "fields": {"nombre": "Santa Rosal\u00eda", "region": 99}}, {"model": "administracion.ciudad", "pk": 887, "fields": {"nombre": "Santa Sof\u00eda", "region": 15}}, {"model": "administracion.ciudad", "pk": 888, "fields": {"nombre": "Santana", "region": 15}}, {"model": "administracion.ciudad", "pk": 889, "fields": {"nombre": "Santander de Quilichao", "region": 19}}, {"model": "administracion.ciudad", "pk": 890, "fields": {"nombre": "Santiago", "region": 54}}, {"model": "administracion.ciudad", "pk": 891, "fields": {"nombre": "Santiago", "region": 86}}, {"model": "administracion.ciudad", "pk": 892, "fields": {"nombre": "Santo Domingo", "region": 5}}, {"model": "administracion.ciudad", "pk": 893, "fields": {"nombre": "Santo Tom\u00e1s", "region": 8}}, {"model": "administracion.ciudad", "pk": 894, "fields": {"nombre": "Santuario", "region": 5}}, {"model": "administracion.ciudad", "pk": 895, "fields": {"nombre": "Santuario", "region": 66}}, {"model": "administracion.ciudad", "pk": 896, "fields": {"nombre": "Sapuyes", "region": 52}}, {"model": "administracion.ciudad", "pk": 897, "fields": {"nombre": "Saravena", "region": 81}}, {"model": "administracion.ciudad", "pk": 898, "fields": {"nombre": "Sardinata", "region": 54}}, {"model": "administracion.ciudad", "pk": 899, "fields": {"nombre": "Sasaima", "region": 25}}, {"model": "administracion.ciudad", "pk": 900, "fields": {"nombre": "Sativanorte", "region": 15}}, {"model": "administracion.ciudad", "pk": 901, "fields": {"nombre": "Sativasur", "region": 15}}, {"model": "administracion.ciudad", "pk": 902, "fields": {"nombre": "Segovia", "region": 5}}, {"model": "administracion.ciudad", "pk": 903, "fields": {"nombre": "Sesquil\u00e9", "region": 25}}, {"model": "administracion.ciudad", "pk": 904, "fields": {"nombre": "Sevilla", "region": 76}}, {"model": "administracion.ciudad", "pk": 905, "fields": {"nombre": "Siachoque", "region": 15}}, {"model": "administracion.ciudad", "pk": 906, "fields": {"nombre": "Sibat\u00e9", "region": 25}}, {"model": "administracion.ciudad", "pk": 907, "fields": {"nombre": "Sibundoy", "region": 86}}, {"model": "administracion.ciudad", "pk": 908, "fields": {"nombre": "Silos", "region": 54}}, {"model": "administracion.ciudad", "pk": 909, "fields": {"nombre": "Silvania", "region": 25}}, {"model": "administracion.ciudad", "pk": 910, "fields": {"nombre": "Silvia", "region": 19}}, {"model": "administracion.ciudad", "pk": 911, "fields": {"nombre": "Simacota", "region": 68}}, {"model": "administracion.ciudad", "pk": 912, "fields": {"nombre": "Simijaca", "region": 25}}, {"model": "administracion.ciudad", "pk": 913, "fields": {"nombre": "Simit\u00ed", "region": 13}}, {"model": "administracion.ciudad", "pk": 914, "fields": {"nombre": "Sincelejo", "region": 70}}, {"model": "administracion.ciudad", "pk": 915, "fields": {"nombre": "Sinc\u00e9", "region": 70}}, {"model": "administracion.ciudad", "pk": 916, "fields": {"nombre": "Sip\u00ed", "region": 27}}, {"model": "administracion.ciudad", "pk": 917, "fields": {"nombre": "Sitionuevo", "region": 47}}, {"model": "administracion.ciudad", "pk": 918, "fields": {"nombre": "Soacha", "region": 25}}, {"model": "administracion.ciudad", "pk": 919, "fields": {"nombre": "Soat\u00e1", "region": 15}}, {"model": "administracion.ciudad", "pk": 920, "fields": {"nombre": "Socha", "region": 15}}, {"model": "administracion.ciudad", "pk": 921, "fields": {"nombre": "Socorro", "region": 68}}, {"model": "administracion.ciudad", "pk": 922, "fields": {"nombre": "Socot\u00e1", "region": 15}}, {"model": "administracion.ciudad", "pk": 923, "fields": {"nombre": "Sogamoso", "region": 15}}, {"model": "administracion.ciudad", "pk": 924, "fields": {"nombre": "Solano", "region": 18}}, {"model": "administracion.ciudad", "pk": 925, "fields": {"nombre": "Soledad", "region": 8}}, {"model": "administracion.ciudad", "pk": 926, "fields": {"nombre": "Solita", "region": 18}}, {"model": "administracion.ciudad", "pk": 927, "fields": {"nombre": "Somondoco", "region": 15}}, {"model": "administracion.ciudad", "pk": 928, "fields": {"nombre": "Sons\u00f3n", "region": 5}}, {"model": "administracion.ciudad", "pk": 929, "fields": {"nombre": "Sopetr\u00e1n", "region": 5}}, {"model": "administracion.ciudad", "pk": 930, "fields": {"nombre": "Soplaviento", "region": 13}}, {"model": "administracion.ciudad", "pk": 931, "fields": {"nombre": "Sop\u00f3", "region": 25}}, {"model": "administracion.ciudad", "pk": 932, "fields": {"nombre": "Sora", "region": 15}}, {"model": "administracion.ciudad", "pk": 933, "fields": {"nombre": "Sorac\u00e1", "region": 15}}, {"model": "administracion.ciudad", "pk": 934, "fields": {"nombre": "Sotaquir\u00e1", "region": 15}}, {"model": "administracion.ciudad", "pk": 935, "fields": {"nombre": "Sotara (Paispamba)", "region": 19}}, {"model": "administracion.ciudad", "pk": 936, "fields": {"nombre": "Sotomayor (Los Andes)", "region": 52}}, {"model": "administracion.ciudad", "pk": 937, "fields": {"nombre": "Suaita", "region": 68}}, {"model": "administracion.ciudad", "pk": 938, "fields": {"nombre": "Suan", "region": 8}}, {"model": "administracion.ciudad", "pk": 939, "fields": {"nombre": "Suaza", "region": 41}}, {"model": "administracion.ciudad", "pk": 940, "fields": {"nombre": "Subachoque", "region": 25}}, {"model": "administracion.ciudad", "pk": 941, "fields": {"nombre": "Sucre", "region": 19}}, {"model": "administracion.ciudad", "pk": 942, "fields": {"nombre": "Sucre", "region": 68}}, {"model": "administracion.ciudad", "pk": 943, "fields": {"nombre": "Sucre", "region": 70}}, {"model": "administracion.ciudad", "pk": 944, "fields": {"nombre": "Suesca", "region": 25}}, {"model": "administracion.ciudad", "pk": 945, "fields": {"nombre": "Supat\u00e1", "region": 25}}, {"model": "administracion.ciudad", "pk": 946, "fields": {"nombre": "Sup\u00eda", "region": 17}}, {"model": "administracion.ciudad", "pk": 947, "fields": {"nombre": "Surat\u00e1", "region": 68}}, {"model": "administracion.ciudad", "pk": 948, "fields": {"nombre": "Susa", "region": 25}}, {"model": "administracion.ciudad", "pk": 949, "fields": {"nombre": "Susac\u00f3n", "region": 15}}, {"model": "administracion.ciudad", "pk": 950, "fields": {"nombre": "Sutamarch\u00e1n", "region": 15}}, {"model": "administracion.ciudad", "pk": 951, "fields": {"nombre": "Sutatausa", "region": 25}}, {"model": "administracion.ciudad", "pk": 952, "fields": {"nombre": "Sutatenza", "region": 15}}, {"model": "administracion.ciudad", "pk": 953, "fields": {"nombre": "Su\u00e1rez", "region": 19}}, {"model": "administracion.ciudad", "pk": 954, "fields": {"nombre": "Su\u00e1rez", "region": 73}}, {"model": "administracion.ciudad", "pk": 955, "fields": {"nombre": "S\u00e1cama", "region": 85}}, {"model": "administracion.ciudad", "pk": 956, "fields": {"nombre": "S\u00e1chica", "region": 15}}, {"model": "administracion.ciudad", "pk": 957, "fields": {"nombre": "Tabio", "region": 25}}, {"model": "administracion.ciudad", "pk": 958, "fields": {"nombre": "Tad\u00f3", "region": 27}}, {"model": "administracion.ciudad", "pk": 959, "fields": {"nombre": "Talaigua Nuevo", "region": 13}}, {"model": "administracion.ciudad", "pk": 960, "fields": {"nombre": "Tamalameque", "region": 20}}, {"model": "administracion.ciudad", "pk": 961, "fields": {"nombre": "Tame", "region": 81}}, {"model": "administracion.ciudad", "pk": 962, "fields": {"nombre": "Taminango", "region": 52}}, {"model": "administracion.ciudad", "pk": 963, "fields": {"nombre": "Tangua", "region": 52}}, {"model": "administracion.ciudad", "pk": 964, "fields": {"nombre": "Taraira", "region": 97}}, {"model": "administracion.ciudad", "pk": 965, "fields": {"nombre": "Taraz\u00e1", "region": 5}}, {"model": "administracion.ciudad", "pk": 966, "fields": {"nombre": "Tarqui", "region": 41}}, {"model": "administracion.ciudad", "pk": 967, "fields": {"nombre": "Tarso", "region": 5}}, {"model": "administracion.ciudad", "pk": 968, "fields": {"nombre": "Tasco", "region": 15}}, {"model": "administracion.ciudad", "pk": 969, "fields": {"nombre": "Tauramena", "region": 85}}, {"model": "administracion.ciudad", "pk": 970, "fields": {"nombre": "Tausa", "region": 25}}, {"model": "administracion.ciudad", "pk": 971, "fields": {"nombre": "Tello", "region": 41}}, {"model": "administracion.ciudad", "pk": 972, "fields": {"nombre": "Tena", "region": 25}}, {"model": "administracion.ciudad", "pk": 973, "fields": {"nombre": "Tenerife", "region": 47}}, {"model": "administracion.ciudad", "pk": 974, "fields": {"nombre": "Tenjo", "region": 25}}, {"model": "administracion.ciudad", "pk": 975, "fields": {"nombre": "Tenza", "region": 15}}, {"model": "administracion.ciudad", "pk": 976, "fields": {"nombre": "Teorama", "region": 54}}, {"model": "administracion.ciudad", "pk": 977, "fields": {"nombre": "Teruel", "region": 41}}, {"model": "administracion.ciudad", "pk": 978, "fields": {"nombre": "Tesalia", "region": 41}}, {"model": "administracion.ciudad", "pk": 979, "fields": {"nombre": "Tibacuy", "region": 25}}, {"model": "administracion.ciudad", "pk": 980, "fields": {"nombre": "Tiban\u00e1", "region": 15}}, {"model": "administracion.ciudad", "pk": 981, "fields": {"nombre": "Tibasosa", "region": 15}}, {"model": "administracion.ciudad", "pk": 982, "fields": {"nombre": "Tibirita", "region": 25}}, {"model": "administracion.ciudad", "pk": 983, "fields": {"nombre": "Tib\u00fa", "region": 54}}, {"model": "administracion.ciudad", "pk": 984, "fields": {"nombre": "Tierralta", "region": 23}}, {"model": "administracion.ciudad", "pk": 985, "fields": {"nombre": "Timan\u00e1", "region": 41}}, {"model": "administracion.ciudad", "pk": 986, "fields": {"nombre": "Timbiqu\u00ed", "region": 19}}, {"model": "administracion.ciudad", "pk": 987, "fields": {"nombre": "Timb\u00edo", "region": 19}}, {"model": "administracion.ciudad", "pk": 988, "fields": {"nombre": "Tinjac\u00e1", "region": 15}}, {"model": "administracion.ciudad", "pk": 989, "fields": {"nombre": "Tipacoque", "region": 15}}, {"model": "administracion.ciudad", "pk": 990, "fields": {"nombre": "Tiquisio (Puerto Rico)", "region": 13}}, {"model": "administracion.ciudad", "pk": 991, "fields": {"nombre": "Titirib\u00ed", "region": 5}}, {"model": "administracion.ciudad", "pk": 992, "fields": {"nombre": "Toca", "region": 15}}, {"model": "administracion.ciudad", "pk": 993, "fields": {"nombre": "Tocaima", "region": 25}}, {"model": "administracion.ciudad", "pk": 994, "fields": {"nombre": "Tocancip\u00e1", "region": 25}}, {"model": "administracion.ciudad", "pk": 995, "fields": {"nombre": "Togu\u00ed", "region": 15}}, {"model": "administracion.ciudad", "pk": 996, "fields": {"nombre": "Toledo", "region": 5}}, {"model": "administracion.ciudad", "pk": 997, "fields": {"nombre": "Toledo", "region": 54}}, {"model": "administracion.ciudad", "pk": 998, "fields": {"nombre": "Tol\u00fa", "region": 70}}, {"model": "administracion.ciudad", "pk": 999, "fields": {"nombre": "Tol\u00fa Viejo", "region": 70}}, {"model": "administracion.ciudad", "pk": 1000, "fields": {"nombre": "Tona", "region": 68}}, {"model": "administracion.ciudad", "pk": 1001, "fields": {"nombre": "Topag\u00e1", "region": 15}}, {"model": "administracion.ciudad", "pk": 1002, "fields": {"nombre": "Topaip\u00ed", "region": 25}}, {"model": "administracion.ciudad", "pk": 1003, "fields": {"nombre": "Torib\u00edo", "region": 19}}, {"model": "administracion.ciudad", "pk": 1004, "fields": {"nombre": "Toro", "region": 76}}, {"model": "administracion.ciudad", "pk": 1005, "fields": {"nombre": "Tota", "region": 15}}, {"model": "administracion.ciudad", "pk": 1006, "fields": {"nombre": "Totor\u00f3", "region": 19}}, {"model": "administracion.ciudad", "pk": 1007, "fields": {"nombre": "Trinidad", "region": 85}}, {"model": "administracion.ciudad", "pk": 1008, "fields": {"nombre": "Trujillo", "region": 76}}, {"model": "administracion.ciudad", "pk": 1009, "fields": {"nombre": "Tubar\u00e1", "region": 8}}, {"model": "administracion.ciudad", "pk": 1010, "fields": {"nombre": "Tuch\u00edn", "region": 23}}, {"model": "administracion.ciudad", "pk": 1011, "fields": {"nombre": "Tul\u00faa", "region": 76}}, {"model": "administracion.ciudad", "pk": 1012, "fields": {"nombre": "Tumaco", "region": 52}}, {"model": "administracion.ciudad", "pk": 1013, "fields": {"nombre": "Tunja", "region": 15}}, {"model": "administracion.ciudad", "pk": 1014, "fields": {"nombre": "Tunungua", "region": 15}}, {"model": "administracion.ciudad", "pk": 1015, "fields": {"nombre": "Turbaco", "region": 13}}, {"model": "administracion.ciudad", "pk": 1016, "fields": {"nombre": "Turban\u00e1", "region": 13}}, {"model": "administracion.ciudad", "pk": 1017, "fields": {"nombre": "Turbo", "region": 5}}, {"model": "administracion.ciudad", "pk": 1018, "fields": {"nombre": "Turmequ\u00e9", "region": 15}}, {"model": "administracion.ciudad", "pk": 1019, "fields": {"nombre": "Tuta", "region": 15}}, {"model": "administracion.ciudad", "pk": 1020, "fields": {"nombre": "Tutas\u00e1", "region": 15}}, {"model": "administracion.ciudad", "pk": 1021, "fields": {"nombre": "T\u00e1mara", "region": 85}}, {"model": "administracion.ciudad", "pk": 1022, "fields": {"nombre": "T\u00e1mesis", "region": 5}}, {"model": "administracion.ciudad", "pk": 1023, "fields": {"nombre": "T\u00faquerres", "region": 52}}, {"model": "administracion.ciudad", "pk": 1024, "fields": {"nombre": "Ubal\u00e1", "region": 25}}, {"model": "administracion.ciudad", "pk": 1025, "fields": {"nombre": "Ubaque", "region": 25}}, {"model": "administracion.ciudad", "pk": 1026, "fields": {"nombre": "Ubat\u00e9", "region": 25}}, {"model": "administracion.ciudad", "pk": 1027, "fields": {"nombre": "Ulloa", "region": 76}}, {"model": "administracion.ciudad", "pk": 1028, "fields": {"nombre": "Une", "region": 25}}, {"model": "administracion.ciudad", "pk": 1029, "fields": {"nombre": "Ungu\u00eda", "region": 27}}, {"model": "administracion.ciudad", "pk": 1030, "fields": {"nombre": "Uni\u00f3n Panamericana (\u00c1NIMAS)", "region": 27}}, {"model": "administracion.ciudad", "pk": 1031, "fields": {"nombre": "Uramita", "region": 5}}, {"model": "administracion.ciudad", "pk": 1032, "fields": {"nombre": "Uribe", "region": 50}}, {"model": "administracion.ciudad", "pk": 1033, "fields": {"nombre": "Uribia", "region": 44}}, {"model": "administracion.ciudad", "pk": 1034, "fields": {"nombre": "Urrao", "region": 5}}, {"model": "administracion.ciudad", "pk": 1035, "fields": {"nombre": "Urumita", "region": 44}}, {"model": "administracion.ciudad", "pk": 1036, "fields": {"nombre": "Usiacuri", "region": 8}}, {"model": "administracion.ciudad", "pk": 1037, "fields": {"nombre": "Valdivia", "region": 5}}, {"model": "administracion.ciudad", "pk": 1038, "fields": {"nombre": "Valencia", "region": 23}}, {"model": "administracion.ciudad", "pk": 1039, "fields": {"nombre": "Valle de San Jos\u00e9", "region": 68}}, {"model": "administracion.ciudad", "pk": 1040, "fields": {"nombre": "Valle de San Juan", "region": 73}}, {"model": "administracion.ciudad", "pk": 1041, "fields": {"nombre": "Valle del Guamuez", "region": 86}}, {"model": "administracion.ciudad", "pk": 1042, "fields": {"nombre": "Valledupar", "region": 20}}, {"model": "administracion.ciudad", "pk": 1043, "fields": {"nombre": "Valparaiso", "region": 5}}, {"model": "administracion.ciudad", "pk": 1044, "fields": {"nombre": "Valparaiso", "region": 18}}, {"model": "administracion.ciudad", "pk": 1045, "fields": {"nombre": "Vegach\u00ed", "region": 5}}, {"model": "administracion.ciudad", "pk": 1046, "fields": {"nombre": "Venadillo", "region": 73}}, {"model": "administracion.ciudad", "pk": 1047, "fields": {"nombre": "Venecia", "region": 5}}, {"model": "administracion.ciudad", "pk": 1048, "fields": {"nombre": "Venecia (Ospina P\u00e9rez)", "region": 25}}, {"model": "administracion.ciudad", "pk": 1049, "fields": {"nombre": "Ventaquemada", "region": 15}}, {"model": "administracion.ciudad", "pk": 1050, "fields": {"nombre": "Vergara", "region": 25}}, {"model": "administracion.ciudad", "pk": 1051, "fields": {"nombre": "Versalles", "region": 76}}, {"model": "administracion.ciudad", "pk": 1052, "fields": {"nombre": "Vetas", "region": 68}}, {"model": "administracion.ciudad", "pk": 1053, "fields": {"nombre": "Viani", "region": 25}}, {"model": "administracion.ciudad", "pk": 1054, "fields": {"nombre": "Vig\u00eda del Fuerte", "region": 5}}, {"model": "administracion.ciudad", "pk": 1055, "fields": {"nombre": "Vijes", "region": 76}}, {"model": "administracion.ciudad", "pk": 1056, "fields": {"nombre": "Villa Caro", "region": 54}}, {"model": "administracion.ciudad", "pk": 1057, "fields": {"nombre": "Villa Rica", "region": 19}}, {"model": "administracion.ciudad", "pk": 1058, "fields": {"nombre": "Villa de Leiva", "region": 15}}, {"model": "administracion.ciudad", "pk": 1059, "fields": {"nombre": "Villa del Rosario", "region": 54}}, {"model": "administracion.ciudad", "pk": 1060, "fields": {"nombre": "Villagarz\u00f3n", "region": 86}}, {"model": "administracion.ciudad", "pk": 1061, "fields": {"nombre": "Villag\u00f3mez", "region": 25}}, {"model": "administracion.ciudad", "pk": 1062, "fields": {"nombre": "Villahermosa", "region": 73}}, {"model": "administracion.ciudad", "pk": 1063, "fields": {"nombre": "Villamar\u00eda", "region": 17}}, {"model": "administracion.ciudad", "pk": 1064, "fields": {"nombre": "Villanueva", "region": 13}}, {"model": "administracion.ciudad", "pk": 1065, "fields": {"nombre": "Villanueva", "region": 44}}, {"model": "administracion.ciudad", "pk": 1066, "fields": {"nombre": "Villanueva", "region": 68}}, {"model": "administracion.ciudad", "pk": 1067, "fields": {"nombre": "Villanueva", "region": 85}}, {"model": "administracion.ciudad", "pk": 1068, "fields": {"nombre": "Villapinz\u00f3n", "region": 25}}, {"model": "administracion.ciudad", "pk": 1069, "fields": {"nombre": "Villarrica", "region": 73}}, {"model": "administracion.ciudad", "pk": 1070, "fields": {"nombre": "Villavicencio", "region": 50}}, {"model": "administracion.ciudad", "pk": 1071, "fields": {"nombre": "Villavieja", "region": 41}}, {"model": "administracion.ciudad", "pk": 1072, "fields": {"nombre": "Villeta", "region": 25}}, {"model": "administracion.ciudad", "pk": 1073, "fields": {"nombre": "Viot\u00e1", "region": 25}}, {"model": "administracion.ciudad", "pk": 1074, "fields": {"nombre": "Viracach\u00e1", "region": 15}}, {"model": "administracion.ciudad", "pk": 1075, "fields": {"nombre": "Vista Hermosa", "region": 50}}, {"model": "administracion.ciudad", "pk": 1076, "fields": {"nombre": "Viterbo", "region": 17}}, {"model": "administracion.ciudad", "pk": 1077, "fields": {"nombre": "V\u00e9lez", "region": 68}}, {"model": "administracion.ciudad", "pk": 1078, "fields": {"nombre": "Yacop\u00ed", "region": 25}}, {"model": "administracion.ciudad", "pk": 1079, "fields": {"nombre": "Yacuanquer", "region": 52}}, {"model": "administracion.ciudad", "pk": 1080, "fields": {"nombre": "Yaguar\u00e1", "region": 41}}, {"model": "administracion.ciudad", "pk": 1081, "fields": {"nombre": "Yal\u00ed", "region": 5}}, {"model": "administracion.ciudad", "pk": 1082, "fields": {"nombre": "Yarumal", "region": 5}}, {"model": "administracion.ciudad", "pk": 1083, "fields": {"nombre": "Yolomb\u00f3", "region": 5}}, {"model": "administracion.ciudad", "pk": 1084, "fields": {"nombre": "Yond\u00f3 (Casabe)", "region": 5}}, {"model": "administracion.ciudad", "pk": 1085, "fields": {"nombre": "Yopal", "region": 85}}, {"model": "administracion.ciudad", "pk": 1086, "fields": {"nombre": "Yotoco", "region": 76}}, {"model": "administracion.ciudad", "pk": 1087, "fields": {"nombre": "Yumbo", "region": 76}}, {"model": "administracion.ciudad", "pk": 1088, "fields": {"nombre": "Zambrano", "region": 13}}, {"model": "administracion.ciudad", "pk": 1089, "fields": {"nombre": "Zapatoca", "region": 68}}, {"model": "administracion.ciudad", "pk": 1090, "fields": {"nombre": "Zapay\u00e1n (PUNTA DE PIEDRAS)", "region": 47}}, {"model": "administracion.ciudad", "pk": 1091, "fields": {"nombre": "Zaragoza", "region": 5}}, {"model": "administracion.ciudad", "pk": 1092, "fields": {"nombre": "Zarzal", "region": 76}}, {"model": "administracion.ciudad", "pk": 1093, "fields": {"nombre": "Zetaquir\u00e1", "region": 15}}, {"model": "administracion.ciudad", "pk": 1094, "fields": {"nombre": "Zipac\u00f3n", "region": 25}}, {"model": "administracion.ciudad", "pk": 1095, "fields": {"nombre": "Zipaquir\u00e1", "region": 25}}, {"model": "administracion.ciudad", "pk": 1096, "fields": {"nombre": "Zona Bananera (PRADO - SEVILLA)", "region": 47}}, {"model": "administracion.ciudad", "pk": 1097, "fields": {"nombre": "\u00c1brego", "region": 54}}, {"model": "administracion.ciudad", "pk": 1098, "fields": {"nombre": "\u00cdquira", "region": 41}}, {"model": "administracion.ciudad", "pk": 1099, "fields": {"nombre": "\u00dambita", "region": 15}}, {"model": "administracion.ciudad", "pk": 1100, "fields": {"nombre": "\u00datica", "region": 25}}, {"model": "administracion.ciudad", "pk": 2500, "fields": {"nombre": "Mauritania", "region": 250}}, {"model": "administracion.ciudad", "pk": 2501, "fields": {"nombre": "Qatar", "region": 251}}, {"model": "administracion.ciudad", "pk": 2502, "fields": {"nombre": "Egypt", "region": 252}}, {"model": "administracion.ciudad", "pk": 2503, "fields": {"nombre": "Palestinian Territory Occupied", "region": 253}}, {"model": "administracion.ciudad", "pk": 2504, "fields": {"nombre": "Northern Mariana Islands", "region": 254}}, {"model": "administracion.ciudad", "pk": 2505, "fields": {"nombre": "Netherlands Antilles", "region": 255}}, {"model": "administracion.ciudad", "pk": 2506, "fields": {"nombre": "Swaziland", "region": 256}}, {"model": "administracion.ciudad", "pk": 2507, "fields": {"nombre": "French Polynesia", "region": 257}}, {"model": "administracion.ciudad", "pk": 2508, "fields": {"nombre": "Niger", "region": 258}}, {"model": "administracion.ciudad", "pk": 2509, "fields": {"nombre": "Moldova", "region": 259}}, {"model": "administracion.ciudad", "pk": 2510, "fields": {"nombre": "Barbados", "region": 260}}, {"model": "administracion.ciudad", "pk": 2511, "fields": {"nombre": "Lithuania", "region": 261}}, {"model": "administracion.ciudad", "pk": 2512, "fields": {"nombre": "Malawi", "region": 262}}, {"model": "administracion.ciudad", "pk": 2513, "fields": {"nombre": "Marshall Islands", "region": 263}}, {"model": "administracion.ciudad", "pk": 2514, "fields": {"nombre": "Canada", "region": 264}}, {"model": "administracion.ciudad", "pk": 2515, "fields": {"nombre": "Nicaragua", "region": 265}}, {"model": "administracion.ciudad", "pk": 2516, "fields": {"nombre": "Benin", "region": 266}}, {"model": "administracion.ciudad", "pk": 2517, "fields": {"nombre": "Indonesia", "region": 267}}, {"model": "administracion.ciudad", "pk": 2518, "fields": {"nombre": "Bhutan", "region": 268}}, {"model": "administracion.ciudad", "pk": 2519, "fields": {"nombre": "Yugoslavia", "region": 269}}, {"model": "administracion.ciudad", "pk": 2520, "fields": {"nombre": "Zambia", "region": 270}}, {"model": "administracion.ciudad", "pk": 2521, "fields": {"nombre": "Zimbabwe", "region": 271}}, {"model": "administracion.ciudad", "pk": 2522, "fields": {"nombre": "Jersey", "region": 272}}, {"model": "administracion.ciudad", "pk": 2523, "fields": {"nombre": "Vanuatu", "region": 273}}, {"model": "administracion.ciudad", "pk": 2524, "fields": {"nombre": "Chile", "region": 274}}, {"model": "administracion.ciudad", "pk": 2525, "fields": {"nombre": "Niue", "region": 275}}, {"model": "administracion.ciudad", "pk": 2526, "fields": {"nombre": "Bouvet Island", "region": 276}}, {"model": "administracion.ciudad", "pk": 2527, "fields": {"nombre": "Kiribati", "region": 277}}, {"model": "administracion.ciudad", "pk": 2528, "fields": {"nombre": "Anguilla", "region": 278}}, {"model": "administracion.ciudad", "pk": 2529, "fields": {"nombre": "Peru", "region": 279}}, {"model": "administracion.ciudad", "pk": 2530, "fields": {"nombre": "Virgin Islands (British)", "region": 280}}, {"model": "administracion.ciudad", "pk": 2531, "fields": {"nombre": "Bulgaria", "region": 281}}, {"model": "administracion.ciudad", "pk": 2532, "fields": {"nombre": "Poland", "region": 282}}, {"model": "administracion.ciudad", "pk": 2533, "fields": {"nombre": "Thailand", "region": 283}}, {"model": "administracion.ciudad", "pk": 2534, "fields": {"nombre": "Grenada", "region": 284}}, {"model": "administracion.ciudad", "pk": 2535, "fields": {"nombre": "Ireland", "region": 285}}, {"model": "administracion.ciudad", "pk": 2536, "fields": {"nombre": "Somalia", "region": 286}}, {"model": "administracion.ciudad", "pk": 2537, "fields": {"nombre": "Venezuela", "region": 287}}, {"model": "administracion.ciudad", "pk": 2538, "fields": {"nombre": "Oman", "region": 288}}, {"model": "administracion.ciudad", "pk": 2539, "fields": {"nombre": "Slovakia", "region": 289}}, {"model": "administracion.ciudad", "pk": 2540, "fields": {"nombre": "Togo", "region": 290}}, {"model": "administracion.ciudad", "pk": 2541, "fields": {"nombre": "Cyprus", "region": 291}}, {"model": "administracion.ciudad", "pk": 2542, "fields": {"nombre": "Iran", "region": 292}}, {"model": "administracion.ciudad", "pk": 2543, "fields": {"nombre": "Bosnia and Herzegovina", "region": 293}}, {"model": "administracion.ciudad", "pk": 2544, "fields": {"nombre": "Sudan", "region": 294}}, {"model": "administracion.ciudad", "pk": 2545, "fields": {"nombre": "Guinea-Bissau", "region": 295}}, {"model": "administracion.ciudad", "pk": 2546, "fields": {"nombre": "Italy", "region": 296}}, {"model": "administracion.ciudad", "pk": 2547, "fields": {"nombre": "Bolivia", "region": 297}}, {"model": "administracion.ciudad", "pk": 2548, "fields": {"nombre": "Norway", "region": 298}}, {"model": "administracion.ciudad", "pk": 2549, "fields": {"nombre": "Lesotho", "region": 299}}, {"model": "administracion.ciudad", "pk": 2550, "fields": {"nombre": "Man (Isle of)", "region": 300}}, {"model": "administracion.ciudad", "pk": 2551, "fields": {"nombre": "Nepal", "region": 301}}, {"model": "administracion.ciudad", "pk": 2552, "fields": {"nombre": "East Timor", "region": 302}}, {"model": "administracion.ciudad", "pk": 2553, "fields": {"nombre": "Sri Lanka", "region": 303}}, {"model": "administracion.ciudad", "pk": 2554, "fields": {"nombre": "Virgin Islands (US)", "region": 304}}, {"model": "administracion.ciudad", "pk": 2555, "fields": {"nombre": "Tunisia", "region": 305}}, {"model": "administracion.ciudad", "pk": 2556, "fields": {"nombre": "Guernsey and Alderney", "region": 306}}, {"model": "administracion.ciudad", "pk": 2557, "fields": {"nombre": "Martinique", "region": 307}}, {"model": "administracion.ciudad", "pk": 2558, "fields": {"nombre": "China", "region": 308}}, {"model": "administracion.ciudad", "pk": 2559, "fields": {"nombre": "Macedonia", "region": 309}}, {"model": "administracion.ciudad", "pk": 2560, "fields": {"nombre": "Tokelau", "region": 310}}, {"model": "administracion.ciudad", "pk": 2561, "fields": {"nombre": "Bahrain", "region": 311}}, {"model": "administracion.ciudad", "pk": 2562, "fields": {"nombre": "Equatorial Guinea", "region": 312}}, {"model": "administracion.ciudad", "pk": 2563, "fields": {"nombre": "Democratic Republic Of The Congo", "region": 313}}, {"model": "administracion.ciudad", "pk": 2564, "fields": {"nombre": "Portugal", "region": 314}}, {"model": "administracion.ciudad", "pk": 2565, "fields": {"nombre": "Netherlands The", "region": 315}}, {"model": "administracion.ciudad", "pk": 2566, "fields": {"nombre": "Heard and McDonald Islands", "region": 316}}, {"model": "administracion.ciudad", "pk": 2567, "fields": {"nombre": "Nigeria", "region": 317}}, {"model": "administracion.ciudad", "pk": 2568, "fields": {"nombre": "Bermuda", "region": 318}}, {"model": "administracion.ciudad", "pk": 2569, "fields": {"nombre": "Taiwan", "region": 319}}, {"model": "administracion.ciudad", "pk": 2570, "fields": {"nombre": "Bangladesh", "region": 320}}, {"model": "administracion.ciudad", "pk": 2571, "fields": {"nombre": "Sweden", "region": 321}}, {"model": "administracion.ciudad", "pk": 2572, "fields": {"nombre": "Madagascar", "region": 322}}, {"model": "administracion.ciudad", "pk": 2573, "fields": {"nombre": "New Zealand", "region": 323}}, {"model": "administracion.ciudad", "pk": 2574, "fields": {"nombre": "Central African Republic", "region": 324}}, {"model": "administracion.ciudad", "pk": 2575, "fields": {"nombre": "Croatia (Hrvatska)", "region": 325}}, {"model": "administracion.ciudad", "pk": 2576, "fields": {"nombre": "Comoros", "region": 326}}, {"model": "administracion.ciudad", "pk": 2577, "fields": {"nombre": "French Southern Territories", "region": 327}}, {"model": "administracion.ciudad", "pk": 2578, "fields": {"nombre": "Sao Tome and Principe", "region": 328}}, {"model": "administracion.ciudad", "pk": 2579, "fields": {"nombre": "Monaco", "region": 329}}, {"model": "administracion.ciudad", "pk": 2580, "fields": {"nombre": "Kuwait", "region": 330}}, {"model": "administracion.ciudad", "pk": 2581, "fields": {"nombre": "Jamaica", "region": 331}}, {"model": "administracion.ciudad", "pk": 2582, "fields": {"nombre": "Greenland", "region": 332}}, {"model": "administracion.ciudad", "pk": 2583, "fields": {"nombre": "Burundi", "region": 333}}, {"model": "administracion.ciudad", "pk": 2584, "fields": {"nombre": "Saint Pierre and Miquelon", "region": 334}}, {"model": "administracion.ciudad", "pk": 2585, "fields": {"nombre": "Turkmenistan", "region": 335}}, {"model": "administracion.ciudad", "pk": 2586, "fields": {"nombre": "Denmark", "region": 336}}, {"model": "administracion.ciudad", "pk": 2587, "fields": {"nombre": "Cape Verde", "region": 337}}, {"model": "administracion.ciudad", "pk": 2588, "fields": {"nombre": "Smaller Territories of the UK", "region": 338}}, {"model": "administracion.ciudad", "pk": 2589, "fields": {"nombre": "Montserrat", "region": 339}}, {"model": "administracion.ciudad", "pk": 2590, "fields": {"nombre": "Uruguay", "region": 340}}, {"model": "administracion.ciudad", "pk": 2591, "fields": {"nombre": "Cuba", "region": 341}}, {"model": "administracion.ciudad", "pk": 2592, "fields": {"nombre": "Yemen", "region": 342}}, {"model": "administracion.ciudad", "pk": 2593, "fields": {"nombre": "Botswana", "region": 343}}, {"model": "administracion.ciudad", "pk": 2594, "fields": {"nombre": "Senegal", "region": 344}}, {"model": "administracion.ciudad", "pk": 2595, "fields": {"nombre": "Tanzania", "region": 345}}, {"model": "administracion.ciudad", "pk": 2596, "fields": {"nombre": "Azerbaijan", "region": 346}}, {"model": "administracion.ciudad", "pk": 2597, "fields": {"nombre": "Kyrgyzstan", "region": 347}}, {"model": "administracion.ciudad", "pk": 2598, "fields": {"nombre": "Greece", "region": 348}}, {"model": "administracion.ciudad", "pk": 2599, "fields": {"nombre": "Malaysia", "region": 349}}, {"model": "administracion.ciudad", "pk": 2600, "fields": {"nombre": "Mali", "region": 350}}, {"model": "administracion.ciudad", "pk": 2601, "fields": {"nombre": "India", "region": 351}}, {"model": "administracion.ciudad", "pk": 2602, "fields": {"nombre": "Syria", "region": 352}}, {"model": "administracion.ciudad", "pk": 2603, "fields": {"nombre": "Maldives", "region": 353}}, {"model": "administracion.ciudad", "pk": 2604, "fields": {"nombre": "Uganda", "region": 354}}, {"model": "administracion.ciudad", "pk": 2605, "fields": {"nombre": "Myanmar", "region": 355}}, {"model": "administracion.ciudad", "pk": 2606, "fields": {"nombre": "Haiti", "region": 356}}, {"model": "administracion.ciudad", "pk": 2607, "fields": {"nombre": "Wallis And Futuna Islands", "region": 357}}, {"model": "administracion.ciudad", "pk": 2608, "fields": {"nombre": "Vatican City State (Holy See)", "region": 358}}, {"model": "administracion.ciudad", "pk": 2609, "fields": {"nombre": "Puerto Rico", "region": 359}}, {"model": "administracion.ciudad", "pk": 2610, "fields": {"nombre": "Gabon", "region": 360}}, {"model": "administracion.ciudad", "pk": 2611, "fields": {"nombre": "French Guiana", "region": 361}}, {"model": "administracion.ciudad", "pk": 2612, "fields": {"nombre": "Russia", "region": 362}}, {"model": "administracion.ciudad", "pk": 2613, "fields": {"nombre": "Guyana", "region": 363}}, {"model": "administracion.ciudad", "pk": 2614, "fields": {"nombre": "Philippines", "region": 364}}, {"model": "administracion.ciudad", "pk": 2615, "fields": {"nombre": "Estonia", "region": 365}}, {"model": "administracion.ciudad", "pk": 2616, "fields": {"nombre": "Mayotte", "region": 366}}, {"model": "administracion.ciudad", "pk": 2617, "fields": {"nombre": "Honduras", "region": 367}}, {"model": "administracion.ciudad", "pk": 2618, "fields": {"nombre": "Uzbekistan", "region": 368}}, {"model": "administracion.ciudad", "pk": 2619, "fields": {"nombre": "Aruba", "region": 369}}, {"model": "administracion.ciudad", "pk": 2620, "fields": {"nombre": "Saint Lucia", "region": 370}}, {"model": "administracion.ciudad", "pk": 2621, "fields": {"nombre": "France", "region": 371}}, {"model": "administracion.ciudad", "pk": 2622, "fields": {"nombre": "Czech Republic", "region": 372}}, {"model": "administracion.ciudad", "pk": 2623, "fields": {"nombre": "Afghanistan", "region": 373}}, {"model": "administracion.ciudad", "pk": 2624, "fields": {"nombre": "Mongolia", "region": 374}}, {"model": "administracion.ciudad", "pk": 2625, "fields": {"nombre": "New Caledonia", "region": 375}}, {"model": "administracion.ciudad", "pk": 2626, "fields": {"nombre": "Panama", "region": 376}}, {"model": "administracion.ciudad", "pk": 2627, "fields": {"nombre": "Fiji Islands", "region": 377}}, {"model": "administracion.ciudad", "pk": 2628, "fields": {"nombre": "Korea South", "region": 378}}, {"model": "administracion.ciudad", "pk": 2629, "fields": {"nombre": "Tuvalu", "region": 379}}, {"model": "administracion.ciudad", "pk": 2630, "fields": {"nombre": "Ecuador", "region": 380}}, {"model": "administracion.ciudad", "pk": 2631, "fields": {"nombre": "Papua new Guinea", "region": 381}}, {"model": "administracion.ciudad", "pk": 2632, "fields": {"nombre": "United Kingdom", "region": 382}}, {"model": "administracion.ciudad", "pk": 2633, "fields": {"nombre": "South Sudan", "region": 383}}, {"model": "administracion.ciudad", "pk": 2634, "fields": {"nombre": "Jordan", "region": 384}}, {"model": "administracion.ciudad", "pk": 2635, "fields": {"nombre": "Tajikistan", "region": 385}}, {"model": "administracion.ciudad", "pk": 2636, "fields": {"nombre": "Sierra Leone", "region": 386}}, {"model": "administracion.ciudad", "pk": 2637, "fields": {"nombre": "Hungary", "region": 387}}, {"model": "administracion.ciudad", "pk": 2638, "fields": {"nombre": "Israel", "region": 388}}, {"model": "administracion.ciudad", "pk": 2639, "fields": {"nombre": "Dominica", "region": 389}}, {"model": "administracion.ciudad", "pk": 2640, "fields": {"nombre": "Morocco", "region": 390}}, {"model": "administracion.ciudad", "pk": 2641, "fields": {"nombre": "Libya", "region": 391}}, {"model": "administracion.ciudad", "pk": 2642, "fields": {"nombre": "Iceland", "region": 392}}, {"model": "administracion.ciudad", "pk": 2643, "fields": {"nombre": "Luxembourg", "region": 393}}, {"model": "administracion.ciudad", "pk": 2644, "fields": {"nombre": "Kenya", "region": 394}}, {"model": "administracion.ciudad", "pk": 2645, "fields": {"nombre": "Belgium", "region": 395}}, {"model": "administracion.ciudad", "pk": 2646, "fields": {"nombre": "Turks And Caicos Islands", "region": 396}}, {"model": "administracion.ciudad", "pk": 2647, "fields": {"nombre": "Mexico", "region": 397}}, {"model": "administracion.ciudad", "pk": 2648, "fields": {"nombre": "Solomon Islands", "region": 398}}, {"model": "administracion.ciudad", "pk": 2649, "fields": {"nombre": "Finland", "region": 399}}, {"model": "administracion.ciudad", "pk": 2650, "fields": {"nombre": "Kazakhstan", "region": 400}}, {"model": "administracion.ciudad", "pk": 2651, "fields": {"nombre": "El Salvador", "region": 401}}, {"model": "administracion.ciudad", "pk": 2652, "fields": {"nombre": "Korea North", "region": 402}}, {"model": "administracion.ciudad", "pk": 2653, "fields": {"nombre": "Australia", "region": 403}}, {"model": "administracion.ciudad", "pk": 2654, "fields": {"nombre": "United States", "region": 404}}, {"model": "administracion.ciudad", "pk": 2655, "fields": {"nombre": "Gambia The", "region": 405}}, {"model": "administracion.ciudad", "pk": 2656, "fields": {"nombre": "Brunei", "region": 406}}, {"model": "administracion.ciudad", "pk": 2657, "fields": {"nombre": "Lebanon", "region": 407}}, {"model": "administracion.ciudad", "pk": 2658, "fields": {"nombre": "Cameroon", "region": 408}}, {"model": "administracion.ciudad", "pk": 2659, "fields": {"nombre": "Latvia", "region": 409}}, {"model": "administracion.ciudad", "pk": 2660, "fields": {"nombre": "Georgia", "region": 410}}, {"model": "administracion.ciudad", "pk": 2661, "fields": {"nombre": "Pakistan", "region": 411}}, {"model": "administracion.ciudad", "pk": 2662, "fields": {"nombre": "Cayman Islands", "region": 412}}, {"model": "administracion.ciudad", "pk": 2663, "fields": {"nombre": "Turkey", "region": 413}}, {"model": "administracion.ciudad", "pk": 2664, "fields": {"nombre": "Germany", "region": 414}}, {"model": "administracion.ciudad", "pk": 2665, "fields": {"nombre": "Algeria", "region": 415}}, {"model": "administracion.ciudad", "pk": 2666, "fields": {"nombre": "Japan", "region": 416}}, {"model": "administracion.ciudad", "pk": 2667, "fields": {"nombre": "Malta", "region": 417}}, {"model": "administracion.ciudad", "pk": 2668, "fields": {"nombre": "Andorra", "region": 418}}, {"model": "administracion.ciudad", "pk": 2669, "fields": {"nombre": "Iraq", "region": 419}}, {"model": "administracion.ciudad", "pk": 2670, "fields": {"nombre": "Paraguay", "region": 420}}, {"model": "administracion.ciudad", "pk": 2671, "fields": {"nombre": "Liechtenstein", "region": 421}}, {"model": "administracion.ciudad", "pk": 2672, "fields": {"nombre": "Cook Islands", "region": 422}}, {"model": "administracion.ciudad", "pk": 2673, "fields": {"nombre": "Cote D''Ivoire (Ivory Coast)", "region": 423}}, {"model": "administracion.ciudad", "pk": 2674, "fields": {"nombre": "Albania", "region": 424}}, {"model": "administracion.ciudad", "pk": 2675, "fields": {"nombre": "Trinidad And Tobago", "region": 425}}, {"model": "administracion.ciudad", "pk": 2676, "fields": {"nombre": "Brazil", "region": 426}}, {"model": "administracion.ciudad", "pk": 2677, "fields": {"nombre": "Romania", "region": 427}}, {"model": "administracion.ciudad", "pk": 2678, "fields": {"nombre": "Ethiopia", "region": 428}}, {"model": "administracion.ciudad", "pk": 2679, "fields": {"nombre": "Guatemala", "region": 429}}, {"model": "administracion.ciudad", "pk": 2680, "fields": {"nombre": "Mozambique", "region": 430}}, {"model": "administracion.ciudad", "pk": 2681, "fields": {"nombre": "United Arab Emirates", "region": 431}}, {"model": "administracion.ciudad", "pk": 2682, "fields": {"nombre": "Bahamas The", "region": 432}}, {"model": "administracion.ciudad", "pk": 2683, "fields": {"nombre": "Eritrea", "region": 433}}, {"model": "administracion.ciudad", "pk": 2684, "fields": {"nombre": "Slovenia", "region": 434}}, {"model": "administracion.ciudad", "pk": 2685, "fields": {"nombre": "Tonga", "region": 435}}, {"model": "administracion.ciudad", "pk": 2686, "fields": {"nombre": "Pitcairn Island", "region": 436}}, {"model": "administracion.ciudad", "pk": 2687, "fields": {"nombre": "Saint Kitts And Nevis", "region": 437}}, {"model": "administracion.ciudad", "pk": 2688, "fields": {"nombre": "Armenia", "region": 438}}, {"model": "administracion.ciudad", "pk": 2689, "fields": {"nombre": "Macau S.A.R.", "region": 439}}, {"model": "administracion.ciudad", "pk": 2690, "fields": {"nombre": "Svalbard And Jan Mayen Islands", "region": 440}}, {"model": "administracion.ciudad", "pk": 2691, "fields": {"nombre": "San Marino", "region": 441}}, {"model": "administracion.ciudad", "pk": 2692, "fields": {"nombre": "United States Minor Outlying Islands", "region": 442}}, {"model": "administracion.ciudad", "pk": 2693, "fields": {"nombre": "Belarus", "region": 443}}, {"model": "administracion.ciudad", "pk": 2694, "fields": {"nombre": "Argentina", "region": 444}}, {"model": "administracion.ciudad", "pk": 2695, "fields": {"nombre": "Saint Vincent And The Grenadines", "region": 445}}, {"model": "administracion.ciudad", "pk": 2696, "fields": {"nombre": "Norfolk Island", "region": 446}}, {"model": "administracion.ciudad", "pk": 2697, "fields": {"nombre": "Switzerland", "region": 447}}, {"model": "administracion.ciudad", "pk": 2698, "fields": {"nombre": "Palau", "region": 448}}, {"model": "administracion.ciudad", "pk": 2699, "fields": {"nombre": "South Georgia", "region": 449}}, {"model": "administracion.ciudad", "pk": 2700, "fields": {"nombre": "Faroe Islands", "region": 450}}, {"model": "administracion.ciudad", "pk": 2701, "fields": {"nombre": "Republic Of The Congo", "region": 451}}, {"model": "administracion.ciudad", "pk": 2702, "fields": {"nombre": "Djibouti", "region": 452}}, {"model": "administracion.ciudad", "pk": 2703, "fields": {"nombre": "Austria", "region": 453}}, {"model": "administracion.ciudad", "pk": 2704, "fields": {"nombre": "Western Sahara", "region": 454}}, {"model": "administracion.ciudad", "pk": 2705, "fields": {"nombre": "Antigua And Barbuda", "region": 455}}, {"model": "administracion.ciudad", "pk": 2706, "fields": {"nombre": "Serbia", "region": 456}}, {"model": "administracion.ciudad", "pk": 2707, "fields": {"nombre": "Rwanda", "region": 457}}, {"model": "administracion.ciudad", "pk": 2708, "fields": {"nombre": "South Africa", "region": 458}}, {"model": "administracion.ciudad", "pk": 2709, "fields": {"nombre": "American Samoa", "region": 459}}, {"model": "administracion.ciudad", "pk": 2710, "fields": {"nombre": "Saudi Arabia", "region": 460}}, {"model": "administracion.ciudad", "pk": 2711, "fields": {"nombre": "Antarctica", "region": 461}}, {"model": "administracion.ciudad", "pk": 2712, "fields": {"nombre": "Cocos (Keeling) Islands", "region": 462}}, {"model": "administracion.ciudad", "pk": 2713, "fields": {"nombre": "Christmas Island", "region": 463}}, {"model": "administracion.ciudad", "pk": 2714, "fields": {"nombre": "Singapore", "region": 464}}, {"model": "administracion.ciudad", "pk": 2715, "fields": {"nombre": "Mauritius", "region": 465}}, {"model": "administracion.ciudad", "pk": 2716, "fields": {"nombre": "Reunion", "region": 466}}, {"model": "administracion.ciudad", "pk": 2717, "fields": {"nombre": "British Indian Ocean Territory", "region": 467}}, {"model": "administracion.ciudad", "pk": 2718, "fields": {"nombre": "External Territories of Australia", "region": 468}}, {"model": "administracion.ciudad", "pk": 2719, "fields": {"nombre": "Samoa", "region": 469}}, {"model": "administracion.ciudad", "pk": 2720, "fields": {"nombre": "Guinea", "region": 470}}, {"model": "administracion.ciudad", "pk": 2721, "fields": {"nombre": "Costa Rica", "region": 471}}, {"model": "administracion.ciudad", "pk": 2722, "fields": {"nombre": "Angola", "region": 472}}, {"model": "administracion.ciudad", "pk": 2723, "fields": {"nombre": "Gibraltar", "region": 473}}, {"model": "administracion.ciudad", "pk": 2724, "fields": {"nombre": "Suriname", "region": 474}}, {"model": "administracion.ciudad", "pk": 2725, "fields": {"nombre": "Falkland Islands", "region": 475}}, {"model": "administracion.ciudad", "pk": 2726, "fields": {"nombre": "Seychelles", "region": 476}}, {"model": "administracion.ciudad", "pk": 2727, "fields": {"nombre": "Belize", "region": 477}}, {"model": "administracion.ciudad", "pk": 2728, "fields": {"nombre": "Liberia", "region": 478}}, {"model": "administracion.ciudad", "pk": 2729, "fields": {"nombre": "Vietnam", "region": 479}}, {"model": "administracion.ciudad", "pk": 2730, "fields": {"nombre": "Micronesia", "region": 480}}, {"model": "administracion.ciudad", "pk": 2731, "fields": {"nombre": "Chad", "region": 481}}, {"model": "administracion.ciudad", "pk": 2732, "fields": {"nombre": "Ghana", "region": 482}}, {"model": "administracion.ciudad", "pk": 2733, "fields": {"nombre": "Nauru", "region": 483}}, {"model": "administracion.ciudad", "pk": 2734, "fields": {"nombre": "Ukraine", "region": 484}}, {"model": "administracion.ciudad", "pk": 2735, "fields": {"nombre": "Spain", "region": 485}}, {"model": "administracion.ciudad", "pk": 2736, "fields": {"nombre": "Dominican Republic", "region": 486}}, {"model": "administracion.ciudad", "pk": 2737, "fields": {"nombre": "Namibia", "region": 487}}, {"model": "administracion.ciudad", "pk": 2738, "fields": {"nombre": "Guam", "region": 488}}, {"model": "administracion.ciudad", "pk": 2739, "fields": {"nombre": "Burkina Faso", "region": 489}}, {"model": "administracion.ciudad", "pk": 2740, "fields": {"nombre": "Guadeloupe", "region": 490}}, {"model": "administracion.ciudad", "pk": 2741, "fields": {"nombre": "Cambodia", "region": 491}}, {"model": "administracion.ciudad", "pk": 2742, "fields": {"nombre": "Laos", "region": 492}}, {"model": "administracion.ciudad", "pk": 2743, "fields": {"nombre": "Saint Helena", "region": 493}}, {"model": "administracion.ciudad", "pk": 2744, "fields": {"nombre": "Hong Kong S.A.R.", "region": 494}}, {"model": "administracion.idioma", "pk": "139c30f9-87dd-48f5-b9c0-76f5d6822b94", "fields": {"nombre": "Ingl\u00e9s", "alias": "ING"}}, {"model": "administracion.idioma", "pk": "2e389ba4-5ae9-4253-ac61-517963f04cd4", "fields": {"nombre": "Ingl\u00e9s Ni\u00f1os", "alias": "INGNI"}}, {"model": "administracion.idioma", "pk": "3a4bb536-7ed7-4d95-a9d3-64d88c909646", "fields": {"nombre": "Franc\u00e9s", "alias": "FRA"}}, {"model": "administracion.idioma", "pk": "3aef0cee-bf40-490f-b865-a9e24a82ff2a", "fields": {"nombre": "Ingl\u00e9s T\u00e9cnicas de Traducci\u00f3n", "alias": "TCTRA"}}, {"model": "administracion.idioma", "pk": "3be6fe09-985a-4da0-a5a5-ab0d634f99fb", "fields": {"nombre": "Espa\u00f1ol", "alias": "ESP"}}, {"model": "administracion.idioma", "pk": "3d3f2831-4a7d-4bf8-9c16-8c8b569d7227", "fields": {"nombre": "Ruso", "alias": "RUS"}}, {"model": "administracion.idioma", "pk": "4205e1de-8352-48ca-9e67-a7e43bb47a06", "fields": {"nombre": "Portugu\u00e9s", "alias": "POR"}}, {"model": "administracion.idioma", "pk": "427d73a5-b5a3-4698-84b0-90adc848dbed", "fields": {"nombre": "Italiano", "alias": "ITA"}}, {"model": "administracion.idioma", "pk": "79a8ea0f-b19f-4fb8-8797-a7ad01182f99", "fields": {"nombre": "\u00c1rabe", "alias": "ARA"}}, {"model": "administracion.idioma", "pk": "a6247d61-60c2-4afe-8d46-3e8e84358aff", "fields": {"nombre": "Franc\u00e9s Ni\u00f1os", "alias": "FRANI"}}, {"model": "administracion.idioma", "pk": "aafd4cc6-40e4-4be2-9ed2-80c92d94ff05", "fields": {"nombre": "Japon\u00e9s", "alias": "JAP"}}, {"model": "administracion.idioma", "pk": "d61b59f9-7651-4efa-b837-bbfe92c6066d", "fields": {"nombre": "Chino mandar\u00edn", "alias": "CHI"}}, {"model": "administracion.idioma", "pk": "d8a4d3f1-3a83-43c1-804e-277dd11924fb", "fields": {"nombre": "Alem\u00e1n", "alias": "ALE"}}, {"model": "administracion.documentorequerido", "pk": 1, "fields": {"nombre": "Copia - documento de identidad", "activo": true, "unica_entrega": true}}, {"model": "administracion.documentorequerido", "pk": 2, "fields": {"nombre": "Copia carnet estudiantil vigente UNAL", "activo": true, "unica_entrega": false}}, {"model": "administracion.documentorequerido", "pk": 3, "fields": {"nombre": "Copia - acta de grado UNAL", "activo": true, "unica_entrega": false}}, {"model": "administracion.documentorequerido", "pk": 4, "fields": {"nombre": "Copia -  diploma UNAL", "activo": true, "unica_entrega": false}}, {"model": "administracion.documentorequerido", "pk": 7, "fields": {"nombre": "Circular aceptaci\u00f3n de t\u00e9rminos firmada", "activo": true, "unica_entrega": false}}, {"model": "administracion.documentorequerido", "pk": 8, "fields": {"nombre": "Carnet vigente o registro de inscripci\u00f3n en SISBEN", "activo": true, "unica_entrega": false}}, {"model": "administracion.documentorequerido", "pk": 9, "fields": {"nombre": "Copia carnet egresado, acta de grado o diploma", "activo": true, "unica_entrega": true}}, {"model": "administracion.documentorequerido", "pk": 10, "fields": {"nombre": "Copia del carnet o contrato vigente", "activo": true, "unica_entrega": false}}, {"model": "administracion.documentorequerido", "pk": 11, "fields": {"nombre": "Copia carnet o contrato vigente o recibo de matr\u00edcula", "activo": true, "unica_entrega": false}}, {"model": "administracion.documentorequerido", "pk": 12, "fields": {"nombre": "Copia documento de identidad, registro civil o doc", "activo": true, "unica_entrega": false}}, {"model": "administracion.documentorequerido", "pk": 13, "fields": {"nombre": "Carta laboral en la que se relacionen los particip", "activo": true, "unica_entrega": false}}, {"model": "administracion.documentorequerido", "pk": 15, "fields": {"nombre": "Copia comproban de inscripci\u00f3n o certificado de af", "activo": true, "unica_entrega": false}}, {"model": "administracion.documentorequerido", "pk": 16, "fields": {"nombre": "Certificado de discapacidad", "activo": true, "unica_entrega": false}}, {"model": "administracion.documentorequerido", "pk": 17, "fields": {"nombre": "Certificado inscripci\u00f3n en el registro de poblaci\u00f3", "activo": true, "unica_entrega": false}}, {"model": "administracion.documentorequerido", "pk": 18, "fields": {"nombre": "Copia carnet vigente, recibo de matr\u00edcula u horari", "activo": true, "unica_entrega": false}}, {"model": "administracion.documentorequerido", "pk": 19, "fields": {"nombre": "Registro civil o documento que acredite el parente", "activo": true, "unica_entrega": false}}, {"model": "administracion.documentorequerido", "pk": 20, "fields": {"nombre": "Documento de identidad", "activo": true, "unica_entrega": true}}, {"model": "administracion.contenidonivel", "pk": 1, "fields": {"alias": "contenido-1A", "version_actual": 2}}, {"model": "administracion.contenidonivel", "pk": 2, "fields": {"alias": "contenido-Nivel 1", "version_actual": 0}}, {"model": "administracion.contenidonivel", "pk": 3, "fields": {"alias": "contenido-1B", "version_actual": 0}}, {"model": "administracion.contenidonivel", "pk": 4, "fields": {"alias": "contenido-1C", "version_actual": 1}}, {"model": "administracion.contenidonivel", "pk": 5, "fields": {"alias": "contenido-2A", "version_actual": 0}}, {"model": "administracion.contenidonivel", "pk": 6, "fields": {"alias": "contenido-2B", "version_actual": 0}}, {"model": "administracion.contenidonivel", "pk": 7, "fields": {"alias": "contenido-2C", "version_actual": 0}}, {"model": "administracion.contenidonivel", "pk": 8, "fields": {"alias": "contenido-3A", "version_actual": 0}}, {"model": "administracion.contenidonivel", "pk": 9, "fields": {"alias": "contenido-3B", "version_actual": 0}}, {"model": "administracion.contenidonivel", "pk": 10, "fields": {"alias": "contenido-3C", "version_actual": 0}}, {"model": "administracion.contenidonivel", "pk": 11, "fields": {"alias": "contenido-4A", "version_actual": 0}}, {"model": "administracion.contenidonivel", "pk": 12, "fields": {"alias": "contenido-4B", "version_actual": 0}}, {"model": "administracion.contenidonivel", "pk": 13, "fields": {"alias": "contenido-4C", "version_actual": 0}}, {"model": "administracion.contenidonivel", "pk": 14, "fields": {"alias": "contenido-Franc\u00e9s 1", "version_actual": 0}}, {"model": "administracion.contenidonivel", "pk": 15, "fields": {"alias": "contenido-Nivel 2", "version_actual": 0}}, {"model": "administracion.contenidonivel", "pk": 16, "fields": {"alias": "contenido-Nivel 3", "version_actual": 0}}, {"model": "administracion.contenidonivel", "pk": 17, "fields": {"alias": "contenido-Franc\u00e9s 4", "version_actual": 0}}, {"model": "administracion.contenidonivel", "pk": 18, "fields": {"alias": "contenido-Franc\u00e9s 5", "version_actual": 0}}, {"model": "administracion.contenidonivel", "pk": 19, "fields": {"alias": "contenido-Franc\u00e9s 6", "version_actual": 0}}, {"model": "administracion.contenidonivel", "pk": 20, "fields": {"alias": "contenido-Franc\u00e9s 7", "version_actual": 0}}, {"model": "administracion.contenidonivel", "pk": 21, "fields": {"alias": "contenido-Franc\u00e9s 8", "version_actual": 0}}, {"model": "administracion.contenidonivel", "pk": 22, "fields": {"alias": "contenido-Franc\u00e9s 9", "version_actual": 0}}, {"model": "administracion.contenidonivel", "pk": 23, "fields": {"alias": "contenido-Franc\u00e9s 10", "version_actual": 0}}, {"model": "administracion.contenidonivel", "pk": 24, "fields": {"alias": "contenido-Alem\u00e1n 1", "version_actual": 0}}, {"model": "administracion.contenidonivel", "pk": 25, "fields": {"alias": "contenido-Alem\u00e1n 2", "version_actual": 0}}, {"model": "administracion.contenidonivel", "pk": 26, "fields": {"alias": "contenido-Alem\u00e1n 3", "version_actual": 0}}, {"model": "administracion.contenidonivel", "pk": 27, "fields": {"alias": "contenido-Alem\u00e1n 4", "version_actual": 0}}, {"model": "administracion.contenidonivel", "pk": 28, "fields": {"alias": "contenido-Alem\u00e1n 5", "version_actual": 0}}, {"model": "administracion.contenidonivel", "pk": 29, "fields": {"alias": "contenido-Alem\u00e1n 6", "version_actual": 0}}, {"model": "administracion.contenidonivel", "pk": 30, "fields": {"alias": "contenido-Alem\u00e1n 7", "version_actual": 0}}, {"model": "administracion.contenidonivel", "pk": 31, "fields": {"alias": "contenido-Alem\u00e1n 8", "version_actual": 0}}, {"model": "administracion.contenidonivel", "pk": 32, "fields": {"alias": "contenido-Alem\u00e1n 9", "version_actual": 0}}, {"model": "administracion.contenidonivel", "pk": 33, "fields": {"alias": "contenido-Alem\u00e1n 10", "version_actual": 0}}, {"model": "administracion.contenidonivel", "pk": 34, "fields": {"alias": "contenido-Alem\u00e1n 11", "version_actual": 0}}, {"model": "administracion.contenidonivel", "pk": 35, "fields": {"alias": "contenido-Chino 1", "version_actual": 0}}, {"model": "administracion.contenidonivel", "pk": 36, "fields": {"alias": "contenido-Chino 2", "version_actual": 0}}, {"model": "administracion.contenidonivel", "pk": 37, "fields": {"alias": "contenido-Chino 3", "version_actual": 0}}, {"model": "administracion.contenidonivel", "pk": 38, "fields": {"alias": "contenido-Chino 4", "version_actual": 0}}, {"model": "administracion.contenidonivel", "pk": 39, "fields": {"alias": "contenido-Chino 5", "version_actual": 0}}, {"model": "administracion.contenidonivel", "pk": 40, "fields": {"alias": "contenido-Italiano 1", "version_actual": 0}}, {"model": "administracion.contenidonivel", "pk": 41, "fields": {"alias": "contenido-Italiano 2", "version_actual": 0}}, {"model": "administracion.contenidonivel", "pk": 42, "fields": {"alias": "contenido-Italiano 3", "version_actual": 0}}, {"model": "administracion.contenidonivel", "pk": 43, "fields": {"alias": "contenido-Italiano 4", "version_actual": 0}}, {"model": "administracion.contenidonivel", "pk": 44, "fields": {"alias": "contenido-Italiano 5", "version_actual": 0}}, {"model": "administracion.contenidonivel", "pk": 45, "fields": {"alias": "contenido-ELE 1", "version_actual": 0}}, {"model": "administracion.contenidonivel", "pk": 46, "fields": {"alias": "contenido-ELE 2", "version_actual": 0}}, {"model": "administracion.contenidonivel", "pk": 47, "fields": {"alias": "contenido-ELE 3", "version_actual": 0}}, {"model": "administracion.contenidonivel", "pk": 48, "fields": {"alias": "contenido-ELE 4", "version_actual": 0}}, {"model": "administracion.contenidonivel", "pk": 49, "fields": {"alias": "contenido-ELE 5", "version_actual": 0}}, {"model": "administracion.contenidonivel", "pk": 50, "fields": {"alias": "contenido-Portugu\u00e9s 1", "version_actual": 0}}, {"model": "administracion.contenidonivel", "pk": 51, "fields": {"alias": "contenido-Portugu\u00e9s 2", "version_actual": 0}}, {"model": "administracion.contenidonivel", "pk": 52, "fields": {"alias": "contenido-Portugu\u00e9s 3", "version_actual": 0}}, {"model": "administracion.contenidonivel", "pk": 53, "fields": {"alias": "contenido-Portugu\u00e9s 4", "version_actual": 0}}, {"model": "administracion.contenidonivel", "pk": 54, "fields": {"alias": "contenido-Portugu\u00e9s 5", "version_actual": 0}}, {"model": "administracion.contenidonivel", "pk": 55, "fields": {"alias": "contenido-Portugu\u00e9s 6", "version_actual": 0}}, {"model": "administracion.contenidonivel", "pk": 56, "fields": {"alias": "contenido-Celpe Bras", "version_actual": 0}}, {"model": "administracion.contenidonivel", "pk": 57, "fields": {"alias": "contenido-Goethe Zertifikat B1", "version_actual": 0}}, {"model": "administracion.contenidonivel", "pk": 58, "fields": {"alias": "contenido-Italiano_11", "version_actual": 2}}, {"model": "administracion.contenidonivel", "pk": 59, "fields": {"alias": "contenido-Nivel 1", "version_actual": 0}}, {"model": "administracion.contenidonivel", "pk": 60, "fields": {"alias": "contenido-Nivel 2", "version_actual": 0}}, {"model": "administracion.contenidonivel", "pk": 61, "fields": {"alias": "contenido-Nivel 3", "version_actual": 0}}, {"model": "administracion.contenidonivel", "pk": 62, "fields": {"alias": "contenido-Nivel 4", "version_actual": 0}}, {"model": "administracion.contenidonivel", "pk": 63, "fields": {"alias": "contenido-Nivel 5", "version_actual": 0}}, {"model": "administracion.contenidonivel", "pk": 64, "fields": {"alias": "contenido-Nivel 6 Ingl\u00e9s Ni\u00f1os", "version_actual": 0}}, {"model": "administracion.contenidonivel", "pk": 65, "fields": {"alias": "contenido-Nivel 7 Ingl\u00e9s ni\u00f1os", "version_actual": 0}}, {"model": "administracion.contenidonivel", "pk": 66, "fields": {"alias": "contenido-Nivel 8 Ingl\u00e9s ni\u00f1os", "version_actual": 0}}, {"model": "administracion.contenidonivel", "pk": 67, "fields": {"alias": "contenido-Nivel 9 Ingl\u00e9s Ni\u00f1os", "version_actual": 0}}, {"model": "administracion.contenidonivel", "pk": 68, "fields": {"alias": "contenido-Nivel 10 Ing Kids", "version_actual": 0}}, {"model": "administracion.contenidonivel", "pk": 69, "fields": {"alias": "contenido-Nivel 11 Ing Kids", "version_actual": 0}}, {"model": "administracion.contenidonivel", "pk": 70, "fields": {"alias": "contenido-Nivel 12 Ing Kids", "version_actual": 0}}, {"model": "administracion.contenidonivel", "pk": 71, "fields": {"alias": "contenido-Nivel 13 Ing Kids", "version_actual": 0}}, {"model": "administracion.contenidonivel", "pk": 72, "fields": {"alias": "contenido-Nivel 14 Ing Kids", "version_actual": 0}}, {"model": "administracion.contenidonivel", "pk": 73, "fields": {"alias": "contenido-Nivel 1 Enfants", "version_actual": 0}}, {"model": "administracion.contenidonivel", "pk": 74, "fields": {"alias": "contenido-Nivel 2 Enfants", "version_actual": 0}}, {"model": "administracion.contenidonivel", "pk": 75, "fields": {"alias": "contenido-Nivel 3 Enfants", "version_actual": 0}}, {"model": "administracion.contenidonivel", "pk": 76, "fields": {"alias": "contenido-Nivel 4 Enfants", "version_actual": 0}}, {"model": "administracion.contenidonivel", "pk": 77, "fields": {"alias": "contenido-Nivel 5 Enfants", "version_actual": 0}}, {"model": "administracion.contenidonivel", "pk": 78, "fields": {"alias": "contenido-Nivel 6 Enfants", "version_actual": 0}}, {"model": "administracion.contenidonivel", "pk": 79, "fields": {"alias": "contenido-Nivel 7 Enfants", "version_actual": 0}}, {"model": "administracion.contenidonivel", "pk": 80, "fields": {"alias": "contenido-Nivel 8 Enfants", "version_actual": 0}}, {"model": "administracion.contenidonivel", "pk": 81, "fields": {"alias": "contenido-Nivel 9 Enfants", "version_actual": 0}}, {"model": "administracion.contenidonivel", "pk": 82, "fields": {"alias": "contenido-Nivel 10 Enfants", "version_actual": 0}}, {"model": "administracion.contenidonivel", "pk": 83, "fields": {"alias": "contenido-Nivel Introductorio", "version_actual": 0}}, {"model": "administracion.contenidonivel", "pk": 84, "fields": {"alias": "contenido-Literarios", "version_actual": 0}}, {"model": "administracion.contenidonivel", "pk": 85, "fields": {"alias": "contenido-Jur\u00eddicos", "version_actual": 0}}, {"model": "administracion.contenidonivel", "pk": 86, "fields": {"alias": "contenido-Cient\u00edficos", "version_actual": 0}}, {"model": "administracion.contenidonivelversion", "pk": 1, "fields": {"alias": "Ingl\u00e9s 1A", "version": 1, "contenido_nivel": 1, "documento": "upload/public/content-level/2019/06/21/813a0056-946e-11e9-be05-002324f949e7.pdf", "created_date": "2019-06-21T16:49:54.692", "modified_date": "2019-06-21T16:49:54.692"}}, {"model": "administracion.contenidonivelversion", "pk": 2, "fields": {"alias": "Ingl\u00e9s 1A", "version": 2, "contenido_nivel": 1, "documento": "upload/public/content-level/2019/06/21/8140227e-946e-11e9-be05-002324f949e7.pdf", "created_date": "2019-06-21T16:49:54.729", "modified_date": "2019-06-21T16:49:54.729"}}, {"model": "administracion.contenidonivelversion", "pk": 3, "fields": {"alias": "Contenido5", "version": 1, "contenido_nivel": 58, "documento": "upload/public/content-level/2019/06/28/be1a9d7e-99c2-11e9-acdc-002324f949e7.pdf", "created_date": "2019-06-28T11:35:30.366", "modified_date": "2019-06-28T11:35:30.367"}}, {"model": "administracion.contenidonivelversion", "pk": 4, "fields": {"alias": "Contenido5", "version": 2, "contenido_nivel": 58, "documento": "upload/public/content-level/2019/06/28/be206272-99c2-11e9-acdc-002324f949e7.pdf", "created_date": "2019-06-28T11:35:30.402", "modified_date": "2019-06-28T11:35:30.402"}}, {"model": "administracion.contenidonivelversion", "pk": 5, "fields": {"alias": "Ingl\u00e9s 1C", "version": 1, "contenido_nivel": 4, "documento": "upload/public/content-level/2019/07/03/974d2060-9dcb-11e9-97e3-002324f949e7.pdf", "created_date": "2019-07-03T14:48:55.387", "modified_date": "2019-07-03T14:48:55.387"}}, {"model": "administracion.nivel", "pk": "000c2841-649e-4238-a5b7-5fdd95de8964", "fields": {"orden": 2, "idioma": "3be6fe09-985a-4da0-a5a5-ab0d634f99fb", "nombre": "Nivel 2", "alias": "ELE 2", "predecesor": "7100261d-e447-4215-adf4-bc3f7014e675", "contenido": 46, "intensidad_horaria": 60, "fallas_maximas": 12, "activo": true, "costo_materiales": 0.0}}, {"model": "administracion.nivel", "pk": "01549780-03d2-42c1-b09d-785f6791ccbe", "fields": {"orden": 8, "idioma": "139c30f9-87dd-48f5-b9c0-76f5d6822b94", "nombre": "Ingl\u00e9s 3B", "alias": "3B", "predecesor": "557e9a7e-dda1-49e0-8102-ac63732565ef", "contenido": 9, "intensidad_horaria": 60, "fallas_maximas": 12, "activo": true, "costo_materiales": 0.0}}, {"model": "administracion.nivel", "pk": "01e92f9f-c4d7-4bf7-b702-1dd4375e8ba4", "fields": {"orden": 6, "idioma": "4205e1de-8352-48ca-9e67-a7e43bb47a06", "nombre": "Nivel 6", "alias": "Portugu\u00e9s 6", "predecesor": "2247aab2-5c3c-4cea-a529-f4e3dac3e5fe", "contenido": 55, "intensidad_horaria": 60, "fallas_maximas": 12, "activo": true, "costo_materiales": 0.0}}, {"model": "administracion.nivel", "pk": "0275e599-ef87-4a9a-9316-d0fe9cc8bf59", "fields": {"orden": 1, "idioma": "a6247d61-60c2-4afe-8d46-3e8e84358aff", "nombre": "NIVEL 1 - EXPLORATEURS APPRENTIS", "alias": "Nivel 1 Enfants", "predecesor": null, "contenido": 73, "intensidad_horaria": 60, "fallas_maximas": 12, "activo": true, "costo_materiales": 0.0}}, {"model": "administracion.nivel", "pk": "07f3c714-7adb-4db0-bd43-3720621e8442", "fields": {"orden": 2, "idioma": "2e389ba4-5ae9-4253-ac61-517963f04cd4", "nombre": "NIVEL 2 - EXPLORERS FIGHTERS", "alias": "Nivel 2 Ingl\u00e9s Ni\u00f1os", "predecesor": "914406f3-eaa8-4cbc-a6eb-4c91507ba321", "contenido": 60, "intensidad_horaria": 60, "fallas_maximas": 12, "activo": true, "costo_materiales": 0.0}}, {"model": "administracion.nivel", "pk": "081eae8e-2ac2-4d50-a31d-c5dbbdacb42a", "fields": {"orden": 12, "idioma": "2e389ba4-5ae9-4253-ac61-517963f04cd4", "nombre": "NIVEL 12 - ADVENTURERS CHALLENGERS", "alias": "Nivel 12 Ing Kids", "predecesor": "e2ef56b0-2fd4-4110-a5b4-1dac954c92a7", "contenido": 70, "intensidad_horaria": 60, "fallas_maximas": 12, "activo": true, "costo_materiales": 0.0}}, {"model": "administracion.nivel", "pk": "11672be3-07b9-483e-9032-2608ab172145", "fields": {"orden": 3, "idioma": "3aef0cee-bf40-490f-b865-a9e24a82ff2a", "nombre": "Textos Jur\u00eddicos", "alias": "Jur\u00eddicos", "predecesor": "ba10270a-53b5-460e-a6ad-ccbfacab63ad", "contenido": 85, "intensidad_horaria": 60, "fallas_maximas": 12, "activo": true, "costo_materiales": 0.0}}, {"model": "administracion.nivel", "pk": "144e8fa7-4a53-4061-8c97-16dc70e6e553", "fields": {"orden": 5, "idioma": "d8a4d3f1-3a83-43c1-804e-277dd11924fb", "nombre": "Nivel 5", "alias": "Alem\u00e1n 5", "predecesor": "c82f55c1-7e95-41cb-9916-f60e103ce79a", "contenido": 28, "intensidad_horaria": 60, "fallas_maximas": 12, "activo": true, "costo_materiales": 0.0}}, {"model": "administracion.nivel", "pk": "1521b703-3bce-4b70-8b41-9f2823e62422", "fields": {"orden": 8, "idioma": "a6247d61-60c2-4afe-8d46-3e8e84358aff", "nombre": "NIVEL 8 - BRICOLEURS D\u00c9BRUILLARDS", "alias": "Nivel 8 Enfants", "predecesor": "a288bbe0-680c-4d35-a0c7-80b7ff600f75", "contenido": 80, "intensidad_horaria": 60, "fallas_maximas": 12, "activo": true, "costo_materiales": 0.0}}, {"model": "administracion.nivel", "pk": "183c0d3f-ea9a-4eb4-b348-e6bb8f4e3d8f", "fields": {"orden": 3, "idioma": "a6247d61-60c2-4afe-8d46-3e8e84358aff", "nombre": "NIVEL 3 - EXPLORATEURS EXPERTS", "alias": "Nivel 3 Enfants", "predecesor": "aa72cf58-c58f-41d8-a7bc-46863bae8db2", "contenido": 75, "intensidad_horaria": 60, "fallas_maximas": 12, "activo": true, "costo_materiales": 0.0}}, {"model": "administracion.nivel", "pk": "19fc6000-e431-4178-a08b-ba699acb9484", "fields": {"orden": 5, "idioma": "d61b59f9-7651-4efa-b837-bbfe92c6066d", "nombre": "Nivel 5", "alias": "Chino 5", "predecesor": "20007efe-e728-46fc-8488-2193e20e3a7e", "contenido": 39, "intensidad_horaria": 60, "fallas_maximas": 12, "activo": true, "costo_materiales": 0.0}}, {"model": "administracion.nivel", "pk": "1eac616b-9b1c-4c69-a7de-c0470788d561", "fields": {"orden": 14, "idioma": "2e389ba4-5ae9-4253-ac61-517963f04cd4", "nombre": "NIVEL 14 - CONVERSATION 2", "alias": "Nivel 14 Ing Kids", "predecesor": "7b2a0f66-44fb-41d2-8494-8f8fa45ccc7f", "contenido": 72, "intensidad_horaria": 60, "fallas_maximas": 12, "activo": true, "costo_materiales": 0.0}}, {"model": "administracion.nivel", "pk": "20007efe-e728-46fc-8488-2193e20e3a7e", "fields": {"orden": 4, "idioma": "d61b59f9-7651-4efa-b837-bbfe92c6066d", "nombre": "Nivel 4", "alias": "Chino 4", "predecesor": "c16c302a-94c0-4c9a-a029-dfec4f484647", "contenido": 38, "intensidad_horaria": 60, "fallas_maximas": 12, "activo": true, "costo_materiales": 0.0}}, {"model": "administracion.nivel", "pk": "2247aab2-5c3c-4cea-a529-f4e3dac3e5fe", "fields": {"orden": 5, "idioma": "4205e1de-8352-48ca-9e67-a7e43bb47a06", "nombre": "Nivel 5", "alias": "Portugu\u00e9s 5", "predecesor": "c0f25aa6-7213-41d1-8322-53bff0c957e2", "contenido": 54, "intensidad_horaria": 60, "fallas_maximas": 12, "activo": true, "costo_materiales": 0.0}}, {"model": "administracion.nivel", "pk": "22781d90-e632-4eeb-9908-d970890c9cdf", "fields": {"orden": 2, "idioma": "d61b59f9-7651-4efa-b837-bbfe92c6066d", "nombre": "Nivel 2", "alias": "Chino 2", "predecesor": "76cc5914-bc2b-4f66-92d4-a8e5a44452e6", "contenido": 36, "intensidad_horaria": 60, "fallas_maximas": 12, "activo": true, "costo_materiales": 0.0}}, {"model": "administracion.nivel", "pk": "2452fb02-86dd-424a-b6d6-82ee6107621e", "fields": {"orden": 11, "idioma": "d8a4d3f1-3a83-43c1-804e-277dd11924fb", "nombre": "Nivel 11", "alias": "Alem\u00e1n 11", "predecesor": "60a0f0dc-72f1-4fee-9e8e-dfa972fcdc40", "contenido": 34, "intensidad_horaria": 60, "fallas_maximas": 12, "activo": true, "costo_materiales": 0.0}}, {"model": "administracion.nivel", "pk": "28854f1a-7612-4d26-9fc8-d320bb910fd7", "fields": {"orden": 1, "idioma": "d8a4d3f1-3a83-43c1-804e-277dd11924fb", "nombre": "Preparaci\u00f3n certificaci\u00f3n internacional examen oficial Goethe", "alias": "Goethe Zertifikat B1", "predecesor": null, "contenido": 57, "intensidad_horaria": 40, "fallas_maximas": 8, "activo": true, "costo_materiales": 0.0}}, {"model": "administracion.nivel", "pk": "2aa63aa1-5707-4f79-982a-eec9861435cb", "fields": {"orden": 9, "idioma": "2e389ba4-5ae9-4253-ac61-517963f04cd4", "nombre": "NIVEL 9 - BUILDERS CHALLENGERS", "alias": "Nivel 9 Ingl\u00e9s Ni\u00f1os", "predecesor": "d021d3d6-a311-4aec-99c9-65bf52cea2e6", "contenido": 67, "intensidad_horaria": 60, "fallas_maximas": 12, "activo": true, "costo_materiales": 0.0}}, {"model": "administracion.nivel", "pk": "320257e6-a0dc-4d74-b905-6d7304db9f92", "fields": {"orden": 2, "idioma": "139c30f9-87dd-48f5-b9c0-76f5d6822b94", "nombre": "Ingl\u00e9s 1B", "alias": "1B", "predecesor": "87c0648a-555e-4c67-90fa-4c32262d86a8", "contenido": 3, "intensidad_horaria": 60, "fallas_maximas": 12, "activo": true, "costo_materiales": 0.0}}, {"model": "administracion.nivel", "pk": "321241d0-2295-4730-8455-ffe1ecffef4a", "fields": {"orden": 1, "idioma": "427d73a5-b5a3-4698-84b0-90adc848dbed", "nombre": "Nivel 1", "alias": "Italiano 1", "predecesor": null, "contenido": 40, "intensidad_horaria": 60, "fallas_maximas": 12, "activo": true, "costo_materiales": 0.0}}, {"model": "administracion.nivel", "pk": "3280d2c4-149b-40bf-ac59-a66d1903d34d", "fields": {"orden": 3, "idioma": "d8a4d3f1-3a83-43c1-804e-277dd11924fb", "nombre": "Nivel 3", "alias": "Alem\u00e1n 3", "predecesor": "d9d3acaf-42af-41f8-844d-4f24a2860827", "contenido": 26, "intensidad_horaria": 60, "fallas_maximas": 12, "activo": true, "costo_materiales": 0.0}}, {"model": "administracion.nivel", "pk": "38c2a5cf-f9eb-4575-b0b2-c0b6b29a3a76", "fields": {"orden": 6, "idioma": "d8a4d3f1-3a83-43c1-804e-277dd11924fb", "nombre": "Nivel 6", "alias": "Alem\u00e1n 6", "predecesor": "144e8fa7-4a53-4061-8c97-16dc70e6e553", "contenido": 29, "intensidad_horaria": 60, "fallas_maximas": 12, "activo": true, "costo_materiales": 0.0}}, {"model": "administracion.nivel", "pk": "443df6e7-aef2-4250-813b-73c35d21e5ed", "fields": {"orden": 7, "idioma": "2e389ba4-5ae9-4253-ac61-517963f04cd4", "nombre": "NIVEL 7 - BUILDERS PUSHERS", "alias": "Nivel 7 Ingl\u00e9s ni\u00f1os", "predecesor": "ba3bf48f-39fa-4758-8cdb-d965153bbe75", "contenido": 65, "intensidad_horaria": 60, "fallas_maximas": 12, "activo": true, "costo_materiales": 0.0}}, {"model": "administracion.nivel", "pk": "49d83c7e-ea44-4530-80aa-0a83f071e5bb", "fields": {"orden": 1, "idioma": "3a4bb536-7ed7-4d95-a9d3-64d88c909646", "nombre": "Nivel 1", "alias": "Franc\u00e9s 1", "predecesor": null, "contenido": 14, "intensidad_horaria": 60, "fallas_maximas": 12, "activo": true, "costo_materiales": 0.0}}, {"model": "administracion.nivel", "pk": "4d371fed-a654-41e1-b5e8-cdf2fc808862", "fields": {"orden": 3, "idioma": "139c30f9-87dd-48f5-b9c0-76f5d6822b94", "nombre": "Ingl\u00e9s 1C", "alias": "1C", "predecesor": "320257e6-a0dc-4d74-b905-6d7304db9f92", "contenido": 4, "intensidad_horaria": 60, "fallas_maximas": 12, "activo": true, "costo_materiales": 0.0}}, {"model": "administracion.nivel", "pk": "557e9a7e-dda1-49e0-8102-ac63732565ef", "fields": {"orden": 7, "idioma": "139c30f9-87dd-48f5-b9c0-76f5d6822b94", "nombre": "Ingl\u00e9s 3A", "alias": "3A", "predecesor": "daf1b7a3-beec-4f68-9dfe-a1bcb70716fa", "contenido": 8, "intensidad_horaria": 60, "fallas_maximas": 12, "activo": true, "costo_materiales": 0.0}}, {"model": "administracion.nivel", "pk": "56ce6bab-be82-4aa7-97cc-8677684ac166", "fields": {"orden": 7, "idioma": "d8a4d3f1-3a83-43c1-804e-277dd11924fb", "nombre": "Nivel 7", "alias": "Alem\u00e1n 7", "predecesor": "38c2a5cf-f9eb-4575-b0b2-c0b6b29a3a76", "contenido": 30, "intensidad_horaria": 60, "fallas_maximas": 12, "activo": true, "costo_materiales": 0.0}}, {"model": "administracion.nivel", "pk": "5ecfd142-3858-4e7d-8eb4-e5574503331a", "fields": {"orden": 2, "idioma": "4205e1de-8352-48ca-9e67-a7e43bb47a06", "nombre": "Nivel 2", "alias": "Portugu\u00e9s 2", "predecesor": "615f2d6d-5bd5-4a19-9777-ec74a2a84918", "contenido": 51, "intensidad_horaria": 60, "fallas_maximas": 12, "activo": true, "costo_materiales": 0.0}}, {"model": "administracion.nivel", "pk": "60a0f0dc-72f1-4fee-9e8e-dfa972fcdc40", "fields": {"orden": 10, "idioma": "d8a4d3f1-3a83-43c1-804e-277dd11924fb", "nombre": "Nivel 10", "alias": "Alem\u00e1n 10", "predecesor": "80b58c91-3298-431f-8c3d-dbd6e83863c8", "contenido": 33, "intensidad_horaria": 60, "fallas_maximas": 12, "activo": true, "costo_materiales": 0.0}}, {"model": "administracion.nivel", "pk": "615f2d6d-5bd5-4a19-9777-ec74a2a84918", "fields": {"orden": 1, "idioma": "4205e1de-8352-48ca-9e67-a7e43bb47a06", "nombre": "Nivel 1", "alias": "Portugu\u00e9s 1", "predecesor": null, "contenido": 50, "intensidad_horaria": 60, "fallas_maximas": 12, "activo": true, "costo_materiales": 0.0}}, {"model": "administracion.nivel", "pk": "693d70de-2cea-4297-bd64-480f69660ddb", "fields": {"orden": 4, "idioma": "3a4bb536-7ed7-4d95-a9d3-64d88c909646", "nombre": "Nivel 4", "alias": "Franc\u00e9s 4", "predecesor": "c538fe6f-488e-4935-82db-431a728dc188", "contenido": 17, "intensidad_horaria": 60, "fallas_maximas": 12, "activo": true, "costo_materiales": 0.0}}, {"model": "administracion.nivel", "pk": "6b2dbbd9-9f1a-44e7-b21b-29ef93ee11e4", "fields": {"orden": 3, "idioma": "427d73a5-b5a3-4698-84b0-90adc848dbed", "nombre": "Nivel 3", "alias": "Italiano 3", "predecesor": "ae8ccc24-9c2d-46b3-b222-84ed23f737b6", "contenido": 42, "intensidad_horaria": 60, "fallas_maximas": 12, "activo": true, "costo_materiales": 0.0}}, {"model": "administracion.nivel", "pk": "6e0b7bd4-5206-414b-b143-f22c9a418da6", "fields": {"orden": 4, "idioma": "a6247d61-60c2-4afe-8d46-3e8e84358aff", "nombre": "NIVEL 4 - CHERCHEURS APPRENTIS", "alias": "Nivel 4 Enfants", "predecesor": "183c0d3f-ea9a-4eb4-b348-e6bb8f4e3d8f", "contenido": 76, "intensidad_horaria": 60, "fallas_maximas": 12, "activo": true, "costo_materiales": 0.0}}, {"model": "administracion.nivel", "pk": "7100261d-e447-4215-adf4-bc3f7014e675", "fields": {"orden": 1, "idioma": "3be6fe09-985a-4da0-a5a5-ab0d634f99fb", "nombre": "Nivel 1", "alias": "ELE 1", "predecesor": null, "contenido": 45, "intensidad_horaria": 60, "fallas_maximas": 12, "activo": true, "costo_materiales": 0.0}}, {"model": "administracion.nivel", "pk": "71665c3c-0c22-4553-b4cf-3c346995d166", "fields": {"orden": 10, "idioma": "a6247d61-60c2-4afe-8d46-3e8e84358aff", "nombre": "NIVEL 10 - AVENTURIERS APPRENTIS", "alias": "Nivel 10 Enfants", "predecesor": "a691ad1f-e767-4144-8839-bcd94d66d271", "contenido": 82, "intensidad_horaria": 60, "fallas_maximas": 12, "activo": true, "costo_materiales": 0.0}}, {"model": "administracion.nivel", "pk": "71998bdf-d2e6-4909-a1bb-d16473200f85", "fields": {"orden": 5, "idioma": "3a4bb536-7ed7-4d95-a9d3-64d88c909646", "nombre": "Nivel 5", "alias": "Franc\u00e9s 5", "predecesor": "693d70de-2cea-4297-bd64-480f69660ddb", "contenido": 18, "intensidad_horaria": 60, "fallas_maximas": 12, "activo": true, "costo_materiales": 0.0}}, {"model": "administracion.nivel", "pk": "743b45a4-d949-4d0d-9ae5-d003a9e84780", "fields": {"orden": 6, "idioma": "a6247d61-60c2-4afe-8d46-3e8e84358aff", "nombre": "NIVEL 6 - CHERCHEURS EXPERTS", "alias": "Nivel 6 Enfants", "predecesor": "e73d9bf2-3a70-4006-b2c4-f33d15a20917", "contenido": 78, "intensidad_horaria": 60, "fallas_maximas": 12, "activo": true, "costo_materiales": 0.0}}, {"model": "administracion.nivel", "pk": "75b19b42-9976-4e2d-85b9-1d6f5aa0b145", "fields": {"orden": 10, "idioma": "3a4bb536-7ed7-4d95-a9d3-64d88c909646", "nombre": "Nivel 10", "alias": "Franc\u00e9s 10", "predecesor": "f9bdb279-7ef8-462f-84ef-1f1017ee5dbc", "contenido": 23, "intensidad_horaria": 60, "fallas_maximas": 12, "activo": true, "costo_materiales": 0.0}}, {"model": "administracion.nivel", "pk": "76cc5914-bc2b-4f66-92d4-a8e5a44452e6", "fields": {"orden": 1, "idioma": "d61b59f9-7651-4efa-b837-bbfe92c6066d", "nombre": "Nivel 1", "alias": "Chino 1", "predecesor": null, "contenido": 35, "intensidad_horaria": 60, "fallas_maximas": 12, "activo": true, "costo_materiales": 0.0}}, {"model": "administracion.nivel", "pk": "7aeb9b6f-e129-4deb-8913-517ec1dd96a3", "fields": {"orden": 4, "idioma": "139c30f9-87dd-48f5-b9c0-76f5d6822b94", "nombre": "Ingl\u00e9s 2A", "alias": "2A", "predecesor": "4d371fed-a654-41e1-b5e8-cdf2fc808862", "contenido": 5, "intensidad_horaria": 60, "fallas_maximas": 12, "activo": true, "costo_materiales": 0.0}}, {"model": "administracion.nivel", "pk": "7b2a0f66-44fb-41d2-8494-8f8fa45ccc7f", "fields": {"orden": 13, "idioma": "2e389ba4-5ae9-4253-ac61-517963f04cd4", "nombre": "NIVEL 13 - CONVERSATION 1", "alias": "Nivel 13 Ing Kids", "predecesor": "081eae8e-2ac2-4d50-a31d-c5dbbdacb42a", "contenido": 71, "intensidad_horaria": 60, "fallas_maximas": 12, "activo": true, "costo_materiales": 0.0}}, {"model": "administracion.nivel", "pk": "7db0d409-7d45-468a-b9d0-db27ed56293d", "fields": {"orden": 5, "idioma": "2e389ba4-5ae9-4253-ac61-517963f04cd4", "nombre": "NIVEL 5 - SEEKERS FIGHTERS", "alias": "Nivel 5 Ingl\u00e9s Ni\u00f1os", "predecesor": "fceba973-18da-44a9-b0cd-062940be7921", "contenido": 63, "intensidad_horaria": 60, "fallas_maximas": 12, "activo": true, "costo_materiales": 0.0}}, {"model": "administracion.nivel", "pk": "803e33ff-027d-4dfe-86be-2dd73713847e", "fields": {"orden": 5, "idioma": "427d73a5-b5a3-4698-84b0-90adc848dbed", "nombre": "Nivel 5", "alias": "Italiano 5", "predecesor": "fbcb0dd5-d89f-4d9f-8215-282a2f1c4052", "contenido": 44, "intensidad_horaria": 60, "fallas_maximas": 12, "activo": true, "costo_materiales": 0.0}}, {"model": "administracion.nivel", "pk": "80b58c91-3298-431f-8c3d-dbd6e83863c8", "fields": {"orden": 9, "idioma": "d8a4d3f1-3a83-43c1-804e-277dd11924fb", "nombre": "Nivel 9", "alias": "Alem\u00e1n 9", "predecesor": "f7258243-5711-4633-aca5-9742764bd6dc", "contenido": 32, "intensidad_horaria": 60, "fallas_maximas": 12, "activo": true, "costo_materiales": 0.0}}, {"model": "administracion.nivel", "pk": "82c3cbd5-7075-4888-aa07-5a9a1cf2c061", "fields": {"orden": 10, "idioma": "139c30f9-87dd-48f5-b9c0-76f5d6822b94", "nombre": "Ingl\u00e9s 4A", "alias": "4A", "predecesor": "b3110d81-3cf1-4824-b9d7-bfc22ba24c64", "contenido": 11, "intensidad_horaria": 60, "fallas_maximas": 12, "activo": true, "costo_materiales": 0.0}}, {"model": "administracion.nivel", "pk": "87c0648a-555e-4c67-90fa-4c32262d86a8", "fields": {"orden": 1, "idioma": "139c30f9-87dd-48f5-b9c0-76f5d6822b94", "nombre": "Ingl\u00e9s 1A", "alias": "1A", "predecesor": null, "contenido": 1, "intensidad_horaria": 60, "fallas_maximas": 12, "activo": true, "costo_materiales": 0.0}}, {"model": "administracion.nivel", "pk": "8901a96c-ba48-4d22-a042-24b61dfa88e0", "fields": {"orden": 5, "idioma": "3be6fe09-985a-4da0-a5a5-ab0d634f99fb", "nombre": "Nivel 5", "alias": "ELE 5", "predecesor": "ce115817-b623-49b7-bb63-3fb96e1d1e23", "contenido": 49, "intensidad_horaria": 60, "fallas_maximas": 12, "activo": true, "costo_materiales": 0.0}}, {"model": "administracion.nivel", "pk": "89884cd0-8563-4c89-b172-c2742149f3d3", "fields": {"orden": 8, "idioma": "3a4bb536-7ed7-4d95-a9d3-64d88c909646", "nombre": "Nivel 8", "alias": "Franc\u00e9s 8", "predecesor": "a67f384b-dea2-43be-950e-f16a99c650e8", "contenido": 21, "intensidad_horaria": 60, "fallas_maximas": 12, "activo": true, "costo_materiales": 0.0}}, {"model": "administracion.nivel", "pk": "8a7b59fb-3029-4b4c-806b-edba01d59d26", "fields": {"orden": 2, "idioma": "3a4bb536-7ed7-4d95-a9d3-64d88c909646", "nombre": "Nivel 2", "alias": "Franc\u00e9s 2", "predecesor": "49d83c7e-ea44-4530-80aa-0a83f071e5bb", "contenido": 15, "intensidad_horaria": 60, "fallas_maximas": 12, "activo": true, "costo_materiales": 0.0}}, {"model": "administracion.nivel", "pk": "8bf9fbf1-f76a-49fc-be67-3ce0b2444a1c", "fields": {"orden": 12, "idioma": "139c30f9-87dd-48f5-b9c0-76f5d6822b94", "nombre": "Ingl\u00e9s 4C", "alias": "4C", "predecesor": "d0c956a1-cec6-4c0e-a09f-b9142a3e7d57", "contenido": 13, "intensidad_horaria": 60, "fallas_maximas": 12, "activo": true, "costo_materiales": 0.0}}, {"model": "administracion.nivel", "pk": "914406f3-eaa8-4cbc-a6eb-4c91507ba321", "fields": {"orden": 1, "idioma": "2e389ba4-5ae9-4253-ac61-517963f04cd4", "nombre": "NIVEL 1 - EXPLORERS PUSHERS", "alias": "Nivel 1 Ingl\u00e9s Ni\u00f1os", "predecesor": null, "contenido": 59, "intensidad_horaria": 60, "fallas_maximas": 12, "activo": true, "costo_materiales": 0.0}}, {"model": "administracion.nivel", "pk": "9161f9e6-c81c-483a-bb9d-4cc271fc1cb6", "fields": {"orden": 10, "idioma": "2e389ba4-5ae9-4253-ac61-517963f04cd4", "nombre": "NIVEL 10 - ADVENTURERS PUSHERS", "alias": "Nivel 10 Ing Kids", "predecesor": "2aa63aa1-5707-4f79-982a-eec9861435cb", "contenido": 68, "intensidad_horaria": 60, "fallas_maximas": 12, "activo": true, "costo_materiales": 0.0}}, {"model": "administracion.nivel", "pk": "95c36adb-4936-4898-8e68-536147e29ff7", "fields": {"orden": 1, "idioma": "d8a4d3f1-3a83-43c1-804e-277dd11924fb", "nombre": "Nivel 1", "alias": "Alem\u00e1n 1", "predecesor": null, "contenido": 24, "intensidad_horaria": 60, "fallas_maximas": 12, "activo": true, "costo_materiales": 0.0}}, {"model": "administracion.nivel", "pk": "a288bbe0-680c-4d35-a0c7-80b7ff600f75", "fields": {"orden": 7, "idioma": "a6247d61-60c2-4afe-8d46-3e8e84358aff", "nombre": "NIVEL 7 - BRICOLEURS APPRENTIS", "alias": "Nivel 7 Enfants", "predecesor": "743b45a4-d949-4d0d-9ae5-d003a9e84780", "contenido": 79, "intensidad_horaria": 60, "fallas_maximas": 12, "activo": true, "costo_materiales": 0.0}}, {"model": "administracion.nivel", "pk": "a67f384b-dea2-43be-950e-f16a99c650e8", "fields": {"orden": 7, "idioma": "3a4bb536-7ed7-4d95-a9d3-64d88c909646", "nombre": "Nivel 7", "alias": "Franc\u00e9s 7", "predecesor": "bcc5bcf1-02d7-43df-b263-c544e3b683c8", "contenido": 20, "intensidad_horaria": 60, "fallas_maximas": 12, "activo": true, "costo_materiales": 0.0}}, {"model": "administracion.nivel", "pk": "a691ad1f-e767-4144-8839-bcd94d66d271", "fields": {"orden": 9, "idioma": "a6247d61-60c2-4afe-8d46-3e8e84358aff", "nombre": "NIVEL 9 -  BRICOLEURS EXPERTS", "alias": "Nivel 9 Enfants", "predecesor": "1521b703-3bce-4b70-8b41-9f2823e62422", "contenido": 81, "intensidad_horaria": 60, "fallas_maximas": 12, "activo": true, "costo_materiales": 0.0}}, {"model": "administracion.nivel", "pk": "aa72cf58-c58f-41d8-a7bc-46863bae8db2", "fields": {"orden": 2, "idioma": "a6247d61-60c2-4afe-8d46-3e8e84358aff", "nombre": "NIVEL 2 - EXPLORATEURS D\u00c9BRUILLARDS", "alias": "Nivel 2 Enfants", "predecesor": "0275e599-ef87-4a9a-9316-d0fe9cc8bf59", "contenido": 74, "intensidad_horaria": 60, "fallas_maximas": 12, "activo": true, "costo_materiales": 0.0}}, {"model": "administracion.nivel", "pk": "ae8ccc24-9c2d-46b3-b222-84ed23f737b6", "fields": {"orden": 2, "idioma": "427d73a5-b5a3-4698-84b0-90adc848dbed", "nombre": "Nivel 2", "alias": "Italiano 2", "predecesor": "321241d0-2295-4730-8455-ffe1ecffef4a", "contenido": 41, "intensidad_horaria": 60, "fallas_maximas": 12, "activo": true, "costo_materiales": 0.0}}, {"model": "administracion.nivel", "pk": "b3110d81-3cf1-4824-b9d7-bfc22ba24c64", "fields": {"orden": 9, "idioma": "139c30f9-87dd-48f5-b9c0-76f5d6822b94", "nombre": "Ingl\u00e9s 3C", "alias": "3C", "predecesor": "01549780-03d2-42c1-b09d-785f6791ccbe", "contenido": 10, "intensidad_horaria": 60, "fallas_maximas": 12, "activo": true, "costo_materiales": 0.0}}, {"model": "administracion.nivel", "pk": "b8b27371-4c18-4749-ba82-6c939f592a58", "fields": {"orden": 4, "idioma": "3aef0cee-bf40-490f-b865-a9e24a82ff2a", "nombre": "Textos Cient\u00edficos", "alias": "Cient\u00edficos", "predecesor": "ba10270a-53b5-460e-a6ad-ccbfacab63ad", "contenido": 86, "intensidad_horaria": 60, "fallas_maximas": 12, "activo": true, "costo_materiales": 0.0}}, {"model": "administracion.nivel", "pk": "ba10270a-53b5-460e-a6ad-ccbfacab63ad", "fields": {"orden": 1, "idioma": "3aef0cee-bf40-490f-b865-a9e24a82ff2a", "nombre": "Nivel Introductorio", "alias": "Nivel Introductorio", "predecesor": null, "contenido": 83, "intensidad_horaria": 60, "fallas_maximas": 12, "activo": true, "costo_materiales": 0.0}}, {"model": "administracion.nivel", "pk": "ba3bf48f-39fa-4758-8cdb-d965153bbe75", "fields": {"orden": 6, "idioma": "2e389ba4-5ae9-4253-ac61-517963f04cd4", "nombre": "NIVEL 6 - SEEKERS CHALLENGERS", "alias": "Nivel 6 Ingl\u00e9s Ni\u00f1os", "predecesor": "7db0d409-7d45-468a-b9d0-db27ed56293d", "contenido": 64, "intensidad_horaria": 60, "fallas_maximas": 12, "activo": true, "costo_materiales": 0.0}}, {"model": "administracion.nivel", "pk": "bcc5bcf1-02d7-43df-b263-c544e3b683c8", "fields": {"orden": 6, "idioma": "3a4bb536-7ed7-4d95-a9d3-64d88c909646", "nombre": "Nivel 6", "alias": "Franc\u00e9s 6", "predecesor": "71998bdf-d2e6-4909-a1bb-d16473200f85", "contenido": 19, "intensidad_horaria": 60, "fallas_maximas": 12, "activo": true, "costo_materiales": 0.0}}, {"model": "administracion.nivel", "pk": "c0f25aa6-7213-41d1-8322-53bff0c957e2", "fields": {"orden": 4, "idioma": "4205e1de-8352-48ca-9e67-a7e43bb47a06", "nombre": "Nivel 4", "alias": "Portugu\u00e9s 4", "predecesor": "f6a78744-879c-4bb0-80ce-3bfc109f651e", "contenido": 53, "intensidad_horaria": 60, "fallas_maximas": 12, "activo": true, "costo_materiales": 0.0}}, {"model": "administracion.nivel", "pk": "c16c302a-94c0-4c9a-a029-dfec4f484647", "fields": {"orden": 3, "idioma": "d61b59f9-7651-4efa-b837-bbfe92c6066d", "nombre": "Nivel 3", "alias": "Chino 3", "predecesor": "22781d90-e632-4eeb-9908-d970890c9cdf", "contenido": 37, "intensidad_horaria": 60, "fallas_maximas": 12, "activo": true, "costo_materiales": 0.0}}, {"model": "administracion.nivel", "pk": "c538fe6f-488e-4935-82db-431a728dc188", "fields": {"orden": 3, "idioma": "3a4bb536-7ed7-4d95-a9d3-64d88c909646", "nombre": "Nivel 3", "alias": "Franc\u00e9s 3", "predecesor": "8a7b59fb-3029-4b4c-806b-edba01d59d26", "contenido": 16, "intensidad_horaria": 60, "fallas_maximas": 12, "activo": true, "costo_materiales": 0.0}}, {"model": "administracion.nivel", "pk": "c82f55c1-7e95-41cb-9916-f60e103ce79a", "fields": {"orden": 4, "idioma": "d8a4d3f1-3a83-43c1-804e-277dd11924fb", "nombre": "Nivel 4", "alias": "Alem\u00e1n 4", "predecesor": "3280d2c4-149b-40bf-ac59-a66d1903d34d", "contenido": 27, "intensidad_horaria": 60, "fallas_maximas": 12, "activo": true, "costo_materiales": 0.0}}, {"model": "administracion.nivel", "pk": "cc49b59a-8774-469b-93d7-4f7a8419e848", "fields": {"orden": 3, "idioma": "2e389ba4-5ae9-4253-ac61-517963f04cd4", "nombre": "NIVEL 3 - EXPLORERS CHALLENGERS", "alias": "Nivel 3 Ingl\u00e9s Ni\u00f1os", "predecesor": "07f3c714-7adb-4db0-bd43-3720621e8442", "contenido": 61, "intensidad_horaria": 60, "fallas_maximas": 12, "activo": true, "costo_materiales": 0.0}}, {"model": "administracion.nivel", "pk": "ccc17afc-b247-4cfd-b434-9352ccefe2a9", "fields": {"orden": 5, "idioma": "139c30f9-87dd-48f5-b9c0-76f5d6822b94", "nombre": "Ingl\u00e9s 2B", "alias": "2B", "predecesor": "7aeb9b6f-e129-4deb-8913-517ec1dd96a3", "contenido": 6, "intensidad_horaria": 60, "fallas_maximas": 12, "activo": true, "costo_materiales": 0.0}}, {"model": "administracion.nivel", "pk": "ce115817-b623-49b7-bb63-3fb96e1d1e23", "fields": {"orden": 4, "idioma": "3be6fe09-985a-4da0-a5a5-ab0d634f99fb", "nombre": "Nivel 4", "alias": "ELE 4", "predecesor": "df340cbe-bee4-4a4b-8500-57021e3244c4", "contenido": 48, "intensidad_horaria": 60, "fallas_maximas": 12, "activo": true, "costo_materiales": 0.0}}, {"model": "administracion.nivel", "pk": "d021d3d6-a311-4aec-99c9-65bf52cea2e6", "fields": {"orden": 8, "idioma": "2e389ba4-5ae9-4253-ac61-517963f04cd4", "nombre": "NIVEL 8 - BUILDERS FIGHTERS", "alias": "Nivel 8 Ingl\u00e9s ni\u00f1os", "predecesor": "443df6e7-aef2-4250-813b-73c35d21e5ed", "contenido": 66, "intensidad_horaria": 60, "fallas_maximas": 12, "activo": true, "costo_materiales": 0.0}}, {"model": "administracion.nivel", "pk": "d0c956a1-cec6-4c0e-a09f-b9142a3e7d57", "fields": {"orden": 11, "idioma": "139c30f9-87dd-48f5-b9c0-76f5d6822b94", "nombre": "Ingl\u00e9s 4B", "alias": "4B", "predecesor": "82c3cbd5-7075-4888-aa07-5a9a1cf2c061", "contenido": 12, "intensidad_horaria": 60, "fallas_maximas": 12, "activo": true, "costo_materiales": 0.0}}, {"model": "administracion.nivel", "pk": "d9d3acaf-42af-41f8-844d-4f24a2860827", "fields": {"orden": 2, "idioma": "d8a4d3f1-3a83-43c1-804e-277dd11924fb", "nombre": "Nivel 2", "alias": "Alem\u00e1n 2", "predecesor": "95c36adb-4936-4898-8e68-536147e29ff7", "contenido": 25, "intensidad_horaria": 60, "fallas_maximas": 12, "activo": true, "costo_materiales": 0.0}}, {"model": "administracion.nivel", "pk": "daf1b7a3-beec-4f68-9dfe-a1bcb70716fa", "fields": {"orden": 6, "idioma": "139c30f9-87dd-48f5-b9c0-76f5d6822b94", "nombre": "Ingl\u00e9s 2C", "alias": "2C", "predecesor": "ccc17afc-b247-4cfd-b434-9352ccefe2a9", "contenido": 7, "intensidad_horaria": 60, "fallas_maximas": 12, "activo": true, "costo_materiales": 0.0}}, {"model": "administracion.nivel", "pk": "de9ea448-ebfa-401c-b32a-fbd088f5487a", "fields": {"orden": 2, "idioma": "3aef0cee-bf40-490f-b865-a9e24a82ff2a", "nombre": "Textos Literarios", "alias": "Literarios", "predecesor": "ba10270a-53b5-460e-a6ad-ccbfacab63ad", "contenido": 84, "intensidad_horaria": 60, "fallas_maximas": 12, "activo": true, "costo_materiales": 0.0}}, {"model": "administracion.nivel", "pk": "df340cbe-bee4-4a4b-8500-57021e3244c4", "fields": {"orden": 3, "idioma": "3be6fe09-985a-4da0-a5a5-ab0d634f99fb", "nombre": "Nivel 3", "alias": "ELE 3", "predecesor": "000c2841-649e-4238-a5b7-5fdd95de8964", "contenido": 47, "intensidad_horaria": 60, "fallas_maximas": 12, "activo": true, "costo_materiales": 0.0}}, {"model": "administracion.nivel", "pk": "e2ef56b0-2fd4-4110-a5b4-1dac954c92a7", "fields": {"orden": 11, "idioma": "2e389ba4-5ae9-4253-ac61-517963f04cd4", "nombre": "NIVEL 11 - ADVENTURERS FIGHTERS", "alias": "Nivel 11 Ing Kids", "predecesor": "9161f9e6-c81c-483a-bb9d-4cc271fc1cb6", "contenido": 69, "intensidad_horaria": 60, "fallas_maximas": 12, "activo": true, "costo_materiales": 0.0}}, {"model": "administracion.nivel", "pk": "e653c84d-f0f9-45df-8f39-9ce3a2d19620", "fields": {"orden": 1, "idioma": "4205e1de-8352-48ca-9e67-a7e43bb47a06", "nombre": "Curso de Preparaci\u00f3n Examen CELPE-BRAS", "alias": "Celpe Bras", "predecesor": null, "contenido": 56, "intensidad_horaria": 40, "fallas_maximas": 8, "activo": true, "costo_materiales": 0.0}}, {"model": "administracion.nivel", "pk": "e73d9bf2-3a70-4006-b2c4-f33d15a20917", "fields": {"orden": 5, "idioma": "a6247d61-60c2-4afe-8d46-3e8e84358aff", "nombre": "NIVEL 5 - CHERCHEURS DEBRUILLARDS", "alias": "Nivel 5 Enfants", "predecesor": "6e0b7bd4-5206-414b-b143-f22c9a418da6", "contenido": 77, "intensidad_horaria": 60, "fallas_maximas": 12, "activo": true, "costo_materiales": 0.0}}, {"model": "administracion.nivel", "pk": "f6a78744-879c-4bb0-80ce-3bfc109f651e", "fields": {"orden": 3, "idioma": "4205e1de-8352-48ca-9e67-a7e43bb47a06", "nombre": "Nivel 3", "alias": "Portugu\u00e9s 3", "predecesor": "5ecfd142-3858-4e7d-8eb4-e5574503331a", "contenido": 52, "intensidad_horaria": 60, "fallas_maximas": 12, "activo": true, "costo_materiales": 0.0}}, {"model": "administracion.nivel", "pk": "f7258243-5711-4633-aca5-9742764bd6dc", "fields": {"orden": 8, "idioma": "d8a4d3f1-3a83-43c1-804e-277dd11924fb", "nombre": "Nivel 8", "alias": "Alem\u00e1n 8", "predecesor": "56ce6bab-be82-4aa7-97cc-8677684ac166", "contenido": 31, "intensidad_horaria": 60, "fallas_maximas": 12, "activo": true, "costo_materiales": 0.0}}, {"model": "administracion.nivel", "pk": "f9bdb279-7ef8-462f-84ef-1f1017ee5dbc", "fields": {"orden": 9, "idioma": "3a4bb536-7ed7-4d95-a9d3-64d88c909646", "nombre": "Nivel 9", "alias": "Franc\u00e9s 9", "predecesor": "89884cd0-8563-4c89-b172-c2742149f3d3", "contenido": 22, "intensidad_horaria": 60, "fallas_maximas": 12, "activo": true, "costo_materiales": 0.0}}, {"model": "administracion.nivel", "pk": "fbcb0dd5-d89f-4d9f-8215-282a2f1c4052", "fields": {"orden": 4, "idioma": "427d73a5-b5a3-4698-84b0-90adc848dbed", "nombre": "Nivel 4", "alias": "Italiano 4", "predecesor": "6b2dbbd9-9f1a-44e7-b21b-29ef93ee11e4", "contenido": 43, "intensidad_horaria": 60, "fallas_maximas": 12, "activo": true, "costo_materiales": 0.0}}, {"model": "administracion.nivel", "pk": "fceba973-18da-44a9-b0cd-062940be7921", "fields": {"orden": 4, "idioma": "2e389ba4-5ae9-4253-ac61-517963f04cd4", "nombre": "NIVEL 4 - SEEKERS PUSHERS", "alias": "Nivel 4 Ingl\u00e9s Ni\u00f1os", "predecesor": "cc49b59a-8774-469b-93d7-4f7a8419e848", "contenido": 62, "intensidad_horaria": 60, "fallas_maximas": 12, "activo": true, "costo_materiales": 0.0}}, {"model": "administracion.eps", "pk": 1, "fields": {"nombre": "Fondo de Pasivo Social de Ferrocarriles"}}, {"model": "administracion.eps", "pk": 2, "fields": {"nombre": "Aliansalud EPS"}}, {"model": "administracion.eps", "pk": 3, "fields": {"nombre": "Salud Total S.A."}}, {"model": "administracion.eps", "pk": 4, "fields": {"nombre": "Cafesalud EPS"}}, {"model": "administracion.eps", "pk": 5, "fields": {"nombre": "E.P.S Sanitas"}}, {"model": "administracion.eps", "pk": 6, "fields": {"nombre": "Compensar Entidad Promotora de Salud"}}, {"model": "administracion.eps", "pk": 7, "fields": {"nombre": "EPS Sura"}}, {"model": "administracion.eps", "pk": 8, "fields": {"nombre": "Comfenalco Valle EPS"}}, {"model": "administracion.eps", "pk": 9, "fields": {"nombre": "Coomeva EPS"}}, {"model": "administracion.eps", "pk": 10, "fields": {"nombre": "Famisanar"}}, {"model": "administracion.eps", "pk": 11, "fields": {"nombre": "Servicio Occidental de Salud S.O.S. S.A."}}, {"model": "administracion.eps", "pk": 12, "fields": {"nombre": "Cruz Blanca S.A"}}, {"model": "administracion.eps", "pk": 13, "fields": {"nombre": "Saludvida S.A EPS"}}, {"model": "administracion.eps", "pk": 14, "fields": {"nombre": "Nueva EPS"}}, {"model": "administracion.eps", "pk": 15, "fields": {"nombre": "Fondo de Solidaridad y Garant\u00eda Fosyga"}}, {"model": "administracion.eps", "pk": 16, "fields": {"nombre": "Fondo de Solidaridad y Garant\u00eda Fosyga"}}, {"model": "administracion.eps", "pk": 17, "fields": {"nombre": "Fondo de Solidaridad y Garant\u00eda Fosyga"}}, {"model": "administracion.eps", "pk": 18, "fields": {"nombre": "Universidad del Atl\u00e1ntico"}}, {"model": "administracion.eps", "pk": 19, "fields": {"nombre": "Universidad Industrial de Santander"}}, {"model": "administracion.eps", "pk": 20, "fields": {"nombre": "Universidad del Valle"}}, {"model": "administracion.eps", "pk": 21, "fields": {"nombre": "Universidad Nacional de Colombia"}}, {"model": "administracion.eps", "pk": 22, "fields": {"nombre": "Universidad del Cauca"}}, {"model": "administracion.eps", "pk": 23, "fields": {"nombre": "Universidad de Antioquia"}}, {"model": "administracion.eps", "pk": 24, "fields": {"nombre": "Universidad de C\u00f3rdoba"}}, {"model": "administracion.eps", "pk": 25, "fields": {"nombre": "Universidad Pedag\u00f3gica y Tecnol\u00f3gica de Colombia - UPTC"}}, {"model": "administracion.eps", "pk": 26, "fields": {"nombre": "Cafesalud Entidad  Promotora de Salud S.A"}}, {"model": "administracion.eps", "pk": 27, "fields": {"nombre": "Entidad Administradora de R\u00e9gimen Subsidiado Convida"}}, {"model": "administracion.eps", "pk": 28, "fields": {"nombre": "Capresoca EPS"}}, {"model": "administracion.eps", "pk": 29, "fields": {"nombre": "Capital Salud EPSS S.A.S."}}, {"model": "administracion.eps", "pk": 30, "fields": {"nombre": "Asociaci\u00f3n de Cabildos Ind\u00edgenas del Cesar \u201cDusakawi\u201d"}}, {"model": "administracion.eps", "pk": 31, "fields": {"nombre": "Asociaci\u00f3n de Cabildos Ind\u00edgenas del Resguardo Ind\u00edgena Zen\u00fa"}}, {"model": "administracion.eps", "pk": 32, "fields": {"nombre": "Asociaci\u00f3n Ind\u00edgena del Cauca - A.I.C."}}, {"model": "administracion.eps", "pk": 33, "fields": {"nombre": "Entidad Promotora de Salud Anas Wayuu EPSI"}}, {"model": "administracion.eps", "pk": 34, "fields": {"nombre": "Entidad Promotora de Salud Mallamas EPSI"}}, {"model": "administracion.eps", "pk": 35, "fields": {"nombre": "Entidad Promotora de Salud Pijaosalud EPSI"}}, {"model": "administracion.eps", "pk": 36, "fields": {"nombre": "Empresa Mutual para el desarrollo integral de la salud E.S.S. Emdisalud ESS"}}, {"model": "administracion.eps", "pk": 37, "fields": {"nombre": "Asociaci\u00f3n Mutual Ser Empresa Solidar\u00eda de Salud ESS"}}, {"model": "administracion.eps", "pk": 38, "fields": {"nombre": "Asociaci\u00f3n Mutual Empresa Solidaria de Salud de Nari\u00f1o E.S.S. Emssanar E.S.S."}}, {"model": "administracion.eps", "pk": 39, "fields": {"nombre": "Cooperativa de Salud y Desarrollo Integral de la Zona Sur Oriental de Cartagena  b aLtda.  Coosalud "}}, {"model": "administracion.eps", "pk": 40, "fields": {"nombre": "Cooperativa de Salud Comunitaria \"Comparta\""}}, {"model": "administracion.eps", "pk": 41, "fields": {"nombre": "Asociaci\u00f3n Mutual La Esperanza Asmet Salud"}}, {"model": "administracion.eps", "pk": 42, "fields": {"nombre": "Asociaci\u00f3n Mutual Barrios Unidos de Quibd\u00f3 E.S.S. AMBUQ"}}, {"model": "administracion.eps", "pk": 43, "fields": {"nombre": "Entidad Cooperativa Solidaria de Salud Ecoopsos"}}, {"model": "administracion.eps", "pk": 44, "fields": {"nombre": "Caja de Compensaci\u00f3n Familiar de Antioqu\u00eda - Comfama - Hoy Savia Salud EPS"}}, {"model": "administracion.eps", "pk": 45, "fields": {"nombre": "Comfaboy EPS-CCF de Boyac\u00e1"}}, {"model": "administracion.eps", "pk": 46, "fields": {"nombre": "Comfacor EPS \u2013 CCF de C\u00f3rdoba"}}, {"model": "administracion.eps", "pk": 47, "fields": {"nombre": "Comfachoco \u2013 CCF del Choc\u00f3"}}, {"model": "administracion.eps", "pk": 48, "fields": {"nombre": "Caja de Compensaci\u00f3n Familiar de La Guajira"}}, {"model": "administracion.eps", "pk": 49, "fields": {"nombre": "Comfamiliar Huila EPS \u2013 CCF"}}, {"model": "administracion.eps", "pk": 50, "fields": {"nombre": "Comfamiliar de Nari\u00f1o EPS \u2013 CCF"}}, {"model": "administracion.eps", "pk": 51, "fields": {"nombre": "Comfasucre EPS-CCF de Sucre"}}, {"model": "administracion.eps", "pk": 52, "fields": {"nombre": "Comfacundi - CCF de Cundinamarca"}}, {"model": "administracion.eps", "pk": 53, "fields": {"nombre": "Cajacopi Atl\u00e1ntico \u00a0- CCF"}}, {"model": "administracion.eps", "pk": 54, "fields": {"nombre": "Protecci\u00f3n"}}, {"model": "administracion.eps", "pk": 55, "fields": {"nombre": "Porvenir"}}, {"model": "administracion.eps", "pk": 56, "fields": {"nombre": "Old Mutual Fondo de Pensiones Obligatorias"}}, {"model": "administracion.eps", "pk": 57, "fields": {"nombre": "Old Mutual Fondo Alternativo de Pensiones"}}, {"model": "administracion.eps", "pk": 58, "fields": {"nombre": "Colfondos"}}, {"model": "administracion.eps", "pk": 59, "fields": {"nombre": "Caja de Auxilios y de Prestaciones de ACDAC"}}, {"model": "administracion.eps", "pk": 60, "fields": {"nombre": "Fondo de Previsi\u00f3n Social del Congreso"}}, {"model": "administracion.eps", "pk": 61, "fields": {"nombre": "Pensiones de Antioquia"}}, {"model": "administracion.eps", "pk": 62, "fields": {"nombre": "Administradora Colombiana de Pensiones Colpensiones"}}, {"model": "administracion.eps", "pk": 63, "fields": {"nombre": "A.R.L. Seguros de Vida Colpatria S.A."}}, {"model": "administracion.eps", "pk": 64, "fields": {"nombre": "Compa\u00f1\u00eda de Seguros Bol\u00edvar S.A."}}, {"model": "administracion.eps", "pk": 65, "fields": {"nombre": "Seguros de Vida Aurora"}}, {"model": "administracion.eps", "pk": 66, "fields": {"nombre": "ARP Alfa"}}, {"model": "administracion.eps", "pk": 67, "fields": {"nombre": "Liberty Seguros de Vida S.A."}}, {"model": "administracion.eps", "pk": 68, "fields": {"nombre": "Positiva Compa\u00f1\u00eda de Seguros"}}, {"model": "administracion.eps", "pk": 69, "fields": {"nombre": "Colmena Riesgos Profesionales"}}, {"model": "administracion.eps", "pk": 70, "fields": {"nombre": "ARL Sura"}}, {"model": "administracion.eps", "pk": 71, "fields": {"nombre": "La Equidad Seguros de Vida"}}, {"model": "administracion.eps", "pk": 72, "fields": {"nombre": "Mapfre Colombia Vida Seguros S.A"}}, {"model": "administracion.eps", "pk": 73, "fields": {"nombre": "Camacol"}}, {"model": "administracion.eps", "pk": 74, "fields": {"nombre": "Comfenalco Antioquia CCF"}}, {"model": "administracion.eps", "pk": 75, "fields": {"nombre": "Caja de Compensaci\u00f3n Familiar de Antioquia"}}, {"model": "administracion.eps", "pk": 76, "fields": {"nombre": "Caja de Compensaci\u00f3n Familiar Cajacopi Atl\u00e1ntico"}}, {"model": "administracion.eps", "pk": 77, "fields": {"nombre": "Combarranquilla"}}, {"model": "administracion.eps", "pk": 78, "fields": {"nombre": "Comfamiliar Atl\u00e1ntico"}}, {"model": "administracion.eps", "pk": 79, "fields": {"nombre": "Comfenalco Cartagena"}}, {"model": "administracion.eps", "pk": 80, "fields": {"nombre": "Caja de Compensaci\u00f3n Familiar de Cartagena"}}, {"model": "administracion.eps", "pk": 81, "fields": {"nombre": "Comfaboy"}}, {"model": "administracion.eps", "pk": 82, "fields": {"nombre": "CCF de Caldas"}}, {"model": "administracion.eps", "pk": 83, "fields": {"nombre": "Comfaca"}}, {"model": "administracion.eps", "pk": 84, "fields": {"nombre": "Comfacauca"}}, {"model": "administracion.eps", "pk": 85, "fields": {"nombre": "Caja de Compensaci\u00f3n Familiar Cesar"}}, {"model": "administracion.eps", "pk": 86, "fields": {"nombre": "Comfacor"}}, {"model": "administracion.eps", "pk": 87, "fields": {"nombre": "Cafam"}}, {"model": "administracion.eps", "pk": 88, "fields": {"nombre": "Colsubsidio"}}, {"model": "administracion.eps", "pk": 89, "fields": {"nombre": "Caja de Compensaci\u00f3n Familiar Compensar"}}, {"model": "administracion.eps", "pk": 90, "fields": {"nombre": "Comfacundi"}}, {"model": "administracion.eps", "pk": 91, "fields": {"nombre": "CCF del Choc\u00f3"}}, {"model": "administracion.eps", "pk": 92, "fields": {"nombre": "Caja de Compensaci\u00f3n Familiar de La Guajira"}}, {"model": "administracion.eps", "pk": 93, "fields": {"nombre": "Comfamiliar del Huila"}}, {"model": "administracion.eps", "pk": 94, "fields": {"nombre": "CCF del Magdalena"}}, {"model": "administracion.eps", "pk": 95, "fields": {"nombre": "Cofrem Meta"}}, {"model": "administracion.eps", "pk": 96, "fields": {"nombre": "CCF de Nari\u00f1o"}}, {"model": "administracion.eps", "pk": 97, "fields": {"nombre": "Caja de Compensaci\u00f3n Familiar del Oriente"}}, {"model": "administracion.eps", "pk": 98, "fields": {"nombre": "Caja de Comp. Familiar Comfanorte "}}, {"model": "administracion.eps", "pk": 99, "fields": {"nombre": "Caja de Comp. Familiar de Barrancabermeja Cafaba "}}, {"model": "administracion.eps", "pk": 100, "fields": {"nombre": "Cajasan "}}, {"model": "administracion.eps", "pk": 101, "fields": {"nombre": "Comfenalco Santander"}}, {"model": "administracion.eps", "pk": 102, "fields": {"nombre": "Caja de Compensaci\u00f3n Familiar del Sucre"}}, {"model": "administracion.eps", "pk": 103, "fields": {"nombre": "Comfenalco Quind\u00edo"}}, {"model": "administracion.eps", "pk": 104, "fields": {"nombre": "Comfamiliar Risaralda"}}, {"model": "administracion.eps", "pk": 105, "fields": {"nombre": "CCF del Sur del Tolima Cafasur "}}, {"model": "administracion.eps", "pk": 106, "fields": {"nombre": "Comfatolima "}}, {"model": "administracion.eps", "pk": 107, "fields": {"nombre": "Comfenalco \u2013Tolima"}}, {"model": "administracion.eps", "pk": 108, "fields": {"nombre": "Comfenalco Valle"}}, {"model": "administracion.eps", "pk": 109, "fields": {"nombre": "Comfandi "}}, {"model": "administracion.eps", "pk": 110, "fields": {"nombre": "Caja de Compensaci\u00f3n Familiar del Putumayo"}}, {"model": "administracion.eps", "pk": 111, "fields": {"nombre": "Cajasai "}}, {"model": "administracion.eps", "pk": 112, "fields": {"nombre": "Caja de Comp Familiar del Amazonas Cafamaz"}}, {"model": "administracion.eps", "pk": 113, "fields": {"nombre": "Comfiar Caja de Compensacion Familiar de Arauca"}}, {"model": "administracion.eps", "pk": 114, "fields": {"nombre": "Comcaja"}}, {"model": "administracion.eps", "pk": 115, "fields": {"nombre": "Comfacasanare"}}, {"model": "administracion.eps", "pk": 116, "fields": {"nombre": "Escuela Superior de Administraci\u00f3n Publica"}}, {"model": "administracion.eps", "pk": 117, "fields": {"nombre": "Instituto Colombiano de Bienestar Familiar"}}, {"model": "administracion.eps", "pk": 118, "fields": {"nombre": "Ministerio de Educaci\u00f3n Nacional"}}, {"model": "administracion.eps", "pk": 119, "fields": {"nombre": "Servicio Nacional de Aprendizaje Sena"}}, {"model": "administracion.eps", "pk": 120, "fields": {"nombre": "Otra"}}, {"model": "administracion.escalanota", "pk": 1, "fields": {"nombre": "Adultos", "nota_minima": 0.0, "nota_maxima": 5.0, "nota_aprobatoria": 3.0, "numero_decimales": 2}}, {"model": "administracion.escalanota", "pk": 2, "fields": {"nombre": "Ni\u00f1os", "nota_minima": 0.0, "nota_maxima": 500.0, "nota_aprobatoria": 350.0, "numero_decimales": 2}}, {"model": "administracion.periodicidad", "pk": 1, "fields": {"nombre": "Semestral", "meses": 4}}, {"model": "administracion.periodicidad", "pk": 2, "fields": {"nombre": "Trimestral", "meses": 3}}, {"model": "administracion.periodicidad", "pk": 3, "fields": {"nombre": "Bimestral", "meses": 2}}, {"model": "administracion.periodicidad", "pk": 4, "fields": {"nombre": "Mensual", "meses": 1}}, {"model": "administracion.periodicidad", "pk": 5, "fields": {"nombre": "Anual", "meses": 8}}, {"model": "administracion.periodo", "pk": "8dfd3c2d-ebce-4cc6-b1c4-c79a98a21a0b", "fields": {"abierto": true, "periodo_anterior": null, "periodicidad": 1, "anio": 2019, "secuencia": 2, "alias": "2019SEM2", "activo": true, "inicio": 0, "fin": 4}}, {"model": "administracion.periodo", "pk": "a1806baf-5740-4ed1-9300-cdcbb5d6e1b9", "fields": {"abierto": true, "periodo_anterior": "8dfd3c2d-ebce-4cc6-b1c4-c79a98a21a0b", "periodicidad": 3, "anio": 2019, "secuencia": 3, "alias": "2019BIM3", "activo": true, "inicio": 4, "fin": 6}}, {"model": "administracion.programaacademico", "pk": "4c042baf-8716-4b6f-95d2-380039d6078d", "fields": {"nombre": "T\u00e9cnicas de Traducci\u00f3n", "idioma": "3aef0cee-bf40-490f-b865-a9e24a82ff2a", "escala_nota": 1, "edad_minima": 17, "edad_maxima": 100, "activo": true, "nivel": ["11672be3-07b9-483e-9032-2608ab172145", "b8b27371-4c18-4749-ba82-6c939f592a58", "ba10270a-53b5-460e-a6ad-ccbfacab63ad", "de9ea448-ebfa-401c-b32a-fbd088f5487a"]}}, {"model": "administracion.programaacademico", "pk": "585a5fb6-8bb1-4e0c-b2e5-f059462ffea6", "fields": {"nombre": "Franc\u00e9s Adultos", "idioma": "3a4bb536-7ed7-4d95-a9d3-64d88c909646", "escala_nota": 1, "edad_minima": 17, "edad_maxima": 200, "activo": true, "nivel": ["49d83c7e-ea44-4530-80aa-0a83f071e5bb", "693d70de-2cea-4297-bd64-480f69660ddb", "71998bdf-d2e6-4909-a1bb-d16473200f85", "75b19b42-9976-4e2d-85b9-1d6f5aa0b145", "89884cd0-8563-4c89-b172-c2742149f3d3", "8a7b59fb-3029-4b4c-806b-edba01d59d26", "a67f384b-dea2-43be-950e-f16a99c650e8", "bcc5bcf1-02d7-43df-b263-c544e3b683c8", "c538fe6f-488e-4935-82db-431a728dc188", "f9bdb279-7ef8-462f-84ef-1f1017ee5dbc"]}}, {"model": "administracion.programaacademico", "pk": "6e8fe777-4840-4af3-add4-8e445562f6c0", "fields": {"nombre": "Ingl\u00e9s Ni\u00f1os", "idioma": "2e389ba4-5ae9-4253-ac61-517963f04cd4", "escala_nota": 2, "edad_minima": 7, "edad_maxima": 100, "activo": true, "nivel": ["2aa63aa1-5707-4f79-982a-eec9861435cb", "443df6e7-aef2-4250-813b-73c35d21e5ed", "e2ef56b0-2fd4-4110-a5b4-1dac954c92a7", "ba3bf48f-39fa-4758-8cdb-d965153bbe75", "07f3c714-7adb-4db0-bd43-3720621e8442", "914406f3-eaa8-4cbc-a6eb-4c91507ba321", "fceba973-18da-44a9-b0cd-062940be7921", "9161f9e6-c81c-483a-bb9d-4cc271fc1cb6", "081eae8e-2ac2-4d50-a31d-c5dbbdacb42a", "7db0d409-7d45-468a-b9d0-db27ed56293d", "7b2a0f66-44fb-41d2-8494-8f8fa45ccc7f", "1eac616b-9b1c-4c69-a7de-c0470788d561", "cc49b59a-8774-469b-93d7-4f7a8419e848", "d021d3d6-a311-4aec-99c9-65bf52cea2e6"]}}, {"model": "administracion.programaacademico", "pk": "89a8c1a1-6474-47da-9b35-91b33f8d4e13", "fields": {"nombre": "Portugu\u00e9s Adultos", "idioma": "4205e1de-8352-48ca-9e67-a7e43bb47a06", "escala_nota": 1, "edad_minima": 17, "edad_maxima": 200, "activo": true, "nivel": ["01e92f9f-c4d7-4bf7-b702-1dd4375e8ba4", "2247aab2-5c3c-4cea-a529-f4e3dac3e5fe", "5ecfd142-3858-4e7d-8eb4-e5574503331a", "615f2d6d-5bd5-4a19-9777-ec74a2a84918", "c0f25aa6-7213-41d1-8322-53bff0c957e2", "f6a78744-879c-4bb0-80ce-3bfc109f651e"]}}, {"model": "administracion.programaacademico", "pk": "96d0607e-e361-43f6-867c-d49120c68044", "fields": {"nombre": "Franc\u00e9s Ni\u00f1os", "idioma": "a6247d61-60c2-4afe-8d46-3e8e84358aff", "escala_nota": 2, "edad_minima": 7, "edad_maxima": 7, "activo": true, "nivel": ["0275e599-ef87-4a9a-9316-d0fe9cc8bf59", "1521b703-3bce-4b70-8b41-9f2823e62422", "183c0d3f-ea9a-4eb4-b348-e6bb8f4e3d8f", "6e0b7bd4-5206-414b-b143-f22c9a418da6", "71665c3c-0c22-4553-b4cf-3c346995d166", "743b45a4-d949-4d0d-9ae5-d003a9e84780", "a288bbe0-680c-4d35-a0c7-80b7ff600f75", "a691ad1f-e767-4144-8839-bcd94d66d271", "aa72cf58-c58f-41d8-a7bc-46863bae8db2", "e73d9bf2-3a70-4006-b2c4-f33d15a20917"]}}, {"model": "administracion.programaacademico", "pk": "ad12d85e-cf99-4a6d-a61d-b3484b831093", "fields": {"nombre": "Chino Mandar\u00edn", "idioma": "d61b59f9-7651-4efa-b837-bbfe92c6066d", "escala_nota": 1, "edad_minima": 15, "edad_maxima": 200, "activo": true, "nivel": ["19fc6000-e431-4178-a08b-ba699acb9484", "20007efe-e728-46fc-8488-2193e20e3a7e", "22781d90-e632-4eeb-9908-d970890c9cdf", "76cc5914-bc2b-4f66-92d4-a8e5a44452e6", "c16c302a-94c0-4c9a-a029-dfec4f484647"]}}, {"model": "administracion.programaacademico", "pk": "bf99c2aa-c7b5-46d2-96c8-71ae0c7670e0", "fields": {"nombre": "Ingl\u00e9s Adultos", "idioma": "139c30f9-87dd-48f5-b9c0-76f5d6822b94", "escala_nota": 1, "edad_minima": 17, "edad_maxima": 200, "activo": true, "nivel": ["01549780-03d2-42c1-b09d-785f6791ccbe", "320257e6-a0dc-4d74-b905-6d7304db9f92", "4d371fed-a654-41e1-b5e8-cdf2fc808862", "557e9a7e-dda1-49e0-8102-ac63732565ef", "7aeb9b6f-e129-4deb-8913-517ec1dd96a3", "82c3cbd5-7075-4888-aa07-5a9a1cf2c061", "87c0648a-555e-4c67-90fa-4c32262d86a8", "8bf9fbf1-f76a-49fc-be67-3ce0b2444a1c", "b3110d81-3cf1-4824-b9d7-bfc22ba24c64", "ccc17afc-b247-4cfd-b434-9352ccefe2a9", "d0c956a1-cec6-4c0e-a09f-b9142a3e7d57", "daf1b7a3-beec-4f68-9dfe-a1bcb70716fa"]}}, {"model": "administracion.programaacademico", "pk": "cae76666-ba26-479e-a422-3fa1dacd8fa2", "fields": {"nombre": "Espa\u00f1ol Como Lengua Extranjera", "idioma": "3be6fe09-985a-4da0-a5a5-ab0d634f99fb", "escala_nota": 1, "edad_minima": 17, "edad_maxima": 200, "activo": true, "nivel": ["000c2841-649e-4238-a5b7-5fdd95de8964", "7100261d-e447-4215-adf4-bc3f7014e675", "8901a96c-ba48-4d22-a042-24b61dfa88e0", "ce115817-b623-49b7-bb63-3fb96e1d1e23", "df340cbe-bee4-4a4b-8500-57021e3244c4"]}}, {"model": "administracion.programaacademico", "pk": "f22dd780-63f0-4c14-a456-d6790a4dc001", "fields": {"nombre": "Italiano Adultos", "idioma": "427d73a5-b5a3-4698-84b0-90adc848dbed", "escala_nota": 1, "edad_minima": 17, "edad_maxima": 200, "activo": true, "nivel": ["321241d0-2295-4730-8455-ffe1ecffef4a", "6b2dbbd9-9f1a-44e7-b21b-29ef93ee11e4", "803e33ff-027d-4dfe-86be-2dd73713847e", "ae8ccc24-9c2d-46b3-b222-84ed23f737b6", "fbcb0dd5-d89f-4d9f-8215-282a2f1c4052"]}}, {"model": "administracion.programaacademico", "pk": "f6107528-f68e-40ac-b426-13da7e580269", "fields": {"nombre": "Alem\u00e1n Adultos", "idioma": "d8a4d3f1-3a83-43c1-804e-277dd11924fb", "escala_nota": 1, "edad_minima": 17, "edad_maxima": 200, "activo": true, "nivel": ["144e8fa7-4a53-4061-8c97-16dc70e6e553", "2452fb02-86dd-424a-b6d6-82ee6107621e", "3280d2c4-149b-40bf-ac59-a66d1903d34d", "38c2a5cf-f9eb-4575-b0b2-c0b6b29a3a76", "56ce6bab-be82-4aa7-97cc-8677684ac166", "60a0f0dc-72f1-4fee-9e8e-dfa972fcdc40", "80b58c91-3298-431f-8c3d-dbd6e83863c8", "95c36adb-4936-4898-8e68-536147e29ff7", "c82f55c1-7e95-41cb-9916-f60e103ce79a", "d9d3acaf-42af-41f8-844d-4f24a2860827", "f7258243-5711-4633-aca5-9742764bd6dc"]}}, {"model": "administracion.franja", "pk": 1, "fields": {"nombre": "Lunes-15:00-17:00", "dia": 1, "hora_inicio": "15:00:00", "hora_final": "17:00:00"}}, {"model": "administracion.franja", "pk": 2, "fields": {"nombre": "Lunes-17:00-19:00", "dia": 1, "hora_inicio": "17:00:00", "hora_final": "19:00:00"}}, {"model": "administracion.franja", "pk": 3, "fields": {"nombre": "Lunes-19:00-21:00", "dia": 1, "hora_inicio": "19:00:00", "hora_final": "21:00:00"}}, {"model": "administracion.franja", "pk": 4, "fields": {"nombre": "Lunes-18:00-20:00", "dia": 1, "hora_inicio": "18:00:00", "hora_final": "20:00:00"}}, {"model": "administracion.franja", "pk": 5, "fields": {"nombre": "Martes-15:00-17:00", "dia": 2, "hora_inicio": "15:00:00", "hora_final": "17:00:00"}}, {"model": "administracion.franja", "pk": 6, "fields": {"nombre": "Martes-17:00-19:00", "dia": 2, "hora_inicio": "17:00:00", "hora_final": "19:00:00"}}, {"model": "administracion.franja", "pk": 7, "fields": {"nombre": "Martes-19:00-21:00", "dia": 2, "hora_inicio": "19:00:00", "hora_final": "21:00:00"}}, {"model": "administracion.franja", "pk": 8, "fields": {"nombre": "Martes-18:00-20:00", "dia": 2, "hora_inicio": "18:00:00", "hora_final": "20:00:00"}}, {"model": "administracion.franja", "pk": 9, "fields": {"nombre": "Miercoles-15:00-17:00", "dia": 3, "hora_inicio": "15:00:00", "hora_final": "17:00:00"}}, {"model": "administracion.franja", "pk": 10, "fields": {"nombre": "Miercoles-17:00-19:00", "dia": 3, "hora_inicio": "17:00:00", "hora_final": "19:00:00"}}, {"model": "administracion.franja", "pk": 11, "fields": {"nombre": "Miercoles-19:00-21:00", "dia": 3, "hora_inicio": "19:00:00", "hora_final": "21:00:00"}}, {"model": "administracion.franja", "pk": 12, "fields": {"nombre": "Miercoles-18:00-20:00", "dia": 3, "hora_inicio": "18:00:00", "hora_final": "20:00:00"}}, {"model": "administracion.franja", "pk": 13, "fields": {"nombre": "Jueves-15:00-17:00", "dia": 4, "hora_inicio": "15:00:00", "hora_final": "17:00:00"}}, {"model": "administracion.franja", "pk": 14, "fields": {"nombre": "Jueves-17:00-19:00", "dia": 4, "hora_inicio": "17:00:00", "hora_final": "19:00:00"}}, {"model": "administracion.franja", "pk": 15, "fields": {"nombre": "Jueves-19:00-21:00", "dia": 4, "hora_inicio": "19:00:00", "hora_final": "21:00:00"}}, {"model": "administracion.franja", "pk": 16, "fields": {"nombre": "Jueves-18:00-20:00", "dia": 4, "hora_inicio": "18:00:00", "hora_final": "20:00:00"}}, {"model": "administracion.franja", "pk": 17, "fields": {"nombre": "Sabado-09:00-13:00", "dia": 6, "hora_inicio": "09:00:00", "hora_final": "13:00:00"}}, {"model": "administracion.franja", "pk": 18, "fields": {"nombre": "Sabado-14:00-18:00", "dia": 6, "hora_inicio": "14:00:00", "hora_final": "18:00:00"}}, {"model": "administracion.horario", "pk": 1, "fields": {"alias": "Horario 1", "nombre": "15:00-17:00:LU,MA,MC,JU", "franja": [1, 5, 9, 13]}}, {"model": "administracion.horario", "pk": 2, "fields": {"alias": "Horario 2", "nombre": "17:00-19:00:LU,MA,MC,JU", "franja": [2, 6, 10, 14]}}, {"model": "administracion.horario", "pk": 3, "fields": {"alias": "Horario 3", "nombre": "19:00-21:00:LU,MA,MC,JU", "franja": [3, 7, 11, 15]}}, {"model": "administracion.horario", "pk": 4, "fields": {"alias": "Horario 4", "nombre": "18:00-20:00:LU,MA,MC,JU", "franja": [4, 8, 12, 16]}}, {"model": "administracion.horario", "pk": 11, "fields": {"alias": "Semestral Ma\u00f1ana", "nombre": "09:00-13:00:SA", "franja": [17]}}, {"model": "administracion.horario", "pk": 12, "fields": {"alias": "Semestral Tarde", "nombre": "14:00-18:00:SA", "franja": [18]}}, {"model": "administracion.descuento", "pk": 1, "fields": {"nombre": "Estudiante pregrado UNAL", "descripcion": "Estudiante pregrado Universidad Nacional de Colombia", "porcentaje": 50.0, "documentos_requeridos": [2]}}, {"model": "administracion.descuento", "pk": 2, "fields": {"nombre": "Estudiante de posgrado UNAL", "descripcion": "Estudiante de posgrado de la Universidad Nacional de Colombia", "porcentaje": 20.0, "documentos_requeridos": [2]}}, {"model": "administracion.descuento", "pk": 3, "fields": {"nombre": "Egresado de la Universidad Nacional de Colombia", "descripcion": "Egresado de la Universidad Nacional de Colombia", "porcentaje": 20.0, "documentos_requeridos": [9]}}, {"model": "administracion.descuento", "pk": 4, "fields": {"nombre": "Profesor de la UNAL", "descripcion": "Profesor de la Universidad Nacional de Colombia", "porcentaje": 20.0, "documentos_requeridos": [10]}}, {"model": "administracion.descuento", "pk": 5, "fields": {"nombre": "Hijo(a) de pensionado(a) UNAL", "descripcion": "Hijo(a) de pensionado(a) Universidad Nacional de Colombia", "porcentaje": 10.0, "documentos_requeridos": [11, 19]}}, {"model": "administracion.descuento", "pk": 6, "fields": {"nombre": "Hijo(a) de profesor(a) UNAL", "descripcion": "Hijo(a) de profesor(a) de la Universidad Nacional de Colombia", "porcentaje": 10.0, "documentos_requeridos": [10, 19]}}, {"model": "administracion.descuento", "pk": 8, "fields": {"nombre": "Hijo(a) de funcionario(a) UNAL", "descripcion": "Hijo(a) de funcionario(a) de la Universidad Nacional de Colombia", "porcentaje": 10.0, "documentos_requeridos": [10, 19]}}, {"model": "administracion.descuento", "pk": 9, "fields": {"nombre": "Hijo(a) de contratista UNAL", "descripcion": "Hijo(a) de contratista de la Universidad Nacional de Colombia", "porcentaje": 10.0, "documentos_requeridos": [10, 19]}}, {"model": "administracion.descuento", "pk": 10, "fields": {"nombre": "Hijo(a) de estudiante UNAL", "descripcion": "Hijo(a) de estudiante de la Universidad Nacional de Colombia", "porcentaje": 10.0, "documentos_requeridos": [2, 19]}}, {"model": "administracion.descuento", "pk": 11, "fields": {"nombre": "Grupos de 4 o mas personas", "descripcion": "Grupos de 4 o mas personas de una misma empresa a trav\u00e9s de un mismo comprobante de pago", "porcentaje": 10.0, "documentos_requeridos": [13]}}, {"model": "administracion.descuento", "pk": 13, "fields": {"nombre": "Personas que se inscriban en el marco de alianzas", "descripcion": "Personas que se inscriban en el marco de alianzas para el desarrollo de la actividad", "porcentaje": 20.0, "documentos_requeridos": [15]}}, {"model": "administracion.descuento", "pk": 14, "fields": {"nombre": "Adultos mayores", "descripcion": "Personas con 60 o m\u00e1s a\u00f1os de edad cumplidos.", "porcentaje": 10.0, "documentos_requeridos": [20]}}, {"model": "administracion.descuento", "pk": 15, "fields": {"nombre": "Ni\u00f1os y adolescentes", "descripcion": "Personas que no hayan cumplido los 17 a\u00f1os de edad.", "porcentaje": 10.0, "documentos_requeridos": [20]}}, {"model": "administracion.descuento", "pk": 16, "fields": {"nombre": "Personas nivel 1 y 2 de l SISBEN", "descripcion": "Personas nivel 1 y 2 de l SISBEN con puntaje menor a 50.", "porcentaje": 10.0, "documentos_requeridos": [8]}}, {"model": "administracion.descuento", "pk": 17, "fields": {"nombre": "Poblaci\u00f3n en situaci\u00f3n de discapacidad", "descripcion": "Poblaci\u00f3n en situaci\u00f3n de discapacidad", "porcentaje": 10.0, "documentos_requeridos": [16]}}, {"model": "administracion.descuento", "pk": 18, "fields": {"nombre": "Poblaci\u00f3n desplazada", "descripcion": "Poblaci\u00f3n desplazada", "porcentaje": 10.0, "documentos_requeridos": [17]}}, {"model": "administracion.descuento", "pk": 19, "fields": {"nombre": "Estudiantes de otras universidades", "descripcion": "Estudiantes no graduados y que no hayan culminado su plan de estudio en otra universidad diferente a la Universidad Nacional de Colombia.", "porcentaje": 10.0, "documentos_requeridos": [18]}}, {"model": "administracion.descuento", "pk": 20, "fields": {"nombre": "Extranjeros de paises de frontera", "descripcion": "Extranjeros de paises de frontera de la sede de presencia nacional", "porcentaje": 20.0, "documentos_requeridos": [20]}}, {"model": "administracion.descuento", "pk": 21, "fields": {"nombre": "Estudiantes del Colegio IPARM", "descripcion": "Estudiantes del Colegio IPARM", "porcentaje": 50.0, "documentos_requeridos": [2]}}, {"model": "administracion.descuento", "pk": 23, "fields": {"nombre": "Funcionario de la UNAL", "descripcion": "Funcionario de la Universidad Nacionla de Colombia", "porcentaje": 20.0, "documentos_requeridos": [10]}}, {"model": "administracion.descuento", "pk": 24, "fields": {"nombre": "Contratista de la UNAL", "descripcion": "Contratista de la Universidad Nacional de Colombia", "porcentaje": 20.0, "documentos_requeridos": [10]}}, {"model": "administracion.conjuntonotas", "pk": 1, "fields": {"nombre": "Adultos"}}, {"model": "administracion.conjuntonotas", "pk": 2, "fields": {"nombre": "Ni\u00f1os Ingl\u00e9s"}}, {"model": "administracion.conjuntonotas", "pk": 3, "fields": {"nombre": "Preparacionales"}}, {"model": "administracion.conjuntonotas", "pk": 4, "fields": {"nombre": "Ni\u00f1os franc\u00e9s"}}, {"model": "administracion.ofertaacademica", "pk": "01611988-0fa3-422a-acc7-7112a18837af", "fields": {"nombre": "2019SEM2-Chino Mandar\u00edn", "periodo": "8dfd3c2d-ebce-4cc6-b1c4-c79a98a21a0b", "programa": "ad12d85e-cf99-4a6d-a61d-b3484b831093", "tarifa": 611000.0, "descuentos": [1, 2, 3, 4, 5, 6, 8, 9, 10, 11, 13, 14, 15, 16, 17, 18, 19, 20, 21, 23, 24]}}, {"model": "administracion.ofertaacademica", "pk": "157c3968-bd71-4ab6-a2d3-f0c7caf739a0", "fields": {"nombre": "2019BIM3-Espa\u00f1ol Como Lengua Extranjera", "periodo": "a1806baf-5740-4ed1-9300-cdcbb5d6e1b9", "programa": "cae76666-ba26-479e-a422-3fa1dacd8fa2", "tarifa": 611000.0, "descuentos": []}}, {"model": "administracion.ofertaacademica", "pk": "1c18899c-f117-4a6e-8ff5-ec04535450fb", "fields": {"nombre": "2019SEM2-Portugu\u00e9s Adultos", "periodo": "8dfd3c2d-ebce-4cc6-b1c4-c79a98a21a0b", "programa": "89a8c1a1-6474-47da-9b35-91b33f8d4e13", "tarifa": 611000.0, "descuentos": [1, 2, 3, 4, 5, 6, 8, 9, 10, 11, 13, 14, 15, 16, 17, 18, 19, 20, 21, 23, 24]}}, {"model": "administracion.ofertaacademica", "pk": "1c428b48-57ba-457a-b2c6-02c13129095b", "fields": {"nombre": "2019BIM3-Portugu\u00e9s Adultos", "periodo": "a1806baf-5740-4ed1-9300-cdcbb5d6e1b9", "programa": "89a8c1a1-6474-47da-9b35-91b33f8d4e13", "tarifa": 611000.0, "descuentos": [1, 2, 3, 4, 5, 6, 8, 9, 10, 11, 13, 14, 15, 16, 17, 18, 19, 20, 21, 23, 24]}}, {"model": "administracion.ofertaacademica", "pk": "1c4975eb-9093-4203-9ba1-2239129204dd", "fields": {"nombre": "2019SEM2-Franc\u00e9s Adultos", "periodo": "8dfd3c2d-ebce-4cc6-b1c4-c79a98a21a0b", "programa": "585a5fb6-8bb1-4e0c-b2e5-f059462ffea6", "tarifa": 611000.0, "descuentos": [1, 2, 3, 4, 5, 6, 8, 9, 10, 11, 13, 14, 15, 16, 17, 18, 19, 20, 21, 23, 24]}}, {"model": "administracion.ofertaacademica", "pk": "28ed6e15-fb0b-48e4-b88c-9596d5faee4f", "fields": {"nombre": "2019SEM2-Alem\u00e1n Adultos", "periodo": "8dfd3c2d-ebce-4cc6-b1c4-c79a98a21a0b", "programa": "f6107528-f68e-40ac-b426-13da7e580269", "tarifa": 611000.0, "descuentos": [1, 2, 3, 4, 5, 6, 8, 9, 10, 11, 13, 14, 15, 16, 17, 18, 19, 20, 21, 23, 24]}}, {"model": "administracion.ofertaacademica", "pk": "398c130c-7803-45eb-80af-3fc2e9da981d", "fields": {"nombre": "2019BIM3-Alem\u00e1n Adultos", "periodo": "a1806baf-5740-4ed1-9300-cdcbb5d6e1b9", "programa": "f6107528-f68e-40ac-b426-13da7e580269", "tarifa": 611000.0, "descuentos": [1, 2, 3, 4, 5, 6, 8, 9, 10, 11, 13, 14, 15, 16, 17, 18, 19, 20, 21, 23, 24]}}, {"model": "administracion.ofertaacademica", "pk": "43aa357e-f855-4ccd-ac42-062d8c53889d", "fields": {"nombre": "2019SEM2-Ingl\u00e9s Ni\u00f1os", "periodo": "8dfd3c2d-ebce-4cc6-b1c4-c79a98a21a0b", "programa": "6e8fe777-4840-4af3-add4-8e445562f6c0", "tarifa": 611000.0, "descuentos": [15, 21]}}, {"model": "administracion.ofertaacademica", "pk": "49069dd1-4fd0-4e17-967c-8722107679e5", "fields": {"nombre": "2019BIM3-T\u00e9cnicas de Traducci\u00f3n", "periodo": "a1806baf-5740-4ed1-9300-cdcbb5d6e1b9", "programa": "4c042baf-8716-4b6f-95d2-380039d6078d", "tarifa": 611000.0, "descuentos": [1, 2, 3, 4, 5, 6, 8, 9, 10, 11, 13, 14, 15, 16, 17, 18, 19, 20, 21, 23, 24]}}, {"model": "administracion.ofertaacademica", "pk": "4e8d1cf9-b3d9-44fc-8ac1-8066e15f06e9", "fields": {"nombre": "2019BIM3-Franc\u00e9s Adultos", "periodo": "a1806baf-5740-4ed1-9300-cdcbb5d6e1b9", "programa": "585a5fb6-8bb1-4e0c-b2e5-f059462ffea6", "tarifa": 611000.0, "descuentos": [1, 2, 3, 4, 5, 6, 8, 9, 10, 11, 13, 14, 15, 16, 17, 18, 19, 20, 21, 23, 24]}}, {"model": "administracion.ofertaacademica", "pk": "4ff8afed-2242-4ee7-bce5-ca5462d8e90f", "fields": {"nombre": "2019SEM2-Ingl\u00e9s Adultos", "periodo": "8dfd3c2d-ebce-4cc6-b1c4-c79a98a21a0b", "programa": "bf99c2aa-c7b5-46d2-96c8-71ae0c7670e0", "tarifa": 611000.0, "descuentos": [1, 2, 3, 4, 5, 6, 8, 9, 10, 11, 13, 14, 15, 16, 17, 18, 19, 20, 21, 23, 24]}}, {"model": "administracion.ofertaacademica", "pk": "7d59823a-921f-4d08-8807-136d38e33f39", "fields": {"nombre": "2019SEM2-Franc\u00e9s Ni\u00f1os", "periodo": "8dfd3c2d-ebce-4cc6-b1c4-c79a98a21a0b", "programa": "96d0607e-e361-43f6-867c-d49120c68044", "tarifa": 611000.0, "descuentos": [15, 21]}}, {"model": "administracion.ofertaacademica", "pk": "d94f35e3-4c29-4aac-b20a-7c3f892fe50d", "fields": {"nombre": "2019SEM2-Italiano Adultos", "periodo": "8dfd3c2d-ebce-4cc6-b1c4-c79a98a21a0b", "programa": "f22dd780-63f0-4c14-a456-d6790a4dc001", "tarifa": 611000.0, "descuentos": [1, 2, 3, 4, 5, 6, 8, 9, 10, 11, 13, 14, 15, 16, 17, 18, 19, 20, 21, 23, 24]}}, {"model": "administracion.ofertaacademica", "pk": "df19386f-75c6-4e07-8034-2be648d8b502", "fields": {"nombre": "2019BIM3-Ingl\u00e9s Adultos", "periodo": "a1806baf-5740-4ed1-9300-cdcbb5d6e1b9", "programa": "bf99c2aa-c7b5-46d2-96c8-71ae0c7670e0", "tarifa": 611000.0, "descuentos": [1, 2, 3, 4, 5, 6, 8, 9, 10, 11, 13, 14, 15, 16, 17, 18, 19, 20, 21, 23, 24]}}, {"model": "administracion.curso", "pk": "014bc36f-2223-4863-a3e7-bfe506312db8", "fields": {"nombre": "2019BIM3-Ingl\u00e9s Adultos-Ingl\u00e9s 2B", "oferta_academica": "df19386f-75c6-4e07-8034-2be648d8b502", "nivel": "ccc17afc-b247-4cfd-b434-9352ccefe2a9", "conjunto_notas": 1}}, {"model": "administracion.curso", "pk": "0356f3d1-c869-4f1e-9b41-aa7ba50932a5", "fields": {"nombre": "2019SEM2-Franc\u00e9s Adultos-Nivel 6", "oferta_academica": "1c4975eb-9093-4203-9ba1-2239129204dd", "nivel": "bcc5bcf1-02d7-43df-b263-c544e3b683c8", "conjunto_notas": 1}}, {"model": "administracion.curso", "pk": "0792ee86-6dbe-40b8-967b-d9c8c6e1db99", "fields": {"nombre": "2019SEM2-Alem\u00e1n Adultos-Nivel 3", "oferta_academica": "28ed6e15-fb0b-48e4-b88c-9596d5faee4f", "nivel": "3280d2c4-149b-40bf-ac59-a66d1903d34d", "conjunto_notas": 1}}, {"model": "administracion.curso", "pk": "08816823-8d03-46b9-bfaa-f26414f28a75", "fields": {"nombre": "2019BIM3-Franc\u00e9s Adultos-Nivel 1", "oferta_academica": "4e8d1cf9-b3d9-44fc-8ac1-8066e15f06e9", "nivel": "49d83c7e-ea44-4530-80aa-0a83f071e5bb", "conjunto_notas": 1}}, {"model": "administracion.curso", "pk": "0968d120-79e2-4fd5-a74f-16f9d33b59b8", "fields": {"nombre": "2019BIM3-Ingl\u00e9s Adultos-Ingl\u00e9s 3A", "oferta_academica": "df19386f-75c6-4e07-8034-2be648d8b502", "nivel": "557e9a7e-dda1-49e0-8102-ac63732565ef", "conjunto_notas": 1}}, {"model": "administracion.curso", "pk": "0cb342e2-88f1-4008-b076-0684ac5c2e9f", "fields": {"nombre": "2019BIM3-Alem\u00e1n Adultos-Nivel 5", "oferta_academica": "398c130c-7803-45eb-80af-3fc2e9da981d", "nivel": "144e8fa7-4a53-4061-8c97-16dc70e6e553", "conjunto_notas": 1}}, {"model": "administracion.curso", "pk": "0cb63691-e098-41a4-b5a7-41147c10796a", "fields": {"nombre": "2019SEM2-Alem\u00e1n Adultos-Nivel 2", "oferta_academica": "28ed6e15-fb0b-48e4-b88c-9596d5faee4f", "nivel": "d9d3acaf-42af-41f8-844d-4f24a2860827", "conjunto_notas": 1}}, {"model": "administracion.curso", "pk": "0cbe3c00-f8fd-4825-b921-5c51362b4f8c", "fields": {"nombre": "2019SEM2-Ingl\u00e9s Adultos-Ingl\u00e9s 2A", "oferta_academica": "4ff8afed-2242-4ee7-bce5-ca5462d8e90f", "nivel": "7aeb9b6f-e129-4deb-8913-517ec1dd96a3", "conjunto_notas": 1}}, {"model": "administracion.curso", "pk": "0fcc6825-cdf1-4e6a-9cd4-22c4bf833cb8", "fields": {"nombre": "2019BIM3-T\u00e9cnicas de Traducci\u00f3n-Nivel Introductorio", "oferta_academica": "49069dd1-4fd0-4e17-967c-8722107679e5", "nivel": "ba10270a-53b5-460e-a6ad-ccbfacab63ad", "conjunto_notas": 3}}, {"model": "administracion.curso", "pk": "15160165-3e44-4457-8086-fb8f4ec24c82", "fields": {"nombre": "2019BIM3-Ingl\u00e9s Adultos-Ingl\u00e9s 4C", "oferta_academica": "df19386f-75c6-4e07-8034-2be648d8b502", "nivel": "8bf9fbf1-f76a-49fc-be67-3ce0b2444a1c", "conjunto_notas": 1}}, {"model": "administracion.curso", "pk": "16c8b1f0-3407-4a15-bcaa-43a72f7aa5cc", "fields": {"nombre": "2019BIM3-Alem\u00e1n Adultos-Nivel 3", "oferta_academica": "398c130c-7803-45eb-80af-3fc2e9da981d", "nivel": "3280d2c4-149b-40bf-ac59-a66d1903d34d", "conjunto_notas": 1}}, {"model": "administracion.curso", "pk": "17b8a340-abfa-40ac-b8c8-71322a7bb94b", "fields": {"nombre": "2019SEM2-Ingl\u00e9s Adultos-Ingl\u00e9s 3B", "oferta_academica": "4ff8afed-2242-4ee7-bce5-ca5462d8e90f", "nivel": "01549780-03d2-42c1-b09d-785f6791ccbe", "conjunto_notas": 1}}, {"model": "administracion.curso", "pk": "1e5b5c29-3a4f-4bb2-8b87-3e7f7a722bfe", "fields": {"nombre": "2019SEM2-Ingl\u00e9s Ni\u00f1os-NIVEL 12 - ADVENTURERS CHALLENGERS", "oferta_academica": "43aa357e-f855-4ccd-ac42-062d8c53889d", "nivel": "081eae8e-2ac2-4d50-a31d-c5dbbdacb42a", "conjunto_notas": 2}}, {"model": "administracion.curso", "pk": "2027e9b4-fbfb-4f88-a801-bdbc941d00f3", "fields": {"nombre": "2019BIM3-Franc\u00e9s Adultos-Nivel 5", "oferta_academica": "4e8d1cf9-b3d9-44fc-8ac1-8066e15f06e9", "nivel": "71998bdf-d2e6-4909-a1bb-d16473200f85", "conjunto_notas": 1}}, {"model": "administracion.curso", "pk": "21c4c8a9-71f6-421c-b085-b95001322954", "fields": {"nombre": "2019SEM2-Ingl\u00e9s Adultos-Ingl\u00e9s 4C", "oferta_academica": "4ff8afed-2242-4ee7-bce5-ca5462d8e90f", "nivel": "8bf9fbf1-f76a-49fc-be67-3ce0b2444a1c", "conjunto_notas": 1}}, {"model": "administracion.curso", "pk": "21f64802-d28b-484b-9f9c-f2b5f5337a96", "fields": {"nombre": "2019BIM3-Alem\u00e1n Adultos-Nivel 2", "oferta_academica": "398c130c-7803-45eb-80af-3fc2e9da981d", "nivel": "d9d3acaf-42af-41f8-844d-4f24a2860827", "conjunto_notas": 1}}, {"model": "administracion.curso", "pk": "21fa3688-726f-467d-b738-a65cf242b271", "fields": {"nombre": "2019SEM2-Ingl\u00e9s Ni\u00f1os-NIVEL 10 - ADVENTURERS PUSHERS", "oferta_academica": "43aa357e-f855-4ccd-ac42-062d8c53889d", "nivel": "9161f9e6-c81c-483a-bb9d-4cc271fc1cb6", "conjunto_notas": 2}}, {"model": "administracion.curso", "pk": "22abaf3e-eacf-496a-95e1-340ac90e9ec0", "fields": {"nombre": "2019SEM2-Ingl\u00e9s Adultos-Ingl\u00e9s 1A", "oferta_academica": "4ff8afed-2242-4ee7-bce5-ca5462d8e90f", "nivel": "87c0648a-555e-4c67-90fa-4c32262d86a8", "conjunto_notas": 1}}, {"model": "administracion.curso", "pk": "25991054-6819-46d2-831c-8687242752e9", "fields": {"nombre": "2019SEM2-Ingl\u00e9s Adultos-Ingl\u00e9s 1B", "oferta_academica": "4ff8afed-2242-4ee7-bce5-ca5462d8e90f", "nivel": "320257e6-a0dc-4d74-b905-6d7304db9f92", "conjunto_notas": 1}}, {"model": "administracion.curso", "pk": "2b3d84e4-998c-4d7b-b406-246daff94d62", "fields": {"nombre": "2019SEM2-Portugu\u00e9s Adultos-Nivel 1", "oferta_academica": "1c18899c-f117-4a6e-8ff5-ec04535450fb", "nivel": "615f2d6d-5bd5-4a19-9777-ec74a2a84918", "conjunto_notas": 1}}, {"model": "administracion.curso", "pk": "2d157c7c-f4f7-4541-9be8-31f83053fa6c", "fields": {"nombre": "2019BIM3-Ingl\u00e9s Adultos-Ingl\u00e9s 2A", "oferta_academica": "df19386f-75c6-4e07-8034-2be648d8b502", "nivel": "7aeb9b6f-e129-4deb-8913-517ec1dd96a3", "conjunto_notas": 1}}, {"model": "administracion.curso", "pk": "31870710-b8d6-429d-b954-22db9e0e2ced", "fields": {"nombre": "2019BIM3-T\u00e9cnicas de Traducci\u00f3n-Textos Cient\u00edficos", "oferta_academica": "49069dd1-4fd0-4e17-967c-8722107679e5", "nivel": "b8b27371-4c18-4749-ba82-6c939f592a58", "conjunto_notas": 3}}, {"model": "administracion.curso", "pk": "3262f1e3-f3a1-475a-a954-ccf25b104d1f", "fields": {"nombre": "2019SEM2-Franc\u00e9s Ni\u00f1os-NIVEL 1 - EXPLORATEURS APPRENTIS", "oferta_academica": "7d59823a-921f-4d08-8807-136d38e33f39", "nivel": "0275e599-ef87-4a9a-9316-d0fe9cc8bf59", "conjunto_notas": 4}}, {"model": "administracion.curso", "pk": "3a9ed367-823c-49e7-bf09-9e0f0e19f90d", "fields": {"nombre": "2019SEM2-Ingl\u00e9s Adultos-Ingl\u00e9s 4B", "oferta_academica": "4ff8afed-2242-4ee7-bce5-ca5462d8e90f", "nivel": "d0c956a1-cec6-4c0e-a09f-b9142a3e7d57", "conjunto_notas": 1}}, {"model": "administracion.curso", "pk": "3fa928c1-1c1e-4ae3-bb43-e08ecaa02959", "fields": {"nombre": "2019SEM2-Ingl\u00e9s Ni\u00f1os-NIVEL 8 - BUILDERS FIGHTERS", "oferta_academica": "43aa357e-f855-4ccd-ac42-062d8c53889d", "nivel": "d021d3d6-a311-4aec-99c9-65bf52cea2e6", "conjunto_notas": 2}}, {"model": "administracion.curso", "pk": "40bde1e7-417c-4bde-ad79-e640435c933e", "fields": {"nombre": "2019SEM2-Italiano Adultos-Nivel 2", "oferta_academica": "d94f35e3-4c29-4aac-b20a-7c3f892fe50d", "nivel": "ae8ccc24-9c2d-46b3-b222-84ed23f737b6", "conjunto_notas": 1}}, {"model": "administracion.curso", "pk": "422055b1-04f6-4c62-a59c-381f57fdfba3", "fields": {"nombre": "2019BIM3-Ingl\u00e9s Adultos-Ingl\u00e9s 1C", "oferta_academica": "df19386f-75c6-4e07-8034-2be648d8b502", "nivel": "4d371fed-a654-41e1-b5e8-cdf2fc808862", "conjunto_notas": 1}}, {"model": "administracion.curso", "pk": "42e79f5a-40b6-4d5e-9a58-682e05cb1083", "fields": {"nombre": "2019SEM2-Ingl\u00e9s Ni\u00f1os-NIVEL 1 - EXPLORERS PUSHERS", "oferta_academica": "43aa357e-f855-4ccd-ac42-062d8c53889d", "nivel": "914406f3-eaa8-4cbc-a6eb-4c91507ba321", "conjunto_notas": 2}}, {"model": "administracion.curso", "pk": "4594c491-e980-4bba-bd4f-bccb05a3f6e2", "fields": {"nombre": "2019SEM2-Ingl\u00e9s Ni\u00f1os-NIVEL 6 - SEEKERS CHALLENGERS", "oferta_academica": "43aa357e-f855-4ccd-ac42-062d8c53889d", "nivel": "ba3bf48f-39fa-4758-8cdb-d965153bbe75", "conjunto_notas": 2}}, {"model": "administracion.curso", "pk": "4770357c-149f-4a61-90b6-0569a0e8baf3", "fields": {"nombre": "2019SEM2-Franc\u00e9s Ni\u00f1os-NIVEL 2 - EXPLORATEURS D\u00c9BRUILLARDS", "oferta_academica": "7d59823a-921f-4d08-8807-136d38e33f39", "nivel": "aa72cf58-c58f-41d8-a7bc-46863bae8db2", "conjunto_notas": 4}}, {"model": "administracion.curso", "pk": "47be80c7-1562-44bf-b4aa-d32f9296bfe7", "fields": {"nombre": "2019SEM2-Ingl\u00e9s Adultos-Ingl\u00e9s 3C", "oferta_academica": "4ff8afed-2242-4ee7-bce5-ca5462d8e90f", "nivel": "b3110d81-3cf1-4824-b9d7-bfc22ba24c64", "conjunto_notas": 1}}, {"model": "administracion.curso", "pk": "496f11fe-3b2f-4ce4-815b-ca4d97d5d1da", "fields": {"nombre": "2019SEM2-Franc\u00e9s Ni\u00f1os-NIVEL 3 - EXPLORATEURS EXPERTS", "oferta_academica": "7d59823a-921f-4d08-8807-136d38e33f39", "nivel": "183c0d3f-ea9a-4eb4-b348-e6bb8f4e3d8f", "conjunto_notas": 4}}, {"model": "administracion.curso", "pk": "4a8de003-5c3b-4cf6-aedb-9be457b7aba5", "fields": {"nombre": "2019BIM3-Espa\u00f1ol Como Lengua Extranjera-Nivel 4", "oferta_academica": "157c3968-bd71-4ab6-a2d3-f0c7caf739a0", "nivel": "ce115817-b623-49b7-bb63-3fb96e1d1e23", "conjunto_notas": 1}}, {"model": "administracion.curso", "pk": "4e4e7db5-c7e8-4408-965c-088d988d0f70", "fields": {"nombre": "2019SEM2-Ingl\u00e9s Adultos-Ingl\u00e9s 1C", "oferta_academica": "4ff8afed-2242-4ee7-bce5-ca5462d8e90f", "nivel": "4d371fed-a654-41e1-b5e8-cdf2fc808862", "conjunto_notas": 1}}, {"model": "administracion.curso", "pk": "4ffb3af5-868b-464d-b6f5-d32e5abf3ea4", "fields": {"nombre": "2019SEM2-Franc\u00e9s Ni\u00f1os-NIVEL 6 - CHERCHEURS EXPERTS", "oferta_academica": "7d59823a-921f-4d08-8807-136d38e33f39", "nivel": "743b45a4-d949-4d0d-9ae5-d003a9e84780", "conjunto_notas": 4}}, {"model": "administracion.curso", "pk": "5007fec8-8da3-401f-bfdc-6b14c086fc34", "fields": {"nombre": "2019SEM2-Franc\u00e9s Ni\u00f1os-NIVEL 5 - CHERCHEURS DEBRUILLARDS", "oferta_academica": "7d59823a-921f-4d08-8807-136d38e33f39", "nivel": "e73d9bf2-3a70-4006-b2c4-f33d15a20917", "conjunto_notas": 4}}, {"model": "administracion.curso", "pk": "5088b279-902c-4ca2-9002-bb287cedc3ba", "fields": {"nombre": "2019SEM2-Alem\u00e1n Adultos-Nivel 6", "oferta_academica": "28ed6e15-fb0b-48e4-b88c-9596d5faee4f", "nivel": "38c2a5cf-f9eb-4575-b0b2-c0b6b29a3a76", "conjunto_notas": 1}}, {"model": "administracion.curso", "pk": "53cbd16a-151a-42c3-a7b5-3eb1432792e6", "fields": {"nombre": "2019SEM2-Ingl\u00e9s Ni\u00f1os-NIVEL 9 - BUILDERS CHALLENGERS", "oferta_academica": "43aa357e-f855-4ccd-ac42-062d8c53889d", "nivel": "2aa63aa1-5707-4f79-982a-eec9861435cb", "conjunto_notas": 2}}, {"model": "administracion.curso", "pk": "56365a0d-fe87-40ac-a91d-6ab5b3ae1644", "fields": {"nombre": "2019SEM2-Ingl\u00e9s Ni\u00f1os-NIVEL 2 - EXPLORERS FIGHTERS", "oferta_academica": "43aa357e-f855-4ccd-ac42-062d8c53889d", "nivel": "07f3c714-7adb-4db0-bd43-3720621e8442", "conjunto_notas": 2}}, {"model": "administracion.curso", "pk": "5c6fefcb-ea87-407e-b49f-d3f0dc86fb74", "fields": {"nombre": "2019BIM3-Alem\u00e1n Adultos-Nivel 4", "oferta_academica": "398c130c-7803-45eb-80af-3fc2e9da981d", "nivel": "c82f55c1-7e95-41cb-9916-f60e103ce79a", "conjunto_notas": 1}}, {"model": "administracion.curso", "pk": "5cfa1aef-767c-4cea-aeb1-d44482b711cc", "fields": {"nombre": "2019SEM2-Italiano Adultos-Nivel 3", "oferta_academica": "d94f35e3-4c29-4aac-b20a-7c3f892fe50d", "nivel": "6b2dbbd9-9f1a-44e7-b21b-29ef93ee11e4", "conjunto_notas": 1}}, {"model": "administracion.curso", "pk": "5d03a016-8eb9-4664-8e21-267531af33ba", "fields": {"nombre": "2019BIM3-Espa\u00f1ol Como Lengua Extranjera-Nivel 2", "oferta_academica": "157c3968-bd71-4ab6-a2d3-f0c7caf739a0", "nivel": "000c2841-649e-4238-a5b7-5fdd95de8964", "conjunto_notas": 1}}, {"model": "administracion.curso", "pk": "5d9afa7d-49f4-447d-beaf-b85efb0b4dde", "fields": {"nombre": "2019SEM2-Franc\u00e9s Adultos-Nivel 3", "oferta_academica": "1c4975eb-9093-4203-9ba1-2239129204dd", "nivel": "c538fe6f-488e-4935-82db-431a728dc188", "conjunto_notas": 1}}, {"model": "administracion.curso", "pk": "627cb077-066b-492e-a25b-dd14c54d75f9", "fields": {"nombre": "2019BIM3-Ingl\u00e9s Adultos-Ingl\u00e9s 4B", "oferta_academica": "df19386f-75c6-4e07-8034-2be648d8b502", "nivel": "d0c956a1-cec6-4c0e-a09f-b9142a3e7d57", "conjunto_notas": 1}}, {"model": "administracion.curso", "pk": "64c55560-c3da-4cbc-95d0-463e849d6099", "fields": {"nombre": "2019SEM2-Franc\u00e9s Adultos-Nivel 2", "oferta_academica": "1c4975eb-9093-4203-9ba1-2239129204dd", "nivel": "8a7b59fb-3029-4b4c-806b-edba01d59d26", "conjunto_notas": 1}}, {"model": "administracion.curso", "pk": "653bf0ec-4eaf-482e-a736-46e57b135837", "fields": {"nombre": "2019SEM2-Ingl\u00e9s Adultos-Ingl\u00e9s 2C", "oferta_academica": "4ff8afed-2242-4ee7-bce5-ca5462d8e90f", "nivel": "daf1b7a3-beec-4f68-9dfe-a1bcb70716fa", "conjunto_notas": 1}}, {"model": "administracion.curso", "pk": "6fc43269-c8f0-4acc-bcee-ebec2278303a", "fields": {"nombre": "2019BIM3-Ingl\u00e9s Adultos-Ingl\u00e9s 4A", "oferta_academica": "df19386f-75c6-4e07-8034-2be648d8b502", "nivel": "82c3cbd5-7075-4888-aa07-5a9a1cf2c061", "conjunto_notas": 1}}, {"model": "administracion.curso", "pk": "7c148bdc-104d-481e-97ab-5800aff4fb75", "fields": {"nombre": "2019BIM3-Alem\u00e1n Adultos-Nivel 8", "oferta_academica": "398c130c-7803-45eb-80af-3fc2e9da981d", "nivel": "f7258243-5711-4633-aca5-9742764bd6dc", "conjunto_notas": 1}}, {"model": "administracion.curso", "pk": "7fe94deb-51e3-4b68-a635-f53f5535300b", "fields": {"nombre": "2019SEM2-Ingl\u00e9s Ni\u00f1os-NIVEL 13 - CONVERSATION 1", "oferta_academica": "43aa357e-f855-4ccd-ac42-062d8c53889d", "nivel": "7b2a0f66-44fb-41d2-8494-8f8fa45ccc7f", "conjunto_notas": 2}}, {"model": "administracion.curso", "pk": "8144ad93-0c37-4191-b97b-a57b94d91c33", "fields": {"nombre": "2019BIM3-Alem\u00e1n Adultos-Nivel 1", "oferta_academica": "398c130c-7803-45eb-80af-3fc2e9da981d", "nivel": "95c36adb-4936-4898-8e68-536147e29ff7", "conjunto_notas": 1}}, {"model": "administracion.curso", "pk": "8832b013-28b9-49ab-a36b-0e69e0cc3592", "fields": {"nombre": "2019SEM2-Alem\u00e1n Adultos-Nivel 5", "oferta_academica": "28ed6e15-fb0b-48e4-b88c-9596d5faee4f", "nivel": "144e8fa7-4a53-4061-8c97-16dc70e6e553", "conjunto_notas": 1}}, {"model": "administracion.curso", "pk": "8d84f2d0-6b9e-4e77-86c1-a68bfdbbefdd", "fields": {"nombre": "2019SEM2-Franc\u00e9s Adultos-Nivel 4", "oferta_academica": "1c4975eb-9093-4203-9ba1-2239129204dd", "nivel": "693d70de-2cea-4297-bd64-480f69660ddb", "conjunto_notas": 1}}, {"model": "administracion.curso", "pk": "8f0329df-3ae6-416b-bb7a-d81e76ea6f4a", "fields": {"nombre": "2019SEM2-Chino Mandar\u00edn-Nivel 1", "oferta_academica": "01611988-0fa3-422a-acc7-7112a18837af", "nivel": "76cc5914-bc2b-4f66-92d4-a8e5a44452e6", "conjunto_notas": 1}}, {"model": "administracion.curso", "pk": "92519d66-e2f0-420b-a41b-0aeae0cdb29f", "fields": {"nombre": "2019SEM2-Franc\u00e9s Ni\u00f1os-NIVEL 8 - BRICOLEURS D\u00c9BRUILLARDS", "oferta_academica": "7d59823a-921f-4d08-8807-136d38e33f39", "nivel": "1521b703-3bce-4b70-8b41-9f2823e62422", "conjunto_notas": 4}}, {"model": "administracion.curso", "pk": "93bce679-040c-417d-b0df-929b4e0a6b13", "fields": {"nombre": "2019SEM2-Ingl\u00e9s Adultos-Ingl\u00e9s 3A", "oferta_academica": "4ff8afed-2242-4ee7-bce5-ca5462d8e90f", "nivel": "557e9a7e-dda1-49e0-8102-ac63732565ef", "conjunto_notas": 1}}, {"model": "administracion.curso", "pk": "9471f5f3-64d4-469d-a71d-b2ff2de99dcc", "fields": {"nombre": "2019SEM2-Italiano Adultos-Nivel 4", "oferta_academica": "d94f35e3-4c29-4aac-b20a-7c3f892fe50d", "nivel": "fbcb0dd5-d89f-4d9f-8215-282a2f1c4052", "conjunto_notas": 1}}, {"model": "administracion.curso", "pk": "9475d14a-004b-412a-9557-3a29017eed7f", "fields": {"nombre": "2019SEM2-Alem\u00e1n Adultos-Nivel 4", "oferta_academica": "28ed6e15-fb0b-48e4-b88c-9596d5faee4f", "nivel": "c82f55c1-7e95-41cb-9916-f60e103ce79a", "conjunto_notas": 1}}, {"model": "administracion.curso", "pk": "95259016-f07c-4987-835d-3dcfdf0a98c7", "fields": {"nombre": "2019SEM2-Franc\u00e9s Ni\u00f1os-NIVEL 10 - AVENTURIERS APPRENTIS", "oferta_academica": "7d59823a-921f-4d08-8807-136d38e33f39", "nivel": "71665c3c-0c22-4553-b4cf-3c346995d166", "conjunto_notas": 4}}, {"model": "administracion.curso", "pk": "955ab848-a834-403d-a878-7575dd375abb", "fields": {"nombre": "2019SEM2-Ingl\u00e9s Adultos-Ingl\u00e9s 2B", "oferta_academica": "4ff8afed-2242-4ee7-bce5-ca5462d8e90f", "nivel": "ccc17afc-b247-4cfd-b434-9352ccefe2a9", "conjunto_notas": 1}}, {"model": "administracion.curso", "pk": "96ed37ad-3e7d-4da7-a5e4-ef949cf6468d", "fields": {"nombre": "2019BIM3-Ingl\u00e9s Adultos-Ingl\u00e9s 1A", "oferta_academica": "df19386f-75c6-4e07-8034-2be648d8b502", "nivel": "87c0648a-555e-4c67-90fa-4c32262d86a8", "conjunto_notas": 1}}, {"model": "administracion.curso", "pk": "9c3cff24-7365-4ad8-bce2-2610a0b7496d", "fields": {"nombre": "2019SEM2-Franc\u00e9s Adultos-Nivel 1", "oferta_academica": "1c4975eb-9093-4203-9ba1-2239129204dd", "nivel": "49d83c7e-ea44-4530-80aa-0a83f071e5bb", "conjunto_notas": 1}}, {"model": "administracion.curso", "pk": "9d40e627-7a47-4237-9ce8-f6be8e320d1d", "fields": {"nombre": "2019SEM2-Italiano Adultos-Nivel 1", "oferta_academica": "d94f35e3-4c29-4aac-b20a-7c3f892fe50d", "nivel": "321241d0-2295-4730-8455-ffe1ecffef4a", "conjunto_notas": 1}}, {"model": "administracion.curso", "pk": "a154b7e5-e741-45eb-ad75-1e877af4b558", "fields": {"nombre": "2019SEM2-Portugu\u00e9s Adultos-Nivel 2", "oferta_academica": "1c18899c-f117-4a6e-8ff5-ec04535450fb", "nivel": "5ecfd142-3858-4e7d-8eb4-e5574503331a", "conjunto_notas": 1}}, {"model": "administracion.curso", "pk": "a2edac76-8c0b-4d1e-9745-2daf76ddd427", "fields": {"nombre": "2019BIM3-Franc\u00e9s Adultos-Nivel 4", "oferta_academica": "4e8d1cf9-b3d9-44fc-8ac1-8066e15f06e9", "nivel": "693d70de-2cea-4297-bd64-480f69660ddb", "conjunto_notas": 1}}, {"model": "administracion.curso", "pk": "a60262f3-44d4-43a7-969a-c20cfb48c6bb", "fields": {"nombre": "2019SEM2-Franc\u00e9s Ni\u00f1os-NIVEL 7 - BRICOLEURS APPRENTIS", "oferta_academica": "7d59823a-921f-4d08-8807-136d38e33f39", "nivel": "a288bbe0-680c-4d35-a0c7-80b7ff600f75", "conjunto_notas": 4}}, {"model": "administracion.curso", "pk": "a82363ca-1a0e-4de3-addc-9ab35d5f67d2", "fields": {"nombre": "2019BIM3-Espa\u00f1ol Como Lengua Extranjera-Nivel 1", "oferta_academica": "157c3968-bd71-4ab6-a2d3-f0c7caf739a0", "nivel": "7100261d-e447-4215-adf4-bc3f7014e675", "conjunto_notas": 1}}, {"model": "administracion.curso", "pk": "acede892-6c92-4ef6-9665-957fe01e4b24", "fields": {"nombre": "2019SEM2-Portugu\u00e9s Adultos-Nivel 4", "oferta_academica": "1c18899c-f117-4a6e-8ff5-ec04535450fb", "nivel": "c0f25aa6-7213-41d1-8322-53bff0c957e2", "conjunto_notas": 1}}, {"model": "administracion.curso", "pk": "b46b227d-1f7e-43b5-acc8-f46a64f82365", "fields": {"nombre": "2019BIM3-Alem\u00e1n Adultos-Nivel 7", "oferta_academica": "398c130c-7803-45eb-80af-3fc2e9da981d", "nivel": "56ce6bab-be82-4aa7-97cc-8677684ac166", "conjunto_notas": 1}}, {"model": "administracion.curso", "pk": "b816934c-71e8-4d59-bbed-5704dc8f8b5e", "fields": {"nombre": "2019SEM2-Franc\u00e9s Ni\u00f1os-NIVEL 4 - CHERCHEURS APPRENTIS", "oferta_academica": "7d59823a-921f-4d08-8807-136d38e33f39", "nivel": "6e0b7bd4-5206-414b-b143-f22c9a418da6", "conjunto_notas": 4}}, {"model": "administracion.curso", "pk": "bab2bcc9-3996-4b51-bd87-d7ff3ff3f52d", "fields": {"nombre": "2019BIM3-Portugu\u00e9s Adultos-Nivel 1", "oferta_academica": "1c428b48-57ba-457a-b2c6-02c13129095b", "nivel": "615f2d6d-5bd5-4a19-9777-ec74a2a84918", "conjunto_notas": 1}}, {"model": "administracion.curso", "pk": "bc0f35d2-9f7d-404c-b7e3-84d70003b8d0", "fields": {"nombre": "2019BIM3-Franc\u00e9s Adultos-Nivel 8", "oferta_academica": "4e8d1cf9-b3d9-44fc-8ac1-8066e15f06e9", "nivel": "89884cd0-8563-4c89-b172-c2742149f3d3", "conjunto_notas": 1}}, {"model": "administracion.curso", "pk": "bcd38b6d-6697-4949-86c5-391c73d6348a", "fields": {"nombre": "2019SEM2-Chino Mandar\u00edn-Nivel 2", "oferta_academica": "01611988-0fa3-422a-acc7-7112a18837af", "nivel": "22781d90-e632-4eeb-9908-d970890c9cdf", "conjunto_notas": 1}}, {"model": "administracion.curso", "pk": "bd5f53e0-0eda-4bde-a1fc-5d75d0a0b689", "fields": {"nombre": "2019BIM3-Portugu\u00e9s Adultos-Nivel 3", "oferta_academica": "1c428b48-57ba-457a-b2c6-02c13129095b", "nivel": "f6a78744-879c-4bb0-80ce-3bfc109f651e", "conjunto_notas": 1}}, {"model": "administracion.curso", "pk": "c0bc9c98-46bb-4b6e-bc00-c8bd8739ea09", "fields": {"nombre": "2019BIM3-Alem\u00e1n Adultos-Nivel 6", "oferta_academica": "398c130c-7803-45eb-80af-3fc2e9da981d", "nivel": "38c2a5cf-f9eb-4575-b0b2-c0b6b29a3a76", "conjunto_notas": 1}}, {"model": "administracion.curso", "pk": "c42b2e42-f3bd-4803-ae93-847eedeeed0d", "fields": {"nombre": "2019SEM2-Ingl\u00e9s Ni\u00f1os-NIVEL 5 - SEEKERS FIGHTERS", "oferta_academica": "43aa357e-f855-4ccd-ac42-062d8c53889d", "nivel": "7db0d409-7d45-468a-b9d0-db27ed56293d", "conjunto_notas": 2}}, {"model": "administracion.curso", "pk": "c60f4002-71a7-4667-9a26-0efc2bcf959d", "fields": {"nombre": "2019SEM2-Ingl\u00e9s Ni\u00f1os-NIVEL 7 - BUILDERS PUSHERS", "oferta_academica": "43aa357e-f855-4ccd-ac42-062d8c53889d", "nivel": "443df6e7-aef2-4250-813b-73c35d21e5ed", "conjunto_notas": 2}}, {"model": "administracion.curso", "pk": "c73d8cc3-44ef-42ad-a7c6-9f21792cfcca", "fields": {"nombre": "2019BIM3-Ingl\u00e9s Adultos-Ingl\u00e9s 3B", "oferta_academica": "df19386f-75c6-4e07-8034-2be648d8b502", "nivel": "01549780-03d2-42c1-b09d-785f6791ccbe", "conjunto_notas": 1}}, {"model": "administracion.curso", "pk": "c88f296a-d96a-44f5-aa86-9df5b02b8286", "fields": {"nombre": "2019SEM2-Ingl\u00e9s Adultos-Ingl\u00e9s 4A", "oferta_academica": "4ff8afed-2242-4ee7-bce5-ca5462d8e90f", "nivel": "82c3cbd5-7075-4888-aa07-5a9a1cf2c061", "conjunto_notas": 1}}, {"model": "administracion.curso", "pk": "c8df84a3-8e35-4640-a3c0-4850ebefebc5", "fields": {"nombre": "2019SEM2-Franc\u00e9s Adultos-Nivel 7", "oferta_academica": "1c4975eb-9093-4203-9ba1-2239129204dd", "nivel": "a67f384b-dea2-43be-950e-f16a99c650e8", "conjunto_notas": 1}}, {"model": "administracion.curso", "pk": "cbae15c4-a40a-4ff7-a5cb-af8e4c0e240b", "fields": {"nombre": "2019SEM2-Alem\u00e1n Adultos-Nivel 11", "oferta_academica": "28ed6e15-fb0b-48e4-b88c-9596d5faee4f", "nivel": "2452fb02-86dd-424a-b6d6-82ee6107621e", "conjunto_notas": 1}}, {"model": "administracion.curso", "pk": "d63b2fba-d1aa-4030-b9e4-62a86e157832", "fields": {"nombre": "2019SEM2-Ingl\u00e9s Ni\u00f1os-NIVEL 4 - SEEKERS PUSHERS", "oferta_academica": "43aa357e-f855-4ccd-ac42-062d8c53889d", "nivel": "fceba973-18da-44a9-b0cd-062940be7921", "conjunto_notas": 2}}, {"model": "administracion.curso", "pk": "d766a0b6-b350-40ff-a1bf-22da2587ce6e", "fields": {"nombre": "2019SEM2-Alem\u00e1n Adultos-Nivel 1", "oferta_academica": "28ed6e15-fb0b-48e4-b88c-9596d5faee4f", "nivel": "95c36adb-4936-4898-8e68-536147e29ff7", "conjunto_notas": 1}}, {"model": "administracion.curso", "pk": "d7872ddc-b3eb-4099-b395-8e02280ad146", "fields": {"nombre": "2019SEM2-Ingl\u00e9s Ni\u00f1os-NIVEL 14 - CONVERSATION 2", "oferta_academica": "43aa357e-f855-4ccd-ac42-062d8c53889d", "nivel": "1eac616b-9b1c-4c69-a7de-c0470788d561", "conjunto_notas": 2}}, {"model": "administracion.curso", "pk": "d9404881-e011-4437-bd2f-043b19ae4883", "fields": {"nombre": "2019BIM3-Franc\u00e9s Adultos-Nivel 2", "oferta_academica": "4e8d1cf9-b3d9-44fc-8ac1-8066e15f06e9", "nivel": "8a7b59fb-3029-4b4c-806b-edba01d59d26", "conjunto_notas": 1}}, {"model": "administracion.curso", "pk": "dc0a295a-de10-407d-83d5-6cf0748dcbb4", "fields": {"nombre": "2019BIM3-Espa\u00f1ol Como Lengua Extranjera-Nivel 3", "oferta_academica": "157c3968-bd71-4ab6-a2d3-f0c7caf739a0", "nivel": "df340cbe-bee4-4a4b-8500-57021e3244c4", "conjunto_notas": 1}}, {"model": "administracion.curso", "pk": "de1364a7-c5cf-483d-9cb5-16eaad4dbce8", "fields": {"nombre": "2019SEM2-Ingl\u00e9s Ni\u00f1os-NIVEL 11 - ADVENTURERS FIGHTERS", "oferta_academica": "43aa357e-f855-4ccd-ac42-062d8c53889d", "nivel": "e2ef56b0-2fd4-4110-a5b4-1dac954c92a7", "conjunto_notas": 2}}, {"model": "administracion.curso", "pk": "e70f411d-274b-45fd-86e4-1f2f5d30e898", "fields": {"nombre": "2019BIM3-Franc\u00e9s Adultos-Nivel 6", "oferta_academica": "4e8d1cf9-b3d9-44fc-8ac1-8066e15f06e9", "nivel": "bcc5bcf1-02d7-43df-b263-c544e3b683c8", "conjunto_notas": 1}}, {"model": "administracion.curso", "pk": "ec9e9a3b-136f-4ad4-83f2-ae1a77620448", "fields": {"nombre": "2019BIM3-Portugu\u00e9s Adultos-Nivel 5", "oferta_academica": "1c428b48-57ba-457a-b2c6-02c13129095b", "nivel": "2247aab2-5c3c-4cea-a529-f4e3dac3e5fe", "conjunto_notas": 1}}, {"model": "administracion.curso", "pk": "ed9613d5-1a68-4bdb-a4f6-88395d856a37", "fields": {"nombre": "2019BIM3-Franc\u00e9s Adultos-Nivel 7", "oferta_academica": "4e8d1cf9-b3d9-44fc-8ac1-8066e15f06e9", "nivel": "a67f384b-dea2-43be-950e-f16a99c650e8", "conjunto_notas": 1}}, {"model": "administracion.curso", "pk": "ef8211d4-e2b5-40b7-a5e5-ddf63b07c83f", "fields": {"nombre": "2019SEM2-Alem\u00e1n Adultos-Nivel 7", "oferta_academica": "28ed6e15-fb0b-48e4-b88c-9596d5faee4f", "nivel": "56ce6bab-be82-4aa7-97cc-8677684ac166", "conjunto_notas": 1}}, {"model": "administracion.curso", "pk": "f4591518-db54-40b5-84bb-63491008f0d5", "fields": {"nombre": "2019SEM2-Portugu\u00e9s Adultos-Nivel 3", "oferta_academica": "1c18899c-f117-4a6e-8ff5-ec04535450fb", "nivel": "f6a78744-879c-4bb0-80ce-3bfc109f651e", "conjunto_notas": 1}}, {"model": "administracion.curso", "pk": "f56c3ce7-482c-47ee-a5c5-7ef75f16591d", "fields": {"nombre": "2019BIM3-Franc\u00e9s Adultos-Nivel 3", "oferta_academica": "4e8d1cf9-b3d9-44fc-8ac1-8066e15f06e9", "nivel": "c538fe6f-488e-4935-82db-431a728dc188", "conjunto_notas": 1}}, {"model": "administracion.curso", "pk": "f59f9f92-7680-4d79-a08a-58d4429375fc", "fields": {"nombre": "2019SEM2-Franc\u00e9s Ni\u00f1os-NIVEL 9 -  BRICOLEURS EXPERTS", "oferta_academica": "7d59823a-921f-4d08-8807-136d38e33f39", "nivel": "a691ad1f-e767-4144-8839-bcd94d66d271", "conjunto_notas": 4}}, {"model": "administracion.curso", "pk": "f5e4d197-22cd-4079-8732-48ade34c7856", "fields": {"nombre": "2019BIM3-Ingl\u00e9s Adultos-Ingl\u00e9s 1B", "oferta_academica": "df19386f-75c6-4e07-8034-2be648d8b502", "nivel": "320257e6-a0dc-4d74-b905-6d7304db9f92", "conjunto_notas": 1}}, {"model": "administracion.curso", "pk": "f6650cc4-728b-46b7-b435-9150f200439b", "fields": {"nombre": "2019BIM3-Alem\u00e1n Adultos-Nivel 9", "oferta_academica": "398c130c-7803-45eb-80af-3fc2e9da981d", "nivel": "80b58c91-3298-431f-8c3d-dbd6e83863c8", "conjunto_notas": 1}}, {"model": "administracion.curso", "pk": "f82308e8-2297-4cb7-aada-3a636c6dc87b", "fields": {"nombre": "2019BIM3-Ingl\u00e9s Adultos-Ingl\u00e9s 2C", "oferta_academica": "df19386f-75c6-4e07-8034-2be648d8b502", "nivel": "daf1b7a3-beec-4f68-9dfe-a1bcb70716fa", "conjunto_notas": 1}}, {"model": "administracion.curso", "pk": "f82d7a98-f700-44ad-bd72-180fd9dff48e", "fields": {"nombre": "2019BIM3-Portugu\u00e9s Adultos-Nivel 2", "oferta_academica": "1c428b48-57ba-457a-b2c6-02c13129095b", "nivel": "5ecfd142-3858-4e7d-8eb4-e5574503331a", "conjunto_notas": 1}}, {"model": "administracion.curso", "pk": "f956931a-9047-4565-99dc-3c6f6c5eda10", "fields": {"nombre": "2019SEM2-Ingl\u00e9s Ni\u00f1os-NIVEL 3 - EXPLORERS CHALLENGERS", "oferta_academica": "43aa357e-f855-4ccd-ac42-062d8c53889d", "nivel": "cc49b59a-8774-469b-93d7-4f7a8419e848", "conjunto_notas": 2}}, {"model": "administracion.curso", "pk": "fac94619-14b3-401c-ac14-ee20e40418b3", "fields": {"nombre": "2019SEM2-Franc\u00e9s Adultos-Nivel 5", "oferta_academica": "1c4975eb-9093-4203-9ba1-2239129204dd", "nivel": "71998bdf-d2e6-4909-a1bb-d16473200f85", "conjunto_notas": 1}}, {"model": "administracion.curso", "pk": "fe7d9633-7f2f-44de-8d13-bf0c944f995a", "fields": {"nombre": "2019BIM3-Ingl\u00e9s Adultos-Ingl\u00e9s 3C", "oferta_academica": "df19386f-75c6-4e07-8034-2be648d8b502", "nivel": "b3110d81-3cf1-4824-b9d7-bfc22ba24c64", "conjunto_notas": 1}}, {"model": "administracion.horariocurso", "pk": "09588554-02e8-461a-84be-6ae82b3202f0", "fields": {"nombre": "09:00-13:00:SA-2019SEM2-Franc\u00e9s Ni\u00f1os-NIVEL 8 - BRICOLEURS D\u00c9BRUILLARDS", "horario": 11, "curso": "92519d66-e2f0-420b-a41b-0aeae0cdb29f", "cupo_disponible": 50, "cupo_inicial": 50, "cupo_autorizados": 50, "cupo_disponible_autorizados": 50}}, {"model": "administracion.horariocurso", "pk": "098bc884-20e1-4288-999e-da1d758fec03", "fields": {"nombre": "09:00-13:00:SA-2019SEM2-Alem\u00e1n Adultos-Nivel 4", "horario": 11, "curso": "9475d14a-004b-412a-9557-3a29017eed7f", "cupo_disponible": 50, "cupo_inicial": 50, "cupo_autorizados": 50, "cupo_disponible_autorizados": 50}}, {"model": "administracion.horariocurso", "pk": "0a9b1066-ecb5-4a65-8515-d832d3bb561e", "fields": {"nombre": "09:00-13:00:SA-2019SEM2-Italiano Adultos-Nivel 1", "horario": 11, "curso": "9d40e627-7a47-4237-9ce8-f6be8e320d1d", "cupo_disponible": 20, "cupo_inicial": 20, "cupo_autorizados": 50, "cupo_disponible_autorizados": 50}}, {"model": "administracion.horariocurso", "pk": "0ad8f126-3523-4d87-8bc5-97901ea27e8e", "fields": {"nombre": "09:00-13:00:SA-2019SEM2-Ingl\u00e9s Ni\u00f1os-NIVEL 4 - SEEKERS PUSHERS", "horario": 11, "curso": "d63b2fba-d1aa-4030-b9e4-62a86e157832", "cupo_disponible": 100, "cupo_inicial": 100, "cupo_autorizados": 50, "cupo_disponible_autorizados": 50}}, {"model": "administracion.horariocurso", "pk": "0d6d5db8-30b5-45a6-aa31-b2f9977070e0", "fields": {"nombre": "09:00-13:00:SA-2019SEM2-Ingl\u00e9s Ni\u00f1os-NIVEL 14 - CONVERSATION 2", "horario": 11, "curso": "d7872ddc-b3eb-4099-b395-8e02280ad146", "cupo_disponible": 100, "cupo_inicial": 100, "cupo_autorizados": 50, "cupo_disponible_autorizados": 50}}, {"model": "administracion.horariocurso", "pk": "12086156-b85d-4b52-9007-2d5aa42348a7", "fields": {"nombre": "09:00-13:00:SA-2019SEM2-Franc\u00e9s Ni\u00f1os-NIVEL 3 - EXPLORATEURS EXPERTS", "horario": 11, "curso": "496f11fe-3b2f-4ce4-815b-ca4d97d5d1da", "cupo_disponible": 50, "cupo_inicial": 50, "cupo_autorizados": 50, "cupo_disponible_autorizados": 50}}, {"model": "administracion.horariocurso", "pk": "143943f9-4710-405e-99ea-107782979e8f", "fields": {"nombre": "15:00-17:00:LU,MA,MC,JU-2019BIM3-Alem\u00e1n Adultos-Nivel 1", "horario": 1, "curso": "8144ad93-0c37-4191-b97b-a57b94d91c33", "cupo_disponible": 20, "cupo_inicial": 20, "cupo_autorizados": 20, "cupo_disponible_autorizados": 20}}, {"model": "administracion.horariocurso", "pk": "1587fbb1-ab8b-4002-bdca-d59e25b3761d", "fields": {"nombre": "18:00-20:00:LU,MA,MC,JU-2019BIM3-Alem\u00e1n Adultos-Nivel 8", "horario": 4, "curso": "7c148bdc-104d-481e-97ab-5800aff4fb75", "cupo_disponible": 200, "cupo_inicial": 200, "cupo_autorizados": 50, "cupo_disponible_autorizados": 50}}, {"model": "administracion.horariocurso", "pk": "15f9bd40-7413-46b2-bb41-383759e6264d", "fields": {"nombre": "18:00-20:00:LU,MA,MC,JU-2019BIM3-Ingl\u00e9s Adultos-Ingl\u00e9s 4A", "horario": 4, "curso": "6fc43269-c8f0-4acc-bcee-ebec2278303a", "cupo_disponible": 200, "cupo_inicial": 200, "cupo_autorizados": 200, "cupo_disponible_autorizados": 200}}, {"model": "administracion.horariocurso", "pk": "17d9b7af-4def-4994-ab00-af86a5ad341c", "fields": {"nombre": "18:00-20:00:LU,MA,MC,JU-2019BIM3-Ingl\u00e9s Adultos-Ingl\u00e9s 1A", "horario": 4, "curso": "96ed37ad-3e7d-4da7-a5e4-ef949cf6468d", "cupo_disponible": 59, "cupo_inicial": 60, "cupo_autorizados": 50, "cupo_disponible_autorizados": 50}}, {"model": "administracion.horariocurso", "pk": "1e3d9591-26bf-424e-869c-47dd553060ec", "fields": {"nombre": "09:00-13:00:SA-2019SEM2-Alem\u00e1n Adultos-Nivel 6", "horario": 11, "curso": "5088b279-902c-4ca2-9002-bb287cedc3ba", "cupo_disponible": 50, "cupo_inicial": 50, "cupo_autorizados": 50, "cupo_disponible_autorizados": 50}}, {"model": "administracion.horariocurso", "pk": "1fd9b95c-72a1-49d7-bdda-2c104cef441c", "fields": {"nombre": "18:00-20:00:LU,MA,MC,JU-2019BIM3-Espa\u00f1ol Como Lengua Extranjera-Nivel 1", "horario": 4, "curso": "a82363ca-1a0e-4de3-addc-9ab35d5f67d2", "cupo_disponible": 40, "cupo_inicial": 40, "cupo_autorizados": 50, "cupo_disponible_autorizados": 50}}, {"model": "administracion.horariocurso", "pk": "214866fa-71f2-4a01-a4b3-1bc696b65dcf", "fields": {"nombre": "17:00-19:00:LU,MA,MC,JU-2019BIM3-Ingl\u00e9s Adultos-Ingl\u00e9s 1A", "horario": 2, "curso": "96ed37ad-3e7d-4da7-a5e4-ef949cf6468d", "cupo_disponible": 20, "cupo_inicial": 20, "cupo_autorizados": 50, "cupo_disponible_autorizados": 50}}, {"model": "administracion.horariocurso", "pk": "22935dee-b9a7-4e7f-a07d-5f950411e9b5", "fields": {"nombre": "14:00-18:00:SA-2019SEM2-Italiano Adultos-Nivel 1", "horario": 12, "curso": "9d40e627-7a47-4237-9ce8-f6be8e320d1d", "cupo_disponible": 20, "cupo_inicial": 20, "cupo_autorizados": 50, "cupo_disponible_autorizados": 50}}, {"model": "administracion.horariocurso", "pk": "275431c0-75bb-4a6c-8846-49aab9ea2a73", "fields": {"nombre": "09:00-13:00:SA-2019SEM2-Ingl\u00e9s Adultos-Ingl\u00e9s 1B", "horario": 11, "curso": "25991054-6819-46d2-831c-8687242752e9", "cupo_disponible": 100, "cupo_inicial": 100, "cupo_autorizados": 50, "cupo_disponible_autorizados": 50}}, {"model": "administracion.horariocurso", "pk": "2773e6a0-1f65-4718-9688-3bd9cee204f4", "fields": {"nombre": "09:00-13:00:SA-2019SEM2-Alem\u00e1n Adultos-Nivel 5", "horario": 11, "curso": "8832b013-28b9-49ab-a36b-0e69e0cc3592", "cupo_disponible": 50, "cupo_inicial": 50, "cupo_autorizados": 50, "cupo_disponible_autorizados": 50}}, {"model": "administracion.horariocurso", "pk": "27d41cb5-934a-4fd0-bdfd-c18012f1bc75", "fields": {"nombre": "09:00-13:00:SA-2019SEM2-Alem\u00e1n Adultos-Nivel 2", "horario": 11, "curso": "0cb63691-e098-41a4-b5a7-41147c10796a", "cupo_disponible": 50, "cupo_inicial": 50, "cupo_autorizados": 50, "cupo_disponible_autorizados": 50}}, {"model": "administracion.horariocurso", "pk": "2897a781-9597-4962-bce6-899e1e33ca41", "fields": {"nombre": "18:00-20:00:LU,MA,MC,JU-2019BIM3-Ingl\u00e9s Adultos-Ingl\u00e9s 2B", "horario": 4, "curso": "014bc36f-2223-4863-a3e7-bfe506312db8", "cupo_disponible": 200, "cupo_inicial": 200, "cupo_autorizados": 200, "cupo_disponible_autorizados": 200}}, {"model": "administracion.horariocurso", "pk": "2992c6d8-258a-40fd-94ce-26e98d863138", "fields": {"nombre": "18:00-20:00:LU,MA,MC,JU-2019BIM3-Ingl\u00e9s Adultos-Ingl\u00e9s 2A", "horario": 4, "curso": "2d157c7c-f4f7-4541-9be8-31f83053fa6c", "cupo_disponible": 200, "cupo_inicial": 200, "cupo_autorizados": 200, "cupo_disponible_autorizados": 200}}, {"model": "administracion.horariocurso", "pk": "2a75d315-6b13-49b1-a7f5-462c9a89ba81", "fields": {"nombre": "09:00-13:00:SA-2019SEM2-Italiano Adultos-Nivel 4", "horario": 11, "curso": "9471f5f3-64d4-469d-a71d-b2ff2de99dcc", "cupo_disponible": 50, "cupo_inicial": 50, "cupo_autorizados": 50, "cupo_disponible_autorizados": 50}}, {"model": "administracion.horariocurso", "pk": "2c3a1e9e-adcf-420e-98dc-b28f6b77244e", "fields": {"nombre": "18:00-20:00:LU,MA,MC,JU-2019BIM3-Ingl\u00e9s Adultos-Ingl\u00e9s 1B", "horario": 4, "curso": "f5e4d197-22cd-4079-8732-48ade34c7856", "cupo_disponible": 200, "cupo_inicial": 200, "cupo_autorizados": 200, "cupo_disponible_autorizados": 200}}, {"model": "administracion.horariocurso", "pk": "2c8f7720-a999-4bd1-bc81-25f3005f00eb", "fields": {"nombre": "19:00-21:00:LU,MA,MC,JU-2019BIM3-Franc\u00e9s Adultos-Nivel 2", "horario": 3, "curso": "d9404881-e011-4437-bd2f-043b19ae4883", "cupo_disponible": 200, "cupo_inicial": 200, "cupo_autorizados": 200, "cupo_disponible_autorizados": 200}}, {"model": "administracion.horariocurso", "pk": "2edcfec2-f1cb-4bc3-a713-3304fcd8b613", "fields": {"nombre": "09:00-13:00:SA-2019SEM2-Franc\u00e9s Ni\u00f1os-NIVEL 6 - CHERCHEURS EXPERTS", "horario": 11, "curso": "4ffb3af5-868b-464d-b6f5-d32e5abf3ea4", "cupo_disponible": 50, "cupo_inicial": 50, "cupo_autorizados": 50, "cupo_disponible_autorizados": 50}}, {"model": "administracion.horariocurso", "pk": "33e55e72-be38-4f96-9dc9-28df7aa93c50", "fields": {"nombre": "14:00-18:00:SA-2019SEM2-Ingl\u00e9s Adultos-Ingl\u00e9s 1B", "horario": 12, "curso": "25991054-6819-46d2-831c-8687242752e9", "cupo_disponible": 100, "cupo_inicial": 100, "cupo_autorizados": 50, "cupo_disponible_autorizados": 50}}, {"model": "administracion.horariocurso", "pk": "341443b0-4d71-4d3c-88d4-c140271fd5f9", "fields": {"nombre": "14:00-18:00:SA-2019SEM2-Ingl\u00e9s Adultos-Ingl\u00e9s 3A", "horario": 12, "curso": "93bce679-040c-417d-b0df-929b4e0a6b13", "cupo_disponible": 100, "cupo_inicial": 100, "cupo_autorizados": 50, "cupo_disponible_autorizados": 50}}, {"model": "administracion.horariocurso", "pk": "35cb0483-d889-4bd6-8fdc-8706f1c4ee90", "fields": {"nombre": "18:00-20:00:LU,MA,MC,JU-2019BIM3-Franc\u00e9s Adultos-Nivel 5", "horario": 4, "curso": "2027e9b4-fbfb-4f88-a801-bdbc941d00f3", "cupo_disponible": 200, "cupo_inicial": 200, "cupo_autorizados": 200, "cupo_disponible_autorizados": 200}}, {"model": "administracion.horariocurso", "pk": "364125e2-393e-4625-9cbb-d25720b659ae", "fields": {"nombre": "09:00-13:00:SA-2019SEM2-Italiano Adultos-Nivel 3", "horario": 11, "curso": "5cfa1aef-767c-4cea-aeb1-d44482b711cc", "cupo_disponible": 50, "cupo_inicial": 50, "cupo_autorizados": 50, "cupo_disponible_autorizados": 50}}, {"model": "administracion.horariocurso", "pk": "3a6b96c5-1b78-4e7d-9ca6-043c980b7568", "fields": {"nombre": "18:00-20:00:LU,MA,MC,JU-2019BIM3-Ingl\u00e9s Adultos-Ingl\u00e9s 4C", "horario": 4, "curso": "15160165-3e44-4457-8086-fb8f4ec24c82", "cupo_disponible": 200, "cupo_inicial": 200, "cupo_autorizados": 200, "cupo_disponible_autorizados": 200}}, {"model": "administracion.horariocurso", "pk": "3a8c2285-2a96-449d-bcb3-f44d0bed3e1c", "fields": {"nombre": "18:00-20:00:LU,MA,MC,JU-2019BIM3-Portugu\u00e9s Adultos-Nivel 2", "horario": 4, "curso": "f82d7a98-f700-44ad-bd72-180fd9dff48e", "cupo_disponible": 200, "cupo_inicial": 200, "cupo_autorizados": 50, "cupo_disponible_autorizados": 50}}, {"model": "administracion.horariocurso", "pk": "3b1d957b-eb4a-44cf-81d8-b68afabf4c71", "fields": {"nombre": "09:00-13:00:SA-2019SEM2-Ingl\u00e9s Adultos-Ingl\u00e9s 4B", "horario": 11, "curso": "3a9ed367-823c-49e7-bf09-9e0f0e19f90d", "cupo_disponible": 100, "cupo_inicial": 100, "cupo_autorizados": 50, "cupo_disponible_autorizados": 50}}, {"model": "administracion.horariocurso", "pk": "403b0873-f1ce-47b3-9552-4b181a6b6d34", "fields": {"nombre": "18:00-20:00:LU,MA,MC,JU-2019BIM3-Ingl\u00e9s Adultos-Ingl\u00e9s 3B", "horario": 4, "curso": "c73d8cc3-44ef-42ad-a7c6-9f21792cfcca", "cupo_disponible": 200, "cupo_inicial": 200, "cupo_autorizados": 200, "cupo_disponible_autorizados": 200}}, {"model": "administracion.horariocurso", "pk": "4257c9eb-62a5-44ca-980d-1f42e633756c", "fields": {"nombre": "09:00-13:00:SA-2019SEM2-Franc\u00e9s Adultos-Nivel 7", "horario": 11, "curso": "c8df84a3-8e35-4640-a3c0-4850ebefebc5", "cupo_disponible": 50, "cupo_inicial": 50, "cupo_autorizados": 50, "cupo_disponible_autorizados": 50}}, {"model": "administracion.horariocurso", "pk": "429a6868-d6e0-4f12-b943-9f70cdbe479a", "fields": {"nombre": "09:00-13:00:SA-2019SEM2-Franc\u00e9s Ni\u00f1os-NIVEL 7 - BRICOLEURS APPRENTIS", "horario": 11, "curso": "a60262f3-44d4-43a7-969a-c20cfb48c6bb", "cupo_disponible": 50, "cupo_inicial": 50, "cupo_autorizados": 50, "cupo_disponible_autorizados": 50}}, {"model": "administracion.horariocurso", "pk": "48191dae-3fe8-4e78-b4ae-704ccaf8d14d", "fields": {"nombre": "09:00-13:00:SA-2019SEM2-Ingl\u00e9s Ni\u00f1os-NIVEL 8 - BUILDERS FIGHTERS", "horario": 11, "curso": "3fa928c1-1c1e-4ae3-bb43-e08ecaa02959", "cupo_disponible": 100, "cupo_inicial": 100, "cupo_autorizados": 50, "cupo_disponible_autorizados": 50}}, {"model": "administracion.horariocurso", "pk": "4cf39d22-b6a1-4267-bf36-18c21c212bda", "fields": {"nombre": "09:00-13:00:SA-2019SEM2-Ingl\u00e9s Ni\u00f1os-NIVEL 1 - EXPLORERS PUSHERS", "horario": 11, "curso": "42e79f5a-40b6-4d5e-9a58-682e05cb1083", "cupo_disponible": 81, "cupo_inicial": 80, "cupo_autorizados": 50, "cupo_disponible_autorizados": 50}}, {"model": "administracion.horariocurso", "pk": "4d571d43-6d57-4cac-8862-1dd959ba9abb", "fields": {"nombre": "17:00-19:00:LU,MA,MC,JU-2019BIM3-Franc\u00e9s Adultos-Nivel 2", "horario": 2, "curso": "d9404881-e011-4437-bd2f-043b19ae4883", "cupo_disponible": 200, "cupo_inicial": 200, "cupo_autorizados": 200, "cupo_disponible_autorizados": 200}}, {"model": "administracion.horariocurso", "pk": "4db2bc72-32a7-4100-ab59-d2586e44404b", "fields": {"nombre": "09:00-13:00:SA-2019SEM2-Portugu\u00e9s Adultos-Nivel 1", "horario": 11, "curso": "2b3d84e4-998c-4d7b-b406-246daff94d62", "cupo_disponible": 20, "cupo_inicial": 20, "cupo_autorizados": 50, "cupo_disponible_autorizados": 50}}, {"model": "administracion.horariocurso", "pk": "4ed04099-eb43-4733-b825-73b20cda20ca", "fields": {"nombre": "15:00-17:00:LU,MA,MC,JU-2019BIM3-Alem\u00e1n Adultos-Nivel 2", "horario": 1, "curso": "21f64802-d28b-484b-9f9c-f2b5f5337a96", "cupo_disponible": 200, "cupo_inicial": 200, "cupo_autorizados": 50, "cupo_disponible_autorizados": 50}}, {"model": "administracion.horariocurso", "pk": "4f737690-7ee2-4c6c-90a1-47b9e552266c", "fields": {"nombre": "09:00-13:00:SA-2019SEM2-Ingl\u00e9s Ni\u00f1os-NIVEL 11 - ADVENTURERS FIGHTERS", "horario": 11, "curso": "de1364a7-c5cf-483d-9cb5-16eaad4dbce8", "cupo_disponible": 100, "cupo_inicial": 100, "cupo_autorizados": 50, "cupo_disponible_autorizados": 50}}, {"model": "administracion.horariocurso", "pk": "52ac0476-bc53-40f3-bf79-6d0388226a96", "fields": {"nombre": "18:00-20:00:LU,MA,MC,JU-2019BIM3-Portugu\u00e9s Adultos-Nivel 5", "horario": 4, "curso": "ec9e9a3b-136f-4ad4-83f2-ae1a77620448", "cupo_disponible": 200, "cupo_inicial": 200, "cupo_autorizados": 50, "cupo_disponible_autorizados": 50}}, {"model": "administracion.horariocurso", "pk": "52b2a7e2-43b4-4e0a-82e3-dc1a7fc1d9e9", "fields": {"nombre": "09:00-13:00:SA-2019SEM2-Ingl\u00e9s Adultos-Ingl\u00e9s 4C", "horario": 11, "curso": "21c4c8a9-71f6-421c-b085-b95001322954", "cupo_disponible": 100, "cupo_inicial": 100, "cupo_autorizados": 50, "cupo_disponible_autorizados": 50}}, {"model": "administracion.horariocurso", "pk": "53ed1230-5a0e-4bc5-b581-5ab68d1634e9", "fields": {"nombre": "09:00-13:00:SA-2019SEM2-Ingl\u00e9s Ni\u00f1os-NIVEL 5 - SEEKERS FIGHTERS", "horario": 11, "curso": "c42b2e42-f3bd-4803-ae93-847eedeeed0d", "cupo_disponible": 100, "cupo_inicial": 100, "cupo_autorizados": 50, "cupo_disponible_autorizados": 50}}, {"model": "administracion.horariocurso", "pk": "55d91618-7353-453e-a319-9e5edca4d356", "fields": {"nombre": "14:00-18:00:SA-2019SEM2-Portugu\u00e9s Adultos-Nivel 2", "horario": 12, "curso": "a154b7e5-e741-45eb-ad75-1e877af4b558", "cupo_disponible": 50, "cupo_inicial": 50, "cupo_autorizados": 50, "cupo_disponible_autorizados": 50}}, {"model": "administracion.horariocurso", "pk": "587e8019-6e77-402f-a420-0f8b2240d865", "fields": {"nombre": "18:00-20:00:LU,MA,MC,JU-2019BIM3-Franc\u00e9s Adultos-Nivel 8", "horario": 4, "curso": "bc0f35d2-9f7d-404c-b7e3-84d70003b8d0", "cupo_disponible": 200, "cupo_inicial": 200, "cupo_autorizados": 200, "cupo_disponible_autorizados": 200}}, {"model": "administracion.horariocurso", "pk": "590893a8-1451-4eb3-abe7-47354af4cbce", "fields": {"nombre": "18:00-20:00:LU,MA,MC,JU-2019BIM3-Ingl\u00e9s Adultos-Ingl\u00e9s 2C", "horario": 4, "curso": "f82308e8-2297-4cb7-aada-3a636c6dc87b", "cupo_disponible": 200, "cupo_inicial": 200, "cupo_autorizados": 200, "cupo_disponible_autorizados": 200}}, {"model": "administracion.horariocurso", "pk": "5a5fb165-05cf-42d6-ba8e-955590e67d07", "fields": {"nombre": "17:00-19:00:LU,MA,MC,JU-2019BIM3-Ingl\u00e9s Adultos-Ingl\u00e9s 3C", "horario": 2, "curso": "fe7d9633-7f2f-44de-8d13-bf0c944f995a", "cupo_disponible": 200, "cupo_inicial": 200, "cupo_autorizados": 200, "cupo_disponible_autorizados": 200}}, {"model": "administracion.horariocurso", "pk": "5bc010b5-b176-4dfe-aac8-614a8e02f53e", "fields": {"nombre": "19:00-21:00:LU,MA,MC,JU-2019BIM3-Alem\u00e1n Adultos-Nivel 1", "horario": 3, "curso": "8144ad93-0c37-4191-b97b-a57b94d91c33", "cupo_disponible": 20, "cupo_inicial": 20, "cupo_autorizados": 20, "cupo_disponible_autorizados": 20}}, {"model": "administracion.horariocurso", "pk": "5ce1d94b-3e00-4480-809d-aa299b478531", "fields": {"nombre": "18:00-20:00:LU,MA,MC,JU-2019BIM3-Franc\u00e9s Adultos-Nivel 7", "horario": 4, "curso": "ed9613d5-1a68-4bdb-a4f6-88395d856a37", "cupo_disponible": 200, "cupo_inicial": 200, "cupo_autorizados": 200, "cupo_disponible_autorizados": 200}}, {"model": "administracion.horariocurso", "pk": "5e4e5f82-bc73-4c71-8d0c-df7e0ca1ddee", "fields": {"nombre": "09:00-13:00:SA-2019SEM2-Franc\u00e9s Ni\u00f1os-NIVEL 2 - EXPLORATEURS D\u00c9BRUILLARDS", "horario": 11, "curso": "4770357c-149f-4a61-90b6-0569a0e8baf3", "cupo_disponible": 50, "cupo_inicial": 50, "cupo_autorizados": 50, "cupo_disponible_autorizados": 50}}, {"model": "administracion.horariocurso", "pk": "5e52bb86-5880-4e34-921e-fc0bb0088edc", "fields": {"nombre": "19:00-21:00:LU,MA,MC,JU-2019BIM3-Franc\u00e9s Adultos-Nivel 1", "horario": 3, "curso": "08816823-8d03-46b9-bfaa-f26414f28a75", "cupo_disponible": 20, "cupo_inicial": 20, "cupo_autorizados": 20, "cupo_disponible_autorizados": 20}}, {"model": "administracion.horariocurso", "pk": "5f3749a4-d20b-469b-8adc-0992a24147e9", "fields": {"nombre": "14:00-18:00:SA-2019SEM2-Franc\u00e9s Adultos-Nivel 2", "horario": 12, "curso": "64c55560-c3da-4cbc-95d0-463e849d6099", "cupo_disponible": 50, "cupo_inicial": 50, "cupo_autorizados": 50, "cupo_disponible_autorizados": 50}}, {"model": "administracion.horariocurso", "pk": "5f430c1f-d677-40ad-967b-729463a4725b", "fields": {"nombre": "09:00-13:00:SA-2019SEM2-Franc\u00e9s Ni\u00f1os-NIVEL 5 - CHERCHEURS DEBRUILLARDS", "horario": 11, "curso": "5007fec8-8da3-401f-bfdc-6b14c086fc34", "cupo_disponible": 50, "cupo_inicial": 50, "cupo_autorizados": 50, "cupo_disponible_autorizados": 50}}, {"model": "administracion.horariocurso", "pk": "60b59fd1-8338-4653-9b5e-b1cba5886b3b", "fields": {"nombre": "09:00-13:00:SA-2019SEM2-Franc\u00e9s Adultos-Nivel 4", "horario": 11, "curso": "8d84f2d0-6b9e-4e77-86c1-a68bfdbbefdd", "cupo_disponible": 50, "cupo_inicial": 50, "cupo_autorizados": 50, "cupo_disponible_autorizados": 50}}, {"model": "administracion.horariocurso", "pk": "61f5c8ea-4a22-4549-b16d-f2e7649f0035", "fields": {"nombre": "09:00-13:00:SA-2019SEM2-Ingl\u00e9s Ni\u00f1os-NIVEL 12 - ADVENTURERS CHALLENGERS", "horario": 11, "curso": "1e5b5c29-3a4f-4bb2-8b87-3e7f7a722bfe", "cupo_disponible": 100, "cupo_inicial": 100, "cupo_autorizados": 50, "cupo_disponible_autorizados": 50}}, {"model": "administracion.horariocurso", "pk": "64e32528-ad14-4aac-acb3-c071377b2599", "fields": {"nombre": "18:00-20:00:LU,MA,MC,JU-2019BIM3-Ingl\u00e9s Adultos-Ingl\u00e9s 3C", "horario": 4, "curso": "fe7d9633-7f2f-44de-8d13-bf0c944f995a", "cupo_disponible": 200, "cupo_inicial": 200, "cupo_autorizados": 200, "cupo_disponible_autorizados": 200}}, {"model": "administracion.horariocurso", "pk": "656f257b-0444-408c-8291-9a0f74cd17d5", "fields": {"nombre": "17:00-19:00:LU,MA,MC,JU-2019BIM3-Ingl\u00e9s Adultos-Ingl\u00e9s 1C", "horario": 2, "curso": "422055b1-04f6-4c62-a59c-381f57fdfba3", "cupo_disponible": 200, "cupo_inicial": 200, "cupo_autorizados": 200, "cupo_disponible_autorizados": 200}}, {"model": "administracion.horariocurso", "pk": "6649f625-7244-4f56-944e-5e964d293ebf", "fields": {"nombre": "19:00-21:00:LU,MA,MC,JU-2019BIM3-Ingl\u00e9s Adultos-Ingl\u00e9s 1B", "horario": 3, "curso": "f5e4d197-22cd-4079-8732-48ade34c7856", "cupo_disponible": 200, "cupo_inicial": 200, "cupo_autorizados": 200, "cupo_disponible_autorizados": 200}}, {"model": "administracion.horariocurso", "pk": "693469fe-72d8-4829-a22d-6a7cd30f71bf", "fields": {"nombre": "09:00-13:00:SA-2019SEM2-Ingl\u00e9s Adultos-Ingl\u00e9s 3C", "horario": 11, "curso": "47be80c7-1562-44bf-b4aa-d32f9296bfe7", "cupo_disponible": 100, "cupo_inicial": 100, "cupo_autorizados": 50, "cupo_disponible_autorizados": 50}}, {"model": "administracion.horariocurso", "pk": "69f44689-8f0b-4463-ad3e-17e71229750d", "fields": {"nombre": "14:00-18:00:SA-2019SEM2-Ingl\u00e9s Adultos-Ingl\u00e9s 2A", "horario": 12, "curso": "0cbe3c00-f8fd-4825-b921-5c51362b4f8c", "cupo_disponible": 100, "cupo_inicial": 100, "cupo_autorizados": 50, "cupo_disponible_autorizados": 50}}, {"model": "administracion.horariocurso", "pk": "6acc896a-0f14-4518-ad84-fdd987a950d4", "fields": {"nombre": "18:00-20:00:LU,MA,MC,JU-2019BIM3-Ingl\u00e9s Adultos-Ingl\u00e9s 4B", "horario": 4, "curso": "627cb077-066b-492e-a25b-dd14c54d75f9", "cupo_disponible": 200, "cupo_inicial": 200, "cupo_autorizados": 200, "cupo_disponible_autorizados": 200}}, {"model": "administracion.horariocurso", "pk": "6ae978c0-bca9-47e8-b23e-1c8cb2b50f95", "fields": {"nombre": "18:00-20:00:LU,MA,MC,JU-2019BIM3-Franc\u00e9s Adultos-Nivel 6", "horario": 4, "curso": "e70f411d-274b-45fd-86e4-1f2f5d30e898", "cupo_disponible": 200, "cupo_inicial": 200, "cupo_autorizados": 200, "cupo_disponible_autorizados": 200}}, {"model": "administracion.horariocurso", "pk": "6b8d673a-0431-4275-be28-b547e46fe553", "fields": {"nombre": "18:00-20:00:LU,MA,MC,JU-2019BIM3-Franc\u00e9s Adultos-Nivel 2", "horario": 4, "curso": "d9404881-e011-4437-bd2f-043b19ae4883", "cupo_disponible": 200, "cupo_inicial": 200, "cupo_autorizados": 200, "cupo_disponible_autorizados": 200}}, {"model": "administracion.horariocurso", "pk": "6d6e9000-3660-436b-9af2-fb2e8ce6e744", "fields": {"nombre": "18:00-20:00:LU,MA,MC,JU-2019BIM3-Alem\u00e1n Adultos-Nivel 2", "horario": 4, "curso": "21f64802-d28b-484b-9f9c-f2b5f5337a96", "cupo_disponible": 200, "cupo_inicial": 200, "cupo_autorizados": 50, "cupo_disponible_autorizados": 50}}, {"model": "administracion.horariocurso", "pk": "6e838cdd-27cd-422f-b2b3-972d5211f28d", "fields": {"nombre": "18:00-20:00:LU,MA,MC,JU-2019BIM3-Espa\u00f1ol Como Lengua Extranjera-Nivel 2", "horario": 4, "curso": "5d03a016-8eb9-4664-8e21-267531af33ba", "cupo_disponible": 40, "cupo_inicial": 40, "cupo_autorizados": 50, "cupo_disponible_autorizados": 50}}, {"model": "administracion.horariocurso", "pk": "70b3407f-a5f3-4089-803e-5b770ea7105f", "fields": {"nombre": "09:00-13:00:SA-2019SEM2-Chino Mandar\u00edn-Nivel 2", "horario": 11, "curso": "bcd38b6d-6697-4949-86c5-391c73d6348a", "cupo_disponible": 20, "cupo_inicial": 20, "cupo_autorizados": 20, "cupo_disponible_autorizados": 20}}, {"model": "administracion.horariocurso", "pk": "762595a5-61b1-465c-964a-0f002e0ef6bd", "fields": {"nombre": "09:00-13:00:SA-2019SEM2-Portugu\u00e9s Adultos-Nivel 2", "horario": 11, "curso": "a154b7e5-e741-45eb-ad75-1e877af4b558", "cupo_disponible": 50, "cupo_inicial": 50, "cupo_autorizados": 50, "cupo_disponible_autorizados": 50}}, {"model": "administracion.horariocurso", "pk": "78623254-1a17-484b-b44e-15611a3ec274", "fields": {"nombre": "19:00-21:00:LU,MA,MC,JU-2019BIM3-Ingl\u00e9s Adultos-Ingl\u00e9s 1A", "horario": 3, "curso": "96ed37ad-3e7d-4da7-a5e4-ef949cf6468d", "cupo_disponible": 20, "cupo_inicial": 20, "cupo_autorizados": 50, "cupo_disponible_autorizados": 50}}, {"model": "administracion.horariocurso", "pk": "7aab2bad-a686-4e51-8b96-8bacb421d242", "fields": {"nombre": "18:00-20:00:LU,MA,MC,JU-2019BIM3-Portugu\u00e9s Adultos-Nivel 1", "horario": 4, "curso": "bab2bcc9-3996-4b51-bd87-d7ff3ff3f52d", "cupo_disponible": 20, "cupo_inicial": 20, "cupo_autorizados": 20, "cupo_disponible_autorizados": 20}}, {"model": "administracion.horariocurso", "pk": "7cf54661-a112-4dfe-a4ab-50985a355dbe", "fields": {"nombre": "09:00-13:00:SA-2019SEM2-Ingl\u00e9s Ni\u00f1os-NIVEL 13 - CONVERSATION 1", "horario": 11, "curso": "7fe94deb-51e3-4b68-a635-f53f5535300b", "cupo_disponible": 100, "cupo_inicial": 100, "cupo_autorizados": 50, "cupo_disponible_autorizados": 50}}, {"model": "administracion.horariocurso", "pk": "7e5c0ed2-3379-4ec7-b111-c6fc70820505", "fields": {"nombre": "18:00-20:00:LU,MA,MC,JU-2019BIM3-Espa\u00f1ol Como Lengua Extranjera-Nivel 3", "horario": 4, "curso": "dc0a295a-de10-407d-83d5-6cf0748dcbb4", "cupo_disponible": 40, "cupo_inicial": 40, "cupo_autorizados": 50, "cupo_disponible_autorizados": 50}}, {"model": "administracion.horariocurso", "pk": "7e7466e3-5a15-48bb-bc8a-fce110e6c55e", "fields": {"nombre": "09:00-13:00:SA-2019SEM2-Ingl\u00e9s Adultos-Ingl\u00e9s 1C", "horario": 11, "curso": "4e4e7db5-c7e8-4408-965c-088d988d0f70", "cupo_disponible": 100, "cupo_inicial": 100, "cupo_autorizados": 50, "cupo_disponible_autorizados": 50}}, {"model": "administracion.horariocurso", "pk": "7f6185e8-2949-421d-b04c-dcc9d62d75cf", "fields": {"nombre": "14:00-18:00:SA-2019SEM2-Alem\u00e1n Adultos-Nivel 1", "horario": 12, "curso": "d766a0b6-b350-40ff-a1bf-22da2587ce6e", "cupo_disponible": 40, "cupo_inicial": 40, "cupo_autorizados": 50, "cupo_disponible_autorizados": 50}}, {"model": "administracion.horariocurso", "pk": "819b2502-5881-405d-9b94-244a16f0b365", "fields": {"nombre": "09:00-13:00:SA-2019SEM2-Alem\u00e1n Adultos-Nivel 3", "horario": 11, "curso": "0792ee86-6dbe-40b8-967b-d9c8c6e1db99", "cupo_disponible": 50, "cupo_inicial": 50, "cupo_autorizados": 50, "cupo_disponible_autorizados": 50}}, {"model": "administracion.horariocurso", "pk": "81bda333-befb-4bfa-b416-bbb9d224a450", "fields": {"nombre": "14:00-18:00:SA-2019SEM2-Portugu\u00e9s Adultos-Nivel 1", "horario": 12, "curso": "2b3d84e4-998c-4d7b-b406-246daff94d62", "cupo_disponible": 20, "cupo_inicial": 20, "cupo_autorizados": 50, "cupo_disponible_autorizados": 50}}, {"model": "administracion.horariocurso", "pk": "81e4190d-5f54-4d06-a62e-531456844373", "fields": {"nombre": "18:00-20:00:LU,MA,MC,JU-2019BIM3-Portugu\u00e9s Adultos-Nivel 3", "horario": 4, "curso": "bd5f53e0-0eda-4bde-a1fc-5d75d0a0b689", "cupo_disponible": 200, "cupo_inicial": 200, "cupo_autorizados": 50, "cupo_disponible_autorizados": 50}}, {"model": "administracion.horariocurso", "pk": "827a379f-8950-4e4d-ac8e-dcb4d4d64862", "fields": {"nombre": "18:00-20:00:LU,MA,MC,JU-2019BIM3-Alem\u00e1n Adultos-Nivel 6", "horario": 4, "curso": "c0bc9c98-46bb-4b6e-bc00-c8bd8739ea09", "cupo_disponible": 200, "cupo_inicial": 200, "cupo_autorizados": 50, "cupo_disponible_autorizados": 50}}, {"model": "administracion.horariocurso", "pk": "82ca104a-4fe5-4822-969e-6a9e8746fe31", "fields": {"nombre": "18:00-20:00:LU,MA,MC,JU-2019BIM3-Espa\u00f1ol Como Lengua Extranjera-Nivel 4", "horario": 4, "curso": "4a8de003-5c3b-4cf6-aedb-9be457b7aba5", "cupo_disponible": 40, "cupo_inicial": 40, "cupo_autorizados": 50, "cupo_disponible_autorizados": 50}}, {"model": "administracion.horariocurso", "pk": "86364beb-c87a-4d30-a8b7-fcf8bc4fc765", "fields": {"nombre": "09:00-13:00:SA-2019SEM2-Ingl\u00e9s Adultos-Ingl\u00e9s 4A", "horario": 11, "curso": "c88f296a-d96a-44f5-aa86-9df5b02b8286", "cupo_disponible": 100, "cupo_inicial": 100, "cupo_autorizados": 50, "cupo_disponible_autorizados": 50}}, {"model": "administracion.horariocurso", "pk": "86d79866-c273-40e0-99b5-35533459215b", "fields": {"nombre": "17:00-19:00:LU,MA,MC,JU-2019BIM3-Ingl\u00e9s Adultos-Ingl\u00e9s 2B", "horario": 2, "curso": "014bc36f-2223-4863-a3e7-bfe506312db8", "cupo_disponible": 200, "cupo_inicial": 200, "cupo_autorizados": 200, "cupo_disponible_autorizados": 200}}, {"model": "administracion.horariocurso", "pk": "870c4417-8a24-4527-bcee-ddb945ed8e72", "fields": {"nombre": "18:00-20:00:LU,MA,MC,JU-2019BIM3-Franc\u00e9s Adultos-Nivel 4", "horario": 4, "curso": "a2edac76-8c0b-4d1e-9745-2daf76ddd427", "cupo_disponible": 200, "cupo_inicial": 200, "cupo_autorizados": 200, "cupo_disponible_autorizados": 200}}, {"model": "administracion.horariocurso", "pk": "8d11021f-caec-406a-b44b-21729017b77f", "fields": {"nombre": "09:00-13:00:SA-2019SEM2-Ingl\u00e9s Adultos-Ingl\u00e9s 2C", "horario": 11, "curso": "653bf0ec-4eaf-482e-a736-46e57b135837", "cupo_disponible": 100, "cupo_inicial": 100, "cupo_autorizados": 50, "cupo_disponible_autorizados": 50}}, {"model": "administracion.horariocurso", "pk": "8d94fc7f-f1cc-412d-9476-fe38d6c17c2e", "fields": {"nombre": "09:00-13:00:SA-2019SEM2-Italiano Adultos-Nivel 2", "horario": 11, "curso": "40bde1e7-417c-4bde-ad79-e640435c933e", "cupo_disponible": 50, "cupo_inicial": 50, "cupo_autorizados": 50, "cupo_disponible_autorizados": 50}}, {"model": "administracion.horariocurso", "pk": "90bc08ed-5807-4834-b603-09689cffc425", "fields": {"nombre": "14:00-18:00:SA-2019SEM2-Ingl\u00e9s Adultos-Ingl\u00e9s 2B", "horario": 12, "curso": "955ab848-a834-403d-a878-7575dd375abb", "cupo_disponible": 100, "cupo_inicial": 100, "cupo_autorizados": 50, "cupo_disponible_autorizados": 50}}, {"model": "administracion.horariocurso", "pk": "90f9d916-5003-4cb2-8961-f67b4c9541c7", "fields": {"nombre": "09:00-13:00:SA-2019SEM2-Ingl\u00e9s Ni\u00f1os-NIVEL 7 - BUILDERS PUSHERS", "horario": 11, "curso": "c60f4002-71a7-4667-9a26-0efc2bcf959d", "cupo_disponible": 100, "cupo_inicial": 100, "cupo_autorizados": 50, "cupo_disponible_autorizados": 50}}, {"model": "administracion.horariocurso", "pk": "939129b2-604e-48df-a3f1-6a0999e5a25f", "fields": {"nombre": "18:00-20:00:LU,MA,MC,JU-2019BIM3-Alem\u00e1n Adultos-Nivel 4", "horario": 4, "curso": "5c6fefcb-ea87-407e-b49f-d3f0dc86fb74", "cupo_disponible": 200, "cupo_inicial": 200, "cupo_autorizados": 50, "cupo_disponible_autorizados": 50}}, {"model": "administracion.horariocurso", "pk": "9610f7e4-b54f-4645-9f10-9fa9fa4b8589", "fields": {"nombre": "19:00-21:00:LU,MA,MC,JU-2019BIM3-Alem\u00e1n Adultos-Nivel 3", "horario": 3, "curso": "16c8b1f0-3407-4a15-bcaa-43a72f7aa5cc", "cupo_disponible": 200, "cupo_inicial": 200, "cupo_autorizados": 50, "cupo_disponible_autorizados": 50}}, {"model": "administracion.horariocurso", "pk": "99001e05-eed1-4c9e-a1a6-00eb1304be1a", "fields": {"nombre": "09:00-13:00:SA-2019SEM2-Ingl\u00e9s Ni\u00f1os-NIVEL 9 - BUILDERS CHALLENGERS", "horario": 11, "curso": "53cbd16a-151a-42c3-a7b5-3eb1432792e6", "cupo_disponible": 100, "cupo_inicial": 100, "cupo_autorizados": 50, "cupo_disponible_autorizados": 50}}, {"model": "administracion.horariocurso", "pk": "991c2808-f541-446c-8767-db8954fd4679", "fields": {"nombre": "18:00-20:00:LU,MA,MC,JU-2019BIM3-Alem\u00e1n Adultos-Nivel 5", "horario": 4, "curso": "0cb342e2-88f1-4008-b076-0684ac5c2e9f", "cupo_disponible": 200, "cupo_inicial": 200, "cupo_autorizados": 50, "cupo_disponible_autorizados": 50}}, {"model": "administracion.horariocurso", "pk": "99fd03c2-d624-431f-80e2-f785c1404072", "fields": {"nombre": "09:00-13:00:SA-2019SEM2-Franc\u00e9s Ni\u00f1os-NIVEL 1 - EXPLORATEURS APPRENTIS", "horario": 11, "curso": "3262f1e3-f3a1-475a-a954-ccf25b104d1f", "cupo_disponible": 20, "cupo_inicial": 20, "cupo_autorizados": 50, "cupo_disponible_autorizados": 50}}, {"model": "administracion.horariocurso", "pk": "9b4950b6-7557-4564-9160-288b561a5ccb", "fields": {"nombre": "14:00-18:00:SA-2019SEM2-Ingl\u00e9s Adultos-Ingl\u00e9s 1A", "horario": 12, "curso": "22abaf3e-eacf-496a-95e1-340ac90e9ec0", "cupo_disponible": 60, "cupo_inicial": 60, "cupo_autorizados": 50, "cupo_disponible_autorizados": 50}}, {"model": "administracion.horariocurso", "pk": "a04e6561-5407-4ab8-b833-86dac72ecf31", "fields": {"nombre": "15:00-17:00:LU,MA,MC,JU-2019BIM3-Ingl\u00e9s Adultos-Ingl\u00e9s 1A", "horario": 1, "curso": "96ed37ad-3e7d-4da7-a5e4-ef949cf6468d", "cupo_disponible": 20, "cupo_inicial": 20, "cupo_autorizados": 50, "cupo_disponible_autorizados": 50}}, {"model": "administracion.horariocurso", "pk": "a1c4f917-f056-4513-95a9-db5fe6a34af7", "fields": {"nombre": "09:00-13:00:SA-2019SEM2-Franc\u00e9s Adultos-Nivel 2", "horario": 11, "curso": "64c55560-c3da-4cbc-95d0-463e849d6099", "cupo_disponible": 50, "cupo_inicial": 50, "cupo_autorizados": 50, "cupo_disponible_autorizados": 50}}, {"model": "administracion.horariocurso", "pk": "a26db4bc-f725-419f-8e42-73a9e8492d2f", "fields": {"nombre": "09:00-13:00:SA-2019SEM2-Ingl\u00e9s Adultos-Ingl\u00e9s 3B", "horario": 11, "curso": "17b8a340-abfa-40ac-b8c8-71322a7bb94b", "cupo_disponible": 100, "cupo_inicial": 100, "cupo_autorizados": 50, "cupo_disponible_autorizados": 50}}, {"model": "administracion.horariocurso", "pk": "a890ae5a-4d80-464e-af21-8211c6dc7b2f", "fields": {"nombre": "18:00-20:00:LU,MA,MC,JU-2019BIM3-T\u00e9cnicas de Traducci\u00f3n-Textos Cient\u00edficos", "horario": 4, "curso": "31870710-b8d6-429d-b954-22db9e0e2ced", "cupo_disponible": 20, "cupo_inicial": 20, "cupo_autorizados": 20, "cupo_disponible_autorizados": 20}}, {"model": "administracion.horariocurso", "pk": "ac6f638c-aee1-4cce-9445-20d0eca40cba", "fields": {"nombre": "14:00-18:00:SA-2019SEM2-Alem\u00e1n Adultos-Nivel 2", "horario": 12, "curso": "0cb63691-e098-41a4-b5a7-41147c10796a", "cupo_disponible": 50, "cupo_inicial": 50, "cupo_autorizados": 50, "cupo_disponible_autorizados": 50}}, {"model": "administracion.horariocurso", "pk": "afad7418-211a-42eb-954c-8a0eff8dcfdd", "fields": {"nombre": "09:00-13:00:SA-2019SEM2-Franc\u00e9s Ni\u00f1os-NIVEL 4 - CHERCHEURS APPRENTIS", "horario": 11, "curso": "b816934c-71e8-4d59-bbed-5704dc8f8b5e", "cupo_disponible": 50, "cupo_inicial": 50, "cupo_autorizados": 50, "cupo_disponible_autorizados": 50}}, {"model": "administracion.horariocurso", "pk": "b6f14f31-3c3b-4d8d-9bc6-ad08c6ab126f", "fields": {"nombre": "09:00-13:00:SA-2019SEM2-Franc\u00e9s Ni\u00f1os-NIVEL 10 - AVENTURIERS APPRENTIS", "horario": 11, "curso": "95259016-f07c-4987-835d-3dcfdf0a98c7", "cupo_disponible": 50, "cupo_inicial": 50, "cupo_autorizados": 50, "cupo_disponible_autorizados": 50}}, {"model": "administracion.horariocurso", "pk": "b84f4be0-2e17-40c9-8624-72adcbb1cd82", "fields": {"nombre": "09:00-13:00:SA-2019SEM2-Franc\u00e9s Adultos-Nivel 3", "horario": 11, "curso": "5d9afa7d-49f4-447d-beaf-b85efb0b4dde", "cupo_disponible": 50, "cupo_inicial": 50, "cupo_autorizados": 50, "cupo_disponible_autorizados": 50}}, {"model": "administracion.horariocurso", "pk": "b8f29c5c-88b9-4091-aa76-9fe9e2620dee", "fields": {"nombre": "09:00-13:00:SA-2019SEM2-Ingl\u00e9s Adultos-Ingl\u00e9s 3A", "horario": 11, "curso": "93bce679-040c-417d-b0df-929b4e0a6b13", "cupo_disponible": 100, "cupo_inicial": 100, "cupo_autorizados": 50, "cupo_disponible_autorizados": 50}}, {"model": "administracion.horariocurso", "pk": "b9f9cb2a-5736-4cfa-a152-dea99ed379a3", "fields": {"nombre": "14:00-18:00:SA-2019SEM2-Franc\u00e9s Adultos-Nivel 1", "horario": 12, "curso": "9c3cff24-7365-4ad8-bce2-2610a0b7496d", "cupo_disponible": 20, "cupo_inicial": 20, "cupo_autorizados": 50, "cupo_disponible_autorizados": 50}}, {"model": "administracion.horariocurso", "pk": "ba249d06-89b7-4f44-b7ee-6d6db373e752", "fields": {"nombre": "17:00-19:00:LU,MA,MC,JU-2019BIM3-Franc\u00e9s Adultos-Nivel 4", "horario": 2, "curso": "a2edac76-8c0b-4d1e-9745-2daf76ddd427", "cupo_disponible": 200, "cupo_inicial": 200, "cupo_autorizados": 200, "cupo_disponible_autorizados": 200}}, {"model": "administracion.horariocurso", "pk": "bb3d8c40-03f2-43f2-a599-9aa1fa5c0a9b", "fields": {"nombre": "18:00-20:00:LU,MA,MC,JU-2019BIM3-Ingl\u00e9s Adultos-Ingl\u00e9s 3A", "horario": 4, "curso": "0968d120-79e2-4fd5-a74f-16f9d33b59b8", "cupo_disponible": 200, "cupo_inicial": 200, "cupo_autorizados": 200, "cupo_disponible_autorizados": 200}}, {"model": "administracion.horariocurso", "pk": "bd6d4776-f079-4864-a288-444b56e84fa4", "fields": {"nombre": "09:00-13:00:SA-2019SEM2-Ingl\u00e9s Adultos-Ingl\u00e9s 2B", "horario": 11, "curso": "955ab848-a834-403d-a878-7575dd375abb", "cupo_disponible": 100, "cupo_inicial": 100, "cupo_autorizados": 50, "cupo_disponible_autorizados": 50}}, {"model": "administracion.horariocurso", "pk": "be491f3f-24b2-4716-97cf-39e99f03ccad", "fields": {"nombre": "18:00-20:00:LU,MA,MC,JU-2019BIM3-Alem\u00e1n Adultos-Nivel 1", "horario": 4, "curso": "8144ad93-0c37-4191-b97b-a57b94d91c33", "cupo_disponible": 40, "cupo_inicial": 40, "cupo_autorizados": 20, "cupo_disponible_autorizados": 20}}, {"model": "administracion.horariocurso", "pk": "c5f9e9e7-5395-4c62-81c0-c5f839cd19e6", "fields": {"nombre": "14:00-18:00:SA-2019SEM2-Ingl\u00e9s Adultos-Ingl\u00e9s 1C", "horario": 12, "curso": "4e4e7db5-c7e8-4408-965c-088d988d0f70", "cupo_disponible": 100, "cupo_inicial": 100, "cupo_autorizados": 50, "cupo_disponible_autorizados": 50}}, {"model": "administracion.horariocurso", "pk": "c7067740-0b83-4bce-b736-8abddb73ed06", "fields": {"nombre": "18:00-20:00:LU,MA,MC,JU-2019BIM3-Ingl\u00e9s Adultos-Ingl\u00e9s 1C", "horario": 4, "curso": "422055b1-04f6-4c62-a59c-381f57fdfba3", "cupo_disponible": 200, "cupo_inicial": 200, "cupo_autorizados": 200, "cupo_disponible_autorizados": 200}}, {"model": "administracion.horariocurso", "pk": "c7d426f1-c439-4c65-97d1-81f3481f9ba5", "fields": {"nombre": "09:00-13:00:SA-2019SEM2-Franc\u00e9s Adultos-Nivel 1", "horario": 11, "curso": "9c3cff24-7365-4ad8-bce2-2610a0b7496d", "cupo_disponible": 40, "cupo_inicial": 40, "cupo_autorizados": 50, "cupo_disponible_autorizados": 50}}, {"model": "administracion.horariocurso", "pk": "cc13d2b3-c64e-47e5-91e4-6529edd4cd5b", "fields": {"nombre": "09:00-13:00:SA-2019SEM2-Ingl\u00e9s Adultos-Ingl\u00e9s 1A", "horario": 11, "curso": "22abaf3e-eacf-496a-95e1-340ac90e9ec0", "cupo_disponible": 60, "cupo_inicial": 60, "cupo_autorizados": 50, "cupo_disponible_autorizados": 50}}, {"model": "administracion.horariocurso", "pk": "ccadfa97-3c6e-44ea-a38e-07991212a065", "fields": {"nombre": "14:00-18:00:SA-2019SEM2-Ingl\u00e9s Adultos-Ingl\u00e9s 2C", "horario": 12, "curso": "653bf0ec-4eaf-482e-a736-46e57b135837", "cupo_disponible": 100, "cupo_inicial": 100, "cupo_autorizados": 50, "cupo_disponible_autorizados": 50}}, {"model": "administracion.horariocurso", "pk": "cd4c58a0-64d4-4b15-96c9-072bd7ce3004", "fields": {"nombre": "15:00-17:00:LU,MA,MC,JU-2019BIM3-Ingl\u00e9s Adultos-Ingl\u00e9s 2C", "horario": 1, "curso": "f82308e8-2297-4cb7-aada-3a636c6dc87b", "cupo_disponible": 200, "cupo_inicial": 200, "cupo_autorizados": 200, "cupo_disponible_autorizados": 200}}, {"model": "administracion.horariocurso", "pk": "ce0ec9c1-d619-4706-8a07-2f2a018d416a", "fields": {"nombre": "19:00-21:00:LU,MA,MC,JU-2019BIM3-Alem\u00e1n Adultos-Nivel 2", "horario": 3, "curso": "21f64802-d28b-484b-9f9c-f2b5f5337a96", "cupo_disponible": 200, "cupo_inicial": 200, "cupo_autorizados": 50, "cupo_disponible_autorizados": 50}}, {"model": "administracion.horariocurso", "pk": "cfd83eec-3089-4399-b3f8-874a8e0c1915", "fields": {"nombre": "18:00-20:00:LU,MA,MC,JU-2019BIM3-Alem\u00e1n Adultos-Nivel 7", "horario": 4, "curso": "b46b227d-1f7e-43b5-acc8-f46a64f82365", "cupo_disponible": 200, "cupo_inicial": 200, "cupo_autorizados": 50, "cupo_disponible_autorizados": 50}}, {"model": "administracion.horariocurso", "pk": "d0f33f48-9dad-4ea3-92c9-5942291554b9", "fields": {"nombre": "14:00-18:00:SA-2019SEM2-Italiano Adultos-Nivel 2", "horario": 12, "curso": "40bde1e7-417c-4bde-ad79-e640435c933e", "cupo_disponible": 50, "cupo_inicial": 50, "cupo_autorizados": 50, "cupo_disponible_autorizados": 50}}, {"model": "administracion.horariocurso", "pk": "d1936c24-9994-41b5-aeab-570a234dc079", "fields": {"nombre": "09:00-13:00:SA-2019SEM2-Ingl\u00e9s Ni\u00f1os-NIVEL 10 - ADVENTURERS PUSHERS", "horario": 11, "curso": "21fa3688-726f-467d-b738-a65cf242b271", "cupo_disponible": 100, "cupo_inicial": 100, "cupo_autorizados": 50, "cupo_disponible_autorizados": 50}}, {"model": "administracion.horariocurso", "pk": "d62a9a3f-980e-45af-8eb8-dda87227cd16", "fields": {"nombre": "09:00-13:00:SA-2019SEM2-Alem\u00e1n Adultos-Nivel 11", "horario": 11, "curso": "cbae15c4-a40a-4ff7-a5cb-af8e4c0e240b", "cupo_disponible": 50, "cupo_inicial": 50, "cupo_autorizados": 50, "cupo_disponible_autorizados": 50}}, {"model": "administracion.horariocurso", "pk": "d65ddaa0-ad95-4efd-b101-b18ed18afa80", "fields": {"nombre": "09:00-13:00:SA-2019SEM2-Franc\u00e9s Adultos-Nivel 5", "horario": 11, "curso": "fac94619-14b3-401c-ac14-ee20e40418b3", "cupo_disponible": 50, "cupo_inicial": 50, "cupo_autorizados": 50, "cupo_disponible_autorizados": 50}}, {"model": "administracion.horariocurso", "pk": "d6a46eb6-5ef3-45e3-b479-8a80c954de31", "fields": {"nombre": "09:00-13:00:SA-2019SEM2-Ingl\u00e9s Adultos-Ingl\u00e9s 2A", "horario": 11, "curso": "0cbe3c00-f8fd-4825-b921-5c51362b4f8c", "cupo_disponible": 100, "cupo_inicial": 100, "cupo_autorizados": 50, "cupo_disponible_autorizados": 50}}, {"model": "administracion.horariocurso", "pk": "dc3c202b-b67c-4916-92dd-ad73c869b281", "fields": {"nombre": "09:00-13:00:SA-2019SEM2-Franc\u00e9s Adultos-Nivel 6", "horario": 11, "curso": "0356f3d1-c869-4f1e-9b41-aa7ba50932a5", "cupo_disponible": 50, "cupo_inicial": 50, "cupo_autorizados": 50, "cupo_disponible_autorizados": 50}}, {"model": "administracion.horariocurso", "pk": "dceff887-e01d-46b7-98a7-0c6563b589cf", "fields": {"nombre": "15:00-17:00:LU,MA,MC,JU-2019BIM3-Franc\u00e9s Adultos-Nivel 2", "horario": 1, "curso": "d9404881-e011-4437-bd2f-043b19ae4883", "cupo_disponible": 200, "cupo_inicial": 200, "cupo_autorizados": 200, "cupo_disponible_autorizados": 200}}, {"model": "administracion.horariocurso", "pk": "def30fe2-c322-4b6f-a5c5-c13a4806eb42", "fields": {"nombre": "09:00-13:00:SA-2019SEM2-Alem\u00e1n Adultos-Nivel 7", "horario": 11, "curso": "ef8211d4-e2b5-40b7-a5e5-ddf63b07c83f", "cupo_disponible": 50, "cupo_inicial": 50, "cupo_autorizados": 50, "cupo_disponible_autorizados": 50}}, {"model": "administracion.horariocurso", "pk": "e333aabf-1bda-4760-9a07-dc3c672ccf04", "fields": {"nombre": "17:00-19:00:LU,MA,MC,JU-2019BIM3-Ingl\u00e9s Adultos-Ingl\u00e9s 1B", "horario": 2, "curso": "f5e4d197-22cd-4079-8732-48ade34c7856", "cupo_disponible": 200, "cupo_inicial": 200, "cupo_autorizados": 200, "cupo_disponible_autorizados": 200}}, {"model": "administracion.horariocurso", "pk": "e3430eea-7d34-4c6f-8213-600a80e0b6a4", "fields": {"nombre": "18:00-20:00:LU,MA,MC,JU-2019BIM3-Franc\u00e9s Adultos-Nivel 1", "horario": 4, "curso": "08816823-8d03-46b9-bfaa-f26414f28a75", "cupo_disponible": 40, "cupo_inicial": 40, "cupo_autorizados": 20, "cupo_disponible_autorizados": 20}}, {"model": "administracion.horariocurso", "pk": "e454f192-6c9b-4f8d-9857-370ebb79aa99", "fields": {"nombre": "09:00-13:00:SA-2019SEM2-Portugu\u00e9s Adultos-Nivel 4", "horario": 11, "curso": "acede892-6c92-4ef6-9665-957fe01e4b24", "cupo_disponible": 50, "cupo_inicial": 50, "cupo_autorizados": 50, "cupo_disponible_autorizados": 50}}, {"model": "administracion.horariocurso", "pk": "e6170959-0c26-46ba-8ced-309b072c0473", "fields": {"nombre": "09:00-13:00:SA-2019SEM2-Ingl\u00e9s Ni\u00f1os-NIVEL 2 - EXPLORERS FIGHTERS", "horario": 11, "curso": "56365a0d-fe87-40ac-a91d-6ab5b3ae1644", "cupo_disponible": 100, "cupo_inicial": 100, "cupo_autorizados": 50, "cupo_disponible_autorizados": 50}}, {"model": "administracion.horariocurso", "pk": "e7868fde-b695-4376-b478-4046b1dbea9f", "fields": {"nombre": "09:00-13:00:SA-2019SEM2-Ingl\u00e9s Ni\u00f1os-NIVEL 3 - EXPLORERS CHALLENGERS", "horario": 11, "curso": "f956931a-9047-4565-99dc-3c6f6c5eda10", "cupo_disponible": 100, "cupo_inicial": 100, "cupo_autorizados": 50, "cupo_disponible_autorizados": 50}}, {"model": "administracion.horariocurso", "pk": "ec721447-d153-4523-ae27-9a9c0b82faf1", "fields": {"nombre": "17:00-19:00:LU,MA,MC,JU-2019BIM3-Alem\u00e1n Adultos-Nivel 1", "horario": 2, "curso": "8144ad93-0c37-4191-b97b-a57b94d91c33", "cupo_disponible": 20, "cupo_inicial": 20, "cupo_autorizados": 20, "cupo_disponible_autorizados": 20}}, {"model": "administracion.horariocurso", "pk": "ecf834bd-0f78-45f9-b787-3097a9dedad2", "fields": {"nombre": "09:00-13:00:SA-2019SEM2-Ingl\u00e9s Ni\u00f1os-NIVEL 6 - SEEKERS CHALLENGERS", "horario": 11, "curso": "4594c491-e980-4bba-bd4f-bccb05a3f6e2", "cupo_disponible": 100, "cupo_inicial": 100, "cupo_autorizados": 50, "cupo_disponible_autorizados": 50}}, {"model": "administracion.horariocurso", "pk": "ed21b98e-17c9-43dc-887f-8a168abf6ebe", "fields": {"nombre": "18:00-20:00:LU,MA,MC,JU-2019BIM3-Alem\u00e1n Adultos-Nivel 3", "horario": 4, "curso": "16c8b1f0-3407-4a15-bcaa-43a72f7aa5cc", "cupo_disponible": 200, "cupo_inicial": 200, "cupo_autorizados": 50, "cupo_disponible_autorizados": 50}}, {"model": "administracion.horariocurso", "pk": "ef4be273-fb80-4c6d-8c8f-763f8a99f216", "fields": {"nombre": "09:00-13:00:SA-2019SEM2-Alem\u00e1n Adultos-Nivel 1", "horario": 11, "curso": "d766a0b6-b350-40ff-a1bf-22da2587ce6e", "cupo_disponible": 40, "cupo_inicial": 40, "cupo_autorizados": 50, "cupo_disponible_autorizados": 50}}, {"model": "administracion.horariocurso", "pk": "f247be7f-3399-4217-b987-a45095d19387", "fields": {"nombre": "09:00-13:00:SA-2019SEM2-Franc\u00e9s Ni\u00f1os-NIVEL 9 -  BRICOLEURS EXPERTS", "horario": 11, "curso": "f59f9f92-7680-4d79-a08a-58d4429375fc", "cupo_disponible": 50, "cupo_inicial": 50, "cupo_autorizados": 50, "cupo_disponible_autorizados": 50}}, {"model": "administracion.horariocurso", "pk": "f3714d6b-be90-442c-a709-341726ae7d38", "fields": {"nombre": "18:00-20:00:LU,MA,MC,JU-2019BIM3-Alem\u00e1n Adultos-Nivel 9", "horario": 4, "curso": "f6650cc4-728b-46b7-b435-9150f200439b", "cupo_disponible": 200, "cupo_inicial": 200, "cupo_autorizados": 50, "cupo_disponible_autorizados": 50}}, {"model": "administracion.horariocurso", "pk": "f477c291-e77a-41e5-8ad3-8ad218be22f5", "fields": {"nombre": "15:00-17:00:LU,MA,MC,JU-2019BIM3-Ingl\u00e9s Adultos-Ingl\u00e9s 1B", "horario": 1, "curso": "f5e4d197-22cd-4079-8732-48ade34c7856", "cupo_disponible": 200, "cupo_inicial": 200, "cupo_autorizados": 200, "cupo_disponible_autorizados": 200}}, {"model": "administracion.horariocurso", "pk": "f6900fa7-ceac-4947-8dc8-e60ce0f98e4c", "fields": {"nombre": "18:00-20:00:LU,MA,MC,JU-2019BIM3-T\u00e9cnicas de Traducci\u00f3n-Nivel Introductorio", "horario": 4, "curso": "0fcc6825-cdf1-4e6a-9cd4-22c4bf833cb8", "cupo_disponible": 20, "cupo_inicial": 20, "cupo_autorizados": 20, "cupo_disponible_autorizados": 20}}, {"model": "administracion.horariocurso", "pk": "f808f7a7-899f-4a96-a2c0-63671da4a3aa", "fields": {"nombre": "09:00-13:00:SA-2019SEM2-Portugu\u00e9s Adultos-Nivel 3", "horario": 11, "curso": "f4591518-db54-40b5-84bb-63491008f0d5", "cupo_disponible": 50, "cupo_inicial": 50, "cupo_autorizados": 50, "cupo_disponible_autorizados": 50}}, {"model": "administracion.horariocurso", "pk": "f9164630-7c27-473a-93a6-9ad3216d1fe5", "fields": {"nombre": "17:00-19:00:LU,MA,MC,JU-2019BIM3-Alem\u00e1n Adultos-Nivel 2", "horario": 2, "curso": "21f64802-d28b-484b-9f9c-f2b5f5337a96", "cupo_disponible": 200, "cupo_inicial": 200, "cupo_autorizados": 50, "cupo_disponible_autorizados": 50}}, {"model": "administracion.horariocurso", "pk": "fb8d6f7f-1dc5-4bce-9a84-34fa4aa64f92", "fields": {"nombre": "09:00-13:00:SA-2019SEM2-Chino Mandar\u00edn-Nivel 1", "horario": 11, "curso": "8f0329df-3ae6-416b-bb7a-d81e76ea6f4a", "cupo_disponible": 20, "cupo_inicial": 20, "cupo_autorizados": 20, "cupo_disponible_autorizados": 20}}, {"model": "administracion.horariocurso", "pk": "fdb4bb07-f9f7-4721-af79-1964c23b2c04", "fields": {"nombre": "18:00-20:00:LU,MA,MC,JU-2019BIM3-Franc\u00e9s Adultos-Nivel 3", "horario": 4, "curso": "f56c3ce7-482c-47ee-a5c5-7ef75f16591d", "cupo_disponible": 200, "cupo_inicial": 200, "cupo_autorizados": 200, "cupo_disponible_autorizados": 200}}, {"model": "administracion.notaparcial", "pk": "01630053-da1c-4ebe-8b6b-ab99af084432", "fields": {"conjunto_notas": 2, "nombre": "Trabajo en Clase Primer Corte", "tipo_nota": 1, "descripcion": "Trabajo en Clase Primer Corte", "ponderacion": 5, "orden_nota_conjunto": 5}}, {"model": "administracion.notaparcial", "pk": "2cc52c79-4d6a-4c6b-a852-81fa1451bbb2", "fields": {"conjunto_notas": 1, "nombre": "Examen Final Oral", "tipo_nota": 1, "descripcion": "Examen Final Oral", "ponderacion": 25, "orden_nota_conjunto": 1}}, {"model": "administracion.notaparcial", "pk": "2d8641be-0e94-4191-8f4c-19ffd722cccd", "fields": {"conjunto_notas": 2, "nombre": "Desempe\u00f1o Clase Especializada Segundo Corte", "tipo_nota": 2, "descripcion": "Desempe\u00f1o Clase Especializada Segundo Corte", "ponderacion": 10, "orden_nota_conjunto": 8}}, {"model": "administracion.notaparcial", "pk": "3345c463-7c6b-4f4e-b7db-01304f8093e6", "fields": {"conjunto_notas": 2, "nombre": "Desempe\u00f1o Clase Lecto-Escritura Segundo Corte", "tipo_nota": 1, "descripcion": "Desempe\u00f1o Clase Lecto-Escritura Segundo Corte", "ponderacion": 5, "orden_nota_conjunto": 9}}, {"model": "administracion.notaparcial", "pk": "3656dc6b-7fa7-4b1c-9cdc-d7c70d922928", "fields": {"conjunto_notas": 1, "nombre": "Examen Final Escrito", "tipo_nota": 1, "descripcion": "Examen Final Escrito", "ponderacion": 25, "orden_nota_conjunto": 1}}, {"model": "administracion.notaparcial", "pk": "40b8ab4d-a47a-4e6c-be73-db22adbb4ea4", "fields": {"conjunto_notas": 1, "nombre": "Trabajo en Clase Final", "tipo_nota": 1, "descripcion": "Trabajo en Clase Final", "ponderacion": 5, "orden_nota_conjunto": 1}}, {"model": "administracion.notaparcial", "pk": "424e6c42-f715-4803-a35a-db8814b353c4", "fields": {"conjunto_notas": 4, "nombre": "Evaluaci\u00f3n final escrita", "tipo_nota": 1, "descripcion": "Evaluaci\u00f3n final oral", "ponderacion": 20, "orden_nota_conjunto": 4}}, {"model": "administracion.notaparcial", "pk": "543b08ae-4cfd-4ba7-a592-c9d097b6298c", "fields": {"conjunto_notas": 4, "nombre": "Evaluaci\u00f3n final oral", "tipo_nota": 1, "descripcion": "Evaluaci\u00f3n final oral", "ponderacion": 20, "orden_nota_conjunto": 5}}, {"model": "administracion.notaparcial", "pk": "56a28c85-eb59-4f35-987c-524da0ed1a5e", "fields": {"conjunto_notas": 1, "nombre": "Primer Examen Oral", "tipo_nota": 1, "descripcion": "Primer Examen Oral", "ponderacion": 20, "orden_nota_conjunto": 1}}, {"model": "administracion.notaparcial", "pk": "6321a91c-0ee2-4457-af77-fbf5a36d1290", "fields": {"conjunto_notas": 2, "nombre": "Desempe\u00f1o Clase Especializada Primer Corte", "tipo_nota": 2, "descripcion": "Desempe\u00f1o Clase Especializada Primer Corte", "ponderacion": 10, "orden_nota_conjunto": 3}}, {"model": "administracion.notaparcial", "pk": "7b7ec028-996e-4335-9564-815f7be97456", "fields": {"conjunto_notas": 2, "nombre": "Primera Evaluaci\u00f3n Escrita", "tipo_nota": 1, "descripcion": "Primera Evaluaci\u00f3n Escrita", "ponderacion": 15, "orden_nota_conjunto": 1}}, {"model": "administracion.notaparcial", "pk": "80e25a4d-2a9c-48c0-97ee-5935f37148bf", "fields": {"conjunto_notas": 2, "nombre": "Evaluaci\u00f3n Final Oral", "tipo_nota": 1, "descripcion": "Evaluaci\u00f3n Final Oral", "ponderacion": 15, "orden_nota_conjunto": 7}}, {"model": "administracion.notaparcial", "pk": "9f338efa-9157-42f7-b627-3639c856c7f9", "fields": {"conjunto_notas": 2, "nombre": "Evaluaci\u00f3n Final Escrita", "tipo_nota": 1, "descripcion": "Evaluaci\u00f3n Final Escrita", "ponderacion": 15, "orden_nota_conjunto": 6}}, {"model": "administracion.notaparcial", "pk": "a5e4eac8-0856-44b3-b2e0-738a41693506", "fields": {"conjunto_notas": 4, "nombre": "Primera evaluaci\u00f3n oral", "tipo_nota": 1, "descripcion": "Primera evaluaci\u00f3n oral", "ponderacion": 20, "orden_nota_conjunto": 2}}, {"model": "administracion.notaparcial", "pk": "a9709541-d4a0-41d6-9ad3-4d3bfdc91038", "fields": {"conjunto_notas": 3, "nombre": "Nota General", "tipo_nota": 1, "descripcion": "\u00danica nota de aprobaci\u00f3n del curso", "ponderacion": 100, "orden_nota_conjunto": 1}}, {"model": "administracion.notaparcial", "pk": "b56042ab-88c1-4a18-93ce-abac857b5b78", "fields": {"conjunto_notas": 4, "nombre": "Primera evaluaci\u00f3n escrita", "tipo_nota": 1, "descripcion": "Primera evaluaci\u00f3n escrita", "ponderacion": 20, "orden_nota_conjunto": 1}}, {"model": "administracion.notaparcial", "pk": "bd1c9b35-6469-445b-a833-22d0d2cd4ff4", "fields": {"conjunto_notas": 4, "nombre": "Trabajo en clase Primer Corte", "tipo_nota": 1, "descripcion": "Trabajo en clase Primer Corte", "ponderacion": 10, "orden_nota_conjunto": 3}}, {"model": "administracion.notaparcial", "pk": "c168f1be-eb9d-4df5-99a9-0add0088b95b", "fields": {"conjunto_notas": 1, "nombre": "Primer Examen Escrito", "tipo_nota": 1, "descripcion": "Primer Examen Escrito", "ponderacion": 20, "orden_nota_conjunto": 1}}, {"model": "administracion.notaparcial", "pk": "dce69598-5b52-4221-81f4-6aabf33ec8ec", "fields": {"conjunto_notas": 2, "nombre": "Desempe\u00f1o Clase Lecto-Escritura Primer Corte", "tipo_nota": 1, "descripcion": "Desempe\u00f1o Clase Lecto-Escritura Primer Corte", "ponderacion": 5, "orden_nota_conjunto": 4}}, {"model": "administracion.notaparcial", "pk": "e4ee765e-78b5-4585-9fb0-e30ba28bfa42", "fields": {"conjunto_notas": 4, "nombre": "Trabajo final en clase", "tipo_nota": 1, "descripcion": "Trabajo final en clase", "ponderacion": 10, "orden_nota_conjunto": 6}}, {"model": "administracion.notaparcial", "pk": "e5d56804-c31f-490e-87ce-3e60aa4feee1", "fields": {"conjunto_notas": 2, "nombre": "Trabajo en Clase Segundo Corte", "tipo_nota": 1, "descripcion": "Trabajo en Clase Segundo Corte", "ponderacion": 5, "orden_nota_conjunto": 10}}, {"model": "administracion.notaparcial", "pk": "e5fc64a0-010e-4982-91cc-9fcf23622e72", "fields": {"conjunto_notas": 1, "nombre": "Trabajo en clase Primer Corte", "tipo_nota": 1, "descripcion": "Trabajo en clase Primer Corte", "ponderacion": 5, "orden_nota_conjunto": 1}}, {"model": "administracion.notaparcial", "pk": "f6d6f558-6a36-472a-aba3-f000c7c594b5", "fields": {"conjunto_notas": 2, "nombre": "Primera Evaluaci\u00f3n Oral", "tipo_nota": 1, "descripcion": "Primera Evaluaci\u00f3n Oral", "ponderacion": 15, "orden_nota_conjunto": 2}}, {"model": "administracion.tipodocumentoidentidad", "pk": 1, "fields": {"nombre": "CC"}}, {"model": "administracion.tipodocumentoidentidad", "pk": 2, "fields": {"nombre": "TI"}}, {"model": "administracion.tipodocumentoidentidad", "pk": 3, "fields": {"nombre": "CE"}}, {"model": "administracion.tipodocumentoidentidad", "pk": 4, "fields": {"nombre": "PT"}}, {"model": "administracion.personacontacto", "pk": "0929b58c-2ec3-4650-9a9c-cb9529558df7", "fields": {"nombres": "PersonaContacto", "apellidos": "PersonaContacto", "numero_celular": "1234567", "correo_electronico": "example@example.com", "parentesco": 2, "profile": "ca887bca-c859-482d-88b2-f285d44ffce1"}}, {"model": "administracion.docente", "pk": "6555f5c5-b557-4128-a144-3402209736d2", "fields": {"persona": "ca887bca-c859-482d-88b2-f285d44ffce1", "tipo_docente": []}}, {"model": "administracion.evento", "pk": "2e4d2826-8b89-4d81-8b7f-20d1f0810065", "fields": {"nombre": "Configuraci\u00f3n Oferta Acad\u00e9mica"}}, {"model": "administracion.evento", "pk": "3e4ded05-c2b4-49b0-8138-0c64f707449f", "fields": {"nombre": "Preinscripci\u00f3n de cursos"}}, {"model": "administracion.evento", "pk": "61859aa6-abb2-4817-8284-931cdf38af04", "fields": {"nombre": "Formalizaci\u00f3n de cursos"}}, {"model": "administracion.evento", "pk": "7f4d2ee7-d6f9-4ab9-a424-b30d1d841930", "fields": {"nombre": "Formalizaci\u00f3n de examen de clasificaci\u00f3n"}}, {"model": "administracion.evento", "pk": "84b8c0fb-29c8-4799-bd2d-cd7e8e4e6de0", "fields": {"nombre": "Configuraci\u00f3n Examen de Clasificaci\u00f3n"}}, {"model": "administracion.evento", "pk": "9dd9418d-980a-4539-bbc9-a12aed80dada", "fields": {"nombre": "Preinscripci\u00f3n de cursos"}}, {"model": "administracion.evento", "pk": "d08303c8-3fdf-4b29-9dcf-a95fd9824cad", "fields": {"nombre": "Configuraci\u00f3n Examen de Clasificaci\u00f3n"}}, {"model": "administracion.evento", "pk": "e24a8e2b-3c7c-4ff9-afa7-2b4d92d219db", "fields": {"nombre": "Creaci\u00f3n de cursos"}}, {"model": "administracion.evento", "pk": "e65221b6-12d9-4ee9-ad9a-64103897f172", "fields": {"nombre": "Creaci\u00f3n de cursos"}}, {"model": "administracion.evento", "pk": "fbd9fe22-58b8-4fc7-8914-3c6cb065be59", "fields": {"nombre": "Configuraci\u00f3n Oferta Acad\u00e9mica"}}, {"model": "administracion.url", "pk": 1, "fields": {"nombre": "Configurar Examen de clasificaci\u00f3n", "url_path": "/administracion/examenclasificacion/", "eventos": ["d08303c8-3fdf-4b29-9dcf-a95fd9824cad"]}}, {"model": "administracion.url", "pk": 2, "fields": {"nombre": "Inscripci\u00f3n curso", "url_path": "/inscripcion/curso/", "eventos": ["3e4ded05-c2b4-49b0-8138-0c64f707449f"]}}, {"model": "administracion.url", "pk": 3, "fields": {"nombre": "Preinscripci\u00f3n de cursos", "url_path": "/inscripcion/curso/", "eventos": ["9dd9418d-980a-4539-bbc9-a12aed80dada"]}}, {"model": "administracion.url", "pk": 4, "fields": {"nombre": "Formalizaci\u00f3n de examen de clasificaci\u00f3n", "url_path": "/administracion/buscar-inscripciones/", "eventos": ["7f4d2ee7-d6f9-4ab9-a424-b30d1d841930"]}}, {"model": "administracion.url", "pk": 5, "fields": {"nombre": "Formalizaci\u00f3n", "url_path": "/administracion/buscar-inscripciones/", "eventos": ["61859aa6-abb2-4817-8284-931cdf38af04"]}}, {"model": "administracion.url", "pk": 6, "fields": {"nombre": "Configuraci\u00f3n Examen de Clasificaci\u00f3n", "url_path": "/administracion/examenclasificacion/", "eventos": ["84b8c0fb-29c8-4799-bd2d-cd7e8e4e6de0"]}}, {"model": "administracion.url", "pk": 7, "fields": {"nombre": "Creaci\u00f3n de cursos", "url_path": "/administracion/curso/", "eventos": ["e65221b6-12d9-4ee9-ad9a-64103897f172"]}}, {"model": "administracion.url", "pk": 8, "fields": {"nombre": "Configuraci\u00f3n Oferta Acad\u00e9mica", "url_path": "/administracion/oferta/", "eventos": ["2e4d2826-8b89-4d81-8b7f-20d1f0810065"]}}, {"model": "administracion.eventoperiodo", "pk": 1, "fields": {"nombre": "2019BIM3-Preinscripci\u00f3n de cursos-PreCur1", "alias": "PreCur1", "periodo": "a1806baf-5740-4ed1-9300-cdcbb5d6e1b9", "evento": "3e4ded05-c2b4-49b0-8138-0c64f707449f", "fecha_inicio": "2019-06-21T08:40:00", "fecha_final": "2019-07-10T18:00:00"}}, {"model": "administracion.informacionpreinscripcionformalizacion", "pk": 1, "fields": {"documentos_pago": "Recibo Original y copia", "datos_pago": "Cuenta de ahorros", "fecha_citacion": "2019-07-02", "lugar_citacion": "Oficina de extensi\u00f3n", "horario_citacion": "De 8 am a 6 pm"}}, {"model": "contenttypes.contenttype", "pk": 1, "fields": {"app_label": "administracion", "model": "autorizado"}}, {"model": "contenttypes.contenttype", "pk": 2, "fields": {"app_label": "administracion", "model": "calificacion"}}, {"model": "contenttypes.contenttype", "pk": 3, "fields": {"app_label": "administracion", "model": "calificacionexamen"}}, {"model": "contenttypes.contenttype", "pk": 4, "fields": {"app_label": "administracion", "model": "ciudad"}}, {"model": "contenttypes.contenttype", "pk": 5, "fields": {"app_label": "administracion", "model": "conjuntonotas"}}, {"model": "contenttypes.contenttype", "pk": 6, "fields": {"app_label": "administracion", "model": "contenidonivel"}}, {"model": "contenttypes.contenttype", "pk": 7, "fields": {"app_label": "administracion", "model": "contenidonivelversion"}}, {"model": "contenttypes.contenttype", "pk": 8, "fields": {"app_label": "administracion", "model": "curso"}}, {"model": "contenttypes.contenttype", "pk": 9, "fields": {"app_label": "administracion", "model": "descuento"}}, {"model": "contenttypes.contenttype", "pk": 10, "fields": {"app_label": "administracion", "model": "devolucion"}}, {"model": "contenttypes.contenttype", "pk": 11, "fields": {"app_label": "administracion", "model": "docente"}}, {"model": "contenttypes.contenttype", "pk": 12, "fields": {"app_label": "administracion", "model": "docentesgrupoacademico"}}, {"model": "contenttypes.contenttype", "pk": 13, "fields": {"app_label": "administracion", "model": "documentoidentidad"}}, {"model": "contenttypes.contenttype", "pk": 14, "fields": {"app_label": "administracion", "model": "documentorequerido"}}, {"model": "contenttypes.contenttype", "pk": 15, "fields": {"app_label": "administracion", "model": "documentosdescuentosolicitado"}}, {"model": "contenttypes.contenttype", "pk": 16, "fields": {"app_label": "administracion", "model": "eps"}}, {"model": "contenttypes.contenttype", "pk": 17, "fields": {"app_label": "administracion", "model": "escalanota"}}, {"model": "contenttypes.contenttype", "pk": 18, "fields": {"app_label": "administracion", "model": "evento"}}, {"model": "contenttypes.contenttype", "pk": 19, "fields": {"app_label": "administracion", "model": "eventoperiodo"}}, {"model": "contenttypes.contenttype", "pk": 20, "fields": {"app_label": "administracion", "model": "examenclasificacion"}}, {"model": "contenttypes.contenttype", "pk": 21, "fields": {"app_label": "administracion", "model": "fallaasistencia"}}, {"model": "contenttypes.contenttype", "pk": 22, "fields": {"app_label": "administracion", "model": "financiero"}}, {"model": "contenttypes.contenttype", "pk": 23, "fields": {"app_label": "administracion", "model": "franja"}}, {"model": "contenttypes.contenttype", "pk": 24, "fields": {"app_label": "administracion", "model": "grupoacademico"}}, {"model": "contenttypes.contenttype", "pk": 25, "fields": {"app_label": "administracion", "model": "horario"}}, {"model": "contenttypes.contenttype", "pk": 26, "fields": {"app_label": "administracion", "model": "horariocurso"}}, {"model": "contenttypes.contenttype", "pk": 27, "fields": {"app_label": "administracion", "model": "idioma"}}, {"model": "contenttypes.contenttype", "pk": 28, "fields": {"app_label": "administracion", "model": "informacionpreinscripcionformalizacion"}}, {"model": "contenttypes.contenttype", "pk": 29, "fields": {"app_label": "administracion", "model": "inscrito"}}, {"model": "contenttypes.contenttype", "pk": 30, "fields": {"app_label": "administracion", "model": "matricula"}}, {"model": "contenttypes.contenttype", "pk": 31, "fields": {"app_label": "administracion", "model": "nivel"}}, {"model": "contenttypes.contenttype", "pk": 32, "fields": {"app_label": "administracion", "model": "notaparcial"}}, {"model": "contenttypes.contenttype", "pk": 33, "fields": {"app_label": "administracion", "model": "observacion"}}, {"model": "contenttypes.contenttype", "pk": 34, "fields": {"app_label": "administracion", "model": "ofertaacademica"}}, {"model": "contenttypes.contenttype", "pk": 35, "fields": {"app_label": "administracion", "model": "pago"}}, {"model": "contenttypes.contenttype", "pk": 36, "fields": {"app_label": "administracion", "model": "pais"}}, {"model": "contenttypes.contenttype", "pk": 37, "fields": {"app_label": "administracion", "model": "periodicidad"}}, {"model": "contenttypes.contenttype", "pk": 38, "fields": {"app_label": "administracion", "model": "periodo"}}, {"model": "contenttypes.contenttype", "pk": 39, "fields": {"app_label": "administracion", "model": "personacontacto"}}, {"model": "contenttypes.contenttype", "pk": 40, "fields": {"app_label": "administracion", "model": "preinscripcion"}}, {"model": "contenttypes.contenttype", "pk": 41, "fields": {"app_label": "administracion", "model": "profile"}}, {"model": "contenttypes.contenttype", "pk": 42, "fields": {"app_label": "administracion", "model": "programaacademico"}}, {"model": "contenttypes.contenttype", "pk": 43, "fields": {"app_label": "administracion", "model": "recibopreinscripcion"}}, {"model": "contenttypes.contenttype", "pk": 44, "fields": {"app_label": "administracion", "model": "region"}}, {"model": "contenttypes.contenttype", "pk": 45, "fields": {"app_label": "administracion", "model": "salon"}}, {"model": "contenttypes.contenttype", "pk": 46, "fields": {"app_label": "administracion", "model": "tipobeca"}}, {"model": "contenttypes.contenttype", "pk": 47, "fields": {"app_label": "administracion", "model": "tipodocente"}}, {"model": "contenttypes.contenttype", "pk": 48, "fields": {"app_label": "administracion", "model": "tipodocumentoidentidad"}}, {"model": "contenttypes.contenttype", "pk": 49, "fields": {"app_label": "administracion", "model": "url"}}, {"model": "contenttypes.contenttype", "pk": 50, "fields": {"app_label": "administracion", "model": "autorizadocurso"}}, {"model": "contenttypes.contenttype", "pk": 51, "fields": {"app_label": "administracion", "model": "autorizadoexamen"}}, {"model": "contenttypes.contenttype", "pk": 52, "fields": {"app_label": "administracion", "model": "beca"}}, {"model": "contenttypes.contenttype", "pk": 53, "fields": {"app_label": "administracion", "model": "comprobantebanco"}}, {"model": "contenttypes.contenttype", "pk": 54, "fields": {"app_label": "administracion", "model": "descuentoaplicado"}}, {"model": "contenttypes.contenttype", "pk": 55, "fields": {"app_label": "administracion", "model": "preinscripcionexamen"}}, {"model": "contenttypes.contenttype", "pk": 56, "fields": {"app_label": "administracion", "model": "preinscripcionhorariocurso"}}, {"model": "contenttypes.contenttype", "pk": 57, "fields": {"app_label": "administracion", "model": "saldoafavor"}}, {"model": "contenttypes.contenttype", "pk": 58, "fields": {"app_label": "auth", "model": "permission"}}, {"model": "contenttypes.contenttype", "pk": 59, "fields": {"app_label": "auth", "model": "group"}}, {"model": "contenttypes.contenttype", "pk": 60, "fields": {"app_label": "auth", "model": "user"}}, {"model": "contenttypes.contenttype", "pk": 61, "fields": {"app_label": "contenttypes", "model": "contenttype"}}, {"model": "contenttypes.contenttype", "pk": 62, "fields": {"app_label": "sessions", "model": "session"}}, {"model": "contenttypes.contenttype", "pk": 63, "fields": {"app_label": "admin", "model": "logentry"}}, {"model": "contenttypes.contenttype", "pk": 64, "fields": {"app_label": "captcha", "model": "captchastore"}}, {"model": "contenttypes.contenttype", "pk": 65, "fields": {"app_label": "auditlog", "model": "logentry"}}, {"model": "contenttypes.contenttype", "pk": 66, "fields": {"app_label": "explorer", "model": "query"}}, {"model": "contenttypes.contenttype", "pk": 67, "fields": {"app_label": "explorer", "model": "querylog"}}, {"model": "sessions.session", "pk": "s1ibd4sa1x1ovl70ucbkz9urdu1q9wb8", "fields": {"session_data": "ZWEyZmVkZTgwNWY3NGVmNWRlZDhmMmI3NTBjMzRjOWZhYTdlNzdlNjp7Il9hdXRoX3VzZXJfaWQiOiIxIiwiX2F1dGhfdXNlcl9iYWNrZW5kIjoiZGphbmdvLmNvbnRyaWIuYXV0aC5iYWNrZW5kcy5Nb2RlbEJhY2tlbmQiLCJfYXV0aF91c2VyX2hhc2giOiIxYmMwZjIwNWMzN2E0YThhZjBmOTllZDJkNmYxNmNmNDQ5NjVjMDQ4IiwicGVyaW9kb19jb250ZXh0dWFsaXphZG8iOiIyMDE5U0VNMiIsInBlcmlvZG9fY29udGV4dHVhbGl6YWRvX2lkIjoiOGRmZDNjMmQtZWJjZS00Y2M2LWIxYzQtYzc5YTk4YTIxYTBiIn0=", "expire_date": "2019-07-11T17:57:08.089"}}, {"model": "captcha.captchastore", "pk": 7, "fields": {"challenge": "GWQZ", "response": "gwqz", "hashkey": "139d7de491aa56834095334c289a73af7145483c", "expiration": "2019-07-02T17:28:09.356"}}, {"model": "captcha.captchastore", "pk": 8, "fields": {"challenge": "PTHW", "response": "pthw", "hashkey": "f66c0429bfcb9747b2cf8299257d7658529de3c7", "expiration": "2019-07-03T14:57:21.506"}}, {"model": "auth.permission", "pk": 1, "fields": {"name": "Can add autorizado", "content_type": 1, "codename": "add_autorizado"}}, {"model": "auth.permission", "pk": 2, "fields": {"name": "Can change autorizado", "content_type": 1, "codename": "change_autorizado"}}, {"model": "auth.permission", "pk": 3, "fields": {"name": "Can delete autorizado", "content_type": 1, "codename": "delete_autorizado"}}, {"model": "auth.permission", "pk": 4, "fields": {"name": "Can view autorizado", "content_type": 1, "codename": "view_autorizado"}}, {"model": "auth.permission", "pk": 5, "fields": {"name": "Can add calificacion", "content_type": 2, "codename": "add_calificacion"}}, {"model": "auth.permission", "pk": 6, "fields": {"name": "Can change calificacion", "content_type": 2, "codename": "change_calificacion"}}, {"model": "auth.permission", "pk": 7, "fields": {"name": "Can delete calificacion", "content_type": 2, "codename": "delete_calificacion"}}, {"model": "auth.permission", "pk": 8, "fields": {"name": "Can view calificacion", "content_type": 2, "codename": "view_calificacion"}}, {"model": "auth.permission", "pk": 9, "fields": {"name": "Can add calificacion examen", "content_type": 3, "codename": "add_calificacionexamen"}}, {"model": "auth.permission", "pk": 10, "fields": {"name": "Can change calificacion examen", "content_type": 3, "codename": "change_calificacionexamen"}}, {"model": "auth.permission", "pk": 11, "fields": {"name": "Can delete calificacion examen", "content_type": 3, "codename": "delete_calificacionexamen"}}, {"model": "auth.permission", "pk": 12, "fields": {"name": "Can view calificacion examen", "content_type": 3, "codename": "view_calificacionexamen"}}, {"model": "auth.permission", "pk": 13, "fields": {"name": "Can add Ciudad", "content_type": 4, "codename": "add_ciudad"}}, {"model": "auth.permission", "pk": 14, "fields": {"name": "Can change Ciudad", "content_type": 4, "codename": "change_ciudad"}}, {"model": "auth.permission", "pk": 15, "fields": {"name": "Can delete Ciudad", "content_type": 4, "codename": "delete_ciudad"}}, {"model": "auth.permission", "pk": 16, "fields": {"name": "Can view Ciudad", "content_type": 4, "codename": "view_ciudad"}}, {"model": "auth.permission", "pk": 17, "fields": {"name": "Can add Conjunto de notas", "content_type": 5, "codename": "add_conjuntonotas"}}, {"model": "auth.permission", "pk": 18, "fields": {"name": "Can change Conjunto de notas", "content_type": 5, "codename": "change_conjuntonotas"}}, {"model": "auth.permission", "pk": 19, "fields": {"name": "Can delete Conjunto de notas", "content_type": 5, "codename": "delete_conjuntonotas"}}, {"model": "auth.permission", "pk": 20, "fields": {"name": "Can view Conjunto de notas", "content_type": 5, "codename": "view_conjuntonotas"}}, {"model": "auth.permission", "pk": 21, "fields": {"name": "Can add Contenido nivel", "content_type": 6, "codename": "add_contenidonivel"}}, {"model": "auth.permission", "pk": 22, "fields": {"name": "Can change Contenido nivel", "content_type": 6, "codename": "change_contenidonivel"}}, {"model": "auth.permission", "pk": 23, "fields": {"name": "Can delete Contenido nivel", "content_type": 6, "codename": "delete_contenidonivel"}}, {"model": "auth.permission", "pk": 24, "fields": {"name": "Can view Contenido nivel", "content_type": 6, "codename": "view_contenidonivel"}}, {"model": "auth.permission", "pk": 25, "fields": {"name": "Can add Contenido nivel", "content_type": 7, "codename": "add_contenidonivelversion"}}, {"model": "auth.permission", "pk": 26, "fields": {"name": "Can change Contenido nivel", "content_type": 7, "codename": "change_contenidonivelversion"}}, {"model": "auth.permission", "pk": 27, "fields": {"name": "Can delete Contenido nivel", "content_type": 7, "codename": "delete_contenidonivelversion"}}, {"model": "auth.permission", "pk": 28, "fields": {"name": "Can view Contenido nivel", "content_type": 7, "codename": "view_contenidonivelversion"}}, {"model": "auth.permission", "pk": 29, "fields": {"name": "Can add Curso", "content_type": 8, "codename": "add_curso"}}, {"model": "auth.permission", "pk": 30, "fields": {"name": "Can change Curso", "content_type": 8, "codename": "change_curso"}}, {"model": "auth.permission", "pk": 31, "fields": {"name": "Can delete Curso", "content_type": 8, "codename": "delete_curso"}}, {"model": "auth.permission", "pk": 32, "fields": {"name": "Can view Curso", "content_type": 8, "codename": "view_curso"}}, {"model": "auth.permission", "pk": 33, "fields": {"name": "Can add Descuento", "content_type": 9, "codename": "add_descuento"}}, {"model": "auth.permission", "pk": 34, "fields": {"name": "Can change Descuento", "content_type": 9, "codename": "change_descuento"}}, {"model": "auth.permission", "pk": 35, "fields": {"name": "Can delete Descuento", "content_type": 9, "codename": "delete_descuento"}}, {"model": "auth.permission", "pk": 36, "fields": {"name": "Can view Descuento", "content_type": 9, "codename": "view_descuento"}}, {"model": "auth.permission", "pk": 37, "fields": {"name": "Can add devolucion", "content_type": 10, "codename": "add_devolucion"}}, {"model": "auth.permission", "pk": 38, "fields": {"name": "Can change devolucion", "content_type": 10, "codename": "change_devolucion"}}, {"model": "auth.permission", "pk": 39, "fields": {"name": "Can delete devolucion", "content_type": 10, "codename": "delete_devolucion"}}, {"model": "auth.permission", "pk": 40, "fields": {"name": "Can view devolucion", "content_type": 10, "codename": "view_devolucion"}}, {"model": "auth.permission", "pk": 41, "fields": {"name": "Can add docente", "content_type": 11, "codename": "add_docente"}}, {"model": "auth.permission", "pk": 42, "fields": {"name": "Can change docente", "content_type": 11, "codename": "change_docente"}}, {"model": "auth.permission", "pk": 43, "fields": {"name": "Can delete docente", "content_type": 11, "codename": "delete_docente"}}, {"model": "auth.permission", "pk": 44, "fields": {"name": "Can view docente", "content_type": 11, "codename": "view_docente"}}, {"model": "auth.permission", "pk": 45, "fields": {"name": "Can add docentes grupo academico", "content_type": 12, "codename": "add_docentesgrupoacademico"}}, {"model": "auth.permission", "pk": 46, "fields": {"name": "Can change docentes grupo academico", "content_type": 12, "codename": "change_docentesgrupoacademico"}}, {"model": "auth.permission", "pk": 47, "fields": {"name": "Can delete docentes grupo academico", "content_type": 12, "codename": "delete_docentesgrupoacademico"}}, {"model": "auth.permission", "pk": 48, "fields": {"name": "Can view docentes grupo academico", "content_type": 12, "codename": "view_docentesgrupoacademico"}}, {"model": "auth.permission", "pk": 49, "fields": {"name": "Can add Documento", "content_type": 13, "codename": "add_documentoidentidad"}}, {"model": "auth.permission", "pk": 50, "fields": {"name": "Can change Documento", "content_type": 13, "codename": "change_documentoidentidad"}}, {"model": "auth.permission", "pk": 51, "fields": {"name": "Can delete Documento", "content_type": 13, "codename": "delete_documentoidentidad"}}, {"model": "auth.permission", "pk": 52, "fields": {"name": "Can view Documento", "content_type": 13, "codename": "view_documentoidentidad"}}, {"model": "auth.permission", "pk": 53, "fields": {"name": "Can add Documento requerido", "content_type": 14, "codename": "add_documentorequerido"}}, {"model": "auth.permission", "pk": 54, "fields": {"name": "Can change Documento requerido", "content_type": 14, "codename": "change_documentorequerido"}}, {"model": "auth.permission", "pk": 55, "fields": {"name": "Can delete Documento requerido", "content_type": 14, "codename": "delete_documentorequerido"}}, {"model": "auth.permission", "pk": 56, "fields": {"name": "Can view Documento requerido", "content_type": 14, "codename": "view_documentorequerido"}}, {"model": "auth.permission", "pk": 57, "fields": {"name": "Can add documentos descuento solicitado", "content_type": 15, "codename": "add_documentosdescuentosolicitado"}}, {"model": "auth.permission", "pk": 58, "fields": {"name": "Can change documentos descuento solicitado", "content_type": 15, "codename": "change_documentosdescuentosolicitado"}}, {"model": "auth.permission", "pk": 59, "fields": {"name": "Can delete documentos descuento solicitado", "content_type": 15, "codename": "delete_documentosdescuentosolicitado"}}, {"model": "auth.permission", "pk": 60, "fields": {"name": "Can view documentos descuento solicitado", "content_type": 15, "codename": "view_documentosdescuentosolicitado"}}, {"model": "auth.permission", "pk": 61, "fields": {"name": "Can add eps", "content_type": 16, "codename": "add_eps"}}, {"model": "auth.permission", "pk": 62, "fields": {"name": "Can change eps", "content_type": 16, "codename": "change_eps"}}, {"model": "auth.permission", "pk": 63, "fields": {"name": "Can delete eps", "content_type": 16, "codename": "delete_eps"}}, {"model": "auth.permission", "pk": 64, "fields": {"name": "Can view eps", "content_type": 16, "codename": "view_eps"}}, {"model": "auth.permission", "pk": 65, "fields": {"name": "Can add Escala", "content_type": 17, "codename": "add_escalanota"}}, {"model": "auth.permission", "pk": 66, "fields": {"name": "Can change Escala", "content_type": 17, "codename": "change_escalanota"}}, {"model": "auth.permission", "pk": 67, "fields": {"name": "Can delete Escala", "content_type": 17, "codename": "delete_escalanota"}}, {"model": "auth.permission", "pk": 68, "fields": {"name": "Can view Escala", "content_type": 17, "codename": "view_escalanota"}}, {"model": "auth.permission", "pk": 69, "fields": {"name": "Can add evento", "content_type": 18, "codename": "add_evento"}}, {"model": "auth.permission", "pk": 70, "fields": {"name": "Can change evento", "content_type": 18, "codename": "change_evento"}}, {"model": "auth.permission", "pk": 71, "fields": {"name": "Can delete evento", "content_type": 18, "codename": "delete_evento"}}, {"model": "auth.permission", "pk": 72, "fields": {"name": "Can view evento", "content_type": 18, "codename": "view_evento"}}, {"model": "auth.permission", "pk": 73, "fields": {"name": "Can add Evento Periodo", "content_type": 19, "codename": "add_eventoperiodo"}}, {"model": "auth.permission", "pk": 74, "fields": {"name": "Can change Evento Periodo", "content_type": 19, "codename": "change_eventoperiodo"}}, {"model": "auth.permission", "pk": 75, "fields": {"name": "Can delete Evento Periodo", "content_type": 19, "codename": "delete_eventoperiodo"}}, {"model": "auth.permission", "pk": 76, "fields": {"name": "Can view Evento Periodo", "content_type": 19, "codename": "view_eventoperiodo"}}, {"model": "auth.permission", "pk": 77, "fields": {"name": "Can add Examen de clasificaci\u00f3n", "content_type": 20, "codename": "add_examenclasificacion"}}, {"model": "auth.permission", "pk": 78, "fields": {"name": "Can change Examen de clasificaci\u00f3n", "content_type": 20, "codename": "change_examenclasificacion"}}, {"model": "auth.permission", "pk": 79, "fields": {"name": "Can delete Examen de clasificaci\u00f3n", "content_type": 20, "codename": "delete_examenclasificacion"}}, {"model": "auth.permission", "pk": 80, "fields": {"name": "Can view Examen de clasificaci\u00f3n", "content_type": 20, "codename": "view_examenclasificacion"}}, {"model": "auth.permission", "pk": 81, "fields": {"name": "Can add falla asistencia", "content_type": 21, "codename": "add_fallaasistencia"}}, {"model": "auth.permission", "pk": 82, "fields": {"name": "Can change falla asistencia", "content_type": 21, "codename": "change_fallaasistencia"}}, {"model": "auth.permission", "pk": 83, "fields": {"name": "Can delete falla asistencia", "content_type": 21, "codename": "delete_fallaasistencia"}}, {"model": "auth.permission", "pk": 84, "fields": {"name": "Can view falla asistencia", "content_type": 21, "codename": "view_fallaasistencia"}}, {"model": "auth.permission", "pk": 85, "fields": {"name": "Can add financiero", "content_type": 22, "codename": "add_financiero"}}, {"model": "auth.permission", "pk": 86, "fields": {"name": "Can change financiero", "content_type": 22, "codename": "change_financiero"}}, {"model": "auth.permission", "pk": 87, "fields": {"name": "Can delete financiero", "content_type": 22, "codename": "delete_financiero"}}, {"model": "auth.permission", "pk": 88, "fields": {"name": "Can view financiero", "content_type": 22, "codename": "view_financiero"}}, {"model": "auth.permission", "pk": 89, "fields": {"name": "Can add Franja", "content_type": 23, "codename": "add_franja"}}, {"model": "auth.permission", "pk": 90, "fields": {"name": "Can change Franja", "content_type": 23, "codename": "change_franja"}}, {"model": "auth.permission", "pk": 91, "fields": {"name": "Can delete Franja", "content_type": 23, "codename": "delete_franja"}}, {"model": "auth.permission", "pk": 92, "fields": {"name": "Can view Franja", "content_type": 23, "codename": "view_franja"}}, {"model": "auth.permission", "pk": 93, "fields": {"name": "Can add grupo academico", "content_type": 24, "codename": "add_grupoacademico"}}, {"model": "auth.permission", "pk": 94, "fields": {"name": "Can change grupo academico", "content_type": 24, "codename": "change_grupoacademico"}}, {"model": "auth.permission", "pk": 95, "fields": {"name": "Can delete grupo academico", "content_type": 24, "codename": "delete_grupoacademico"}}, {"model": "auth.permission", "pk": 96, "fields": {"name": "Can view grupo academico", "content_type": 24, "codename": "view_grupoacademico"}}, {"model": "auth.permission", "pk": 97, "fields": {"name": "Can add Horario", "content_type": 25, "codename": "add_horario"}}, {"model": "auth.permission", "pk": 98, "fields": {"name": "Can change Horario", "content_type": 25, "codename": "change_horario"}}, {"model": "auth.permission", "pk": 99, "fields": {"name": "Can delete Horario", "content_type": 25, "codename": "delete_horario"}}, {"model": "auth.permission", "pk": 100, "fields": {"name": "Can view Horario", "content_type": 25, "codename": "view_horario"}}, {"model": "auth.permission", "pk": 101, "fields": {"name": "Can add horario curso", "content_type": 26, "codename": "add_horariocurso"}}, {"model": "auth.permission", "pk": 102, "fields": {"name": "Can change horario curso", "content_type": 26, "codename": "change_horariocurso"}}, {"model": "auth.permission", "pk": 103, "fields": {"name": "Can delete horario curso", "content_type": 26, "codename": "delete_horariocurso"}}, {"model": "auth.permission", "pk": 104, "fields": {"name": "Can view horario curso", "content_type": 26, "codename": "view_horariocurso"}}, {"model": "auth.permission", "pk": 105, "fields": {"name": "Can add Idioma", "content_type": 27, "codename": "add_idioma"}}, {"model": "auth.permission", "pk": 106, "fields": {"name": "Can change Idioma", "content_type": 27, "codename": "change_idioma"}}, {"model": "auth.permission", "pk": 107, "fields": {"name": "Can delete Idioma", "content_type": 27, "codename": "delete_idioma"}}, {"model": "auth.permission", "pk": 108, "fields": {"name": "Can view Idioma", "content_type": 27, "codename": "view_idioma"}}, {"model": "auth.permission", "pk": 109, "fields": {"name": "Can add informacion preinscripcion formalizacion", "content_type": 28, "codename": "add_informacionpreinscripcionformalizacion"}}, {"model": "auth.permission", "pk": 110, "fields": {"name": "Can change informacion preinscripcion formalizacion", "content_type": 28, "codename": "change_informacionpreinscripcionformalizacion"}}, {"model": "auth.permission", "pk": 111, "fields": {"name": "Can delete informacion preinscripcion formalizacion", "content_type": 28, "codename": "delete_informacionpreinscripcionformalizacion"}}, {"model": "auth.permission", "pk": 112, "fields": {"name": "Can view informacion preinscripcion formalizacion", "content_type": 28, "codename": "view_informacionpreinscripcionformalizacion"}}, {"model": "auth.permission", "pk": 113, "fields": {"name": "Can add inscrito", "content_type": 29, "codename": "add_inscrito"}}, {"model": "auth.permission", "pk": 114, "fields": {"name": "Can change inscrito", "content_type": 29, "codename": "change_inscrito"}}, {"model": "auth.permission", "pk": 115, "fields": {"name": "Can delete inscrito", "content_type": 29, "codename": "delete_inscrito"}}, {"model": "auth.permission", "pk": 116, "fields": {"name": "Can view inscrito", "content_type": 29, "codename": "view_inscrito"}}, {"model": "auth.permission", "pk": 117, "fields": {"name": "Can add matricula", "content_type": 30, "codename": "add_matricula"}}, {"model": "auth.permission", "pk": 118, "fields": {"name": "Can change matricula", "content_type": 30, "codename": "change_matricula"}}, {"model": "auth.permission", "pk": 119, "fields": {"name": "Can delete matricula", "content_type": 30, "codename": "delete_matricula"}}, {"model": "auth.permission", "pk": 120, "fields": {"name": "Can view matricula", "content_type": 30, "codename": "view_matricula"}}, {"model": "auth.permission", "pk": 121, "fields": {"name": "Can add Nivel", "content_type": 31, "codename": "add_nivel"}}, {"model": "auth.permission", "pk": 122, "fields": {"name": "Can change Nivel", "content_type": 31, "codename": "change_nivel"}}, {"model": "auth.permission", "pk": 123, "fields": {"name": "Can delete Nivel", "content_type": 31, "codename": "delete_nivel"}}, {"model": "auth.permission", "pk": 124, "fields": {"name": "Can view Nivel", "content_type": 31, "codename": "view_nivel"}}, {"model": "auth.permission", "pk": 125, "fields": {"name": "Can add Nota", "content_type": 32, "codename": "add_notaparcial"}}, {"model": "auth.permission", "pk": 126, "fields": {"name": "Can change Nota", "content_type": 32, "codename": "change_notaparcial"}}, {"model": "auth.permission", "pk": 127, "fields": {"name": "Can delete Nota", "content_type": 32, "codename": "delete_notaparcial"}}, {"model": "auth.permission", "pk": 128, "fields": {"name": "Can view Nota", "content_type": 32, "codename": "view_notaparcial"}}, {"model": "auth.permission", "pk": 129, "fields": {"name": "Can add observacion", "content_type": 33, "codename": "add_observacion"}}, {"model": "auth.permission", "pk": 130, "fields": {"name": "Can change observacion", "content_type": 33, "codename": "change_observacion"}}, {"model": "auth.permission", "pk": 131, "fields": {"name": "Can delete observacion", "content_type": 33, "codename": "delete_observacion"}}, {"model": "auth.permission", "pk": 132, "fields": {"name": "Can view observacion", "content_type": 33, "codename": "view_observacion"}}, {"model": "auth.permission", "pk": 133, "fields": {"name": "Can add Oferta acad\u00e9mica", "content_type": 34, "codename": "add_ofertaacademica"}}, {"model": "auth.permission", "pk": 134, "fields": {"name": "Can change Oferta acad\u00e9mica", "content_type": 34, "codename": "change_ofertaacademica"}}, {"model": "auth.permission", "pk": 135, "fields": {"name": "Can delete Oferta acad\u00e9mica", "content_type": 34, "codename": "delete_ofertaacademica"}}, {"model": "auth.permission", "pk": 136, "fields": {"name": "Can view Oferta acad\u00e9mica", "content_type": 34, "codename": "view_ofertaacademica"}}, {"model": "auth.permission", "pk": 137, "fields": {"name": "Can add pago", "content_type": 35, "codename": "add_pago"}}, {"model": "auth.permission", "pk": 138, "fields": {"name": "Can change pago", "content_type": 35, "codename": "change_pago"}}, {"model": "auth.permission", "pk": 139, "fields": {"name": "Can delete pago", "content_type": 35, "codename": "delete_pago"}}, {"model": "auth.permission", "pk": 140, "fields": {"name": "Can view pago", "content_type": 35, "codename": "view_pago"}}, {"model": "auth.permission", "pk": 141, "fields": {"name": "Can add Pa\u00eds", "content_type": 36, "codename": "add_pais"}}, {"model": "auth.permission", "pk": 142, "fields": {"name": "Can change Pa\u00eds", "content_type": 36, "codename": "change_pais"}}, {"model": "auth.permission", "pk": 143, "fields": {"name": "Can delete Pa\u00eds", "content_type": 36, "codename": "delete_pais"}}, {"model": "auth.permission", "pk": 144, "fields": {"name": "Can view Pa\u00eds", "content_type": 36, "codename": "view_pais"}}, {"model": "auth.permission", "pk": 145, "fields": {"name": "Can add Periodicidad", "content_type": 37, "codename": "add_periodicidad"}}, {"model": "auth.permission", "pk": 146, "fields": {"name": "Can change Periodicidad", "content_type": 37, "codename": "change_periodicidad"}}, {"model": "auth.permission", "pk": 147, "fields": {"name": "Can delete Periodicidad", "content_type": 37, "codename": "delete_periodicidad"}}, {"model": "auth.permission", "pk": 148, "fields": {"name": "Can view Periodicidad", "content_type": 37, "codename": "view_periodicidad"}}, {"model": "auth.permission", "pk": 149, "fields": {"name": "Can add Periodo", "content_type": 38, "codename": "add_periodo"}}, {"model": "auth.permission", "pk": 150, "fields": {"name": "Can change Periodo", "content_type": 38, "codename": "change_periodo"}}, {"model": "auth.permission", "pk": 151, "fields": {"name": "Can delete Periodo", "content_type": 38, "codename": "delete_periodo"}}, {"model": "auth.permission", "pk": 152, "fields": {"name": "Can view Periodo", "content_type": 38, "codename": "view_periodo"}}, {"model": "auth.permission", "pk": 153, "fields": {"name": "Can add persona contacto", "content_type": 39, "codename": "add_personacontacto"}}, {"model": "auth.permission", "pk": 154, "fields": {"name": "Can change persona contacto", "content_type": 39, "codename": "change_personacontacto"}}, {"model": "auth.permission", "pk": 155, "fields": {"name": "Can delete persona contacto", "content_type": 39, "codename": "delete_personacontacto"}}, {"model": "auth.permission", "pk": 156, "fields": {"name": "Can view persona contacto", "content_type": 39, "codename": "view_personacontacto"}}, {"model": "auth.permission", "pk": 157, "fields": {"name": "Can add preinscripcion", "content_type": 40, "codename": "add_preinscripcion"}}, {"model": "auth.permission", "pk": 158, "fields": {"name": "Can change preinscripcion", "content_type": 40, "codename": "change_preinscripcion"}}, {"model": "auth.permission", "pk": 159, "fields": {"name": "Can delete preinscripcion", "content_type": 40, "codename": "delete_preinscripcion"}}, {"model": "auth.permission", "pk": 160, "fields": {"name": "Can view preinscripcion", "content_type": 40, "codename": "view_preinscripcion"}}, {"model": "auth.permission", "pk": 161, "fields": {"name": "Can add Persona", "content_type": 41, "codename": "add_profile"}}, {"model": "auth.permission", "pk": 162, "fields": {"name": "Can change Persona", "content_type": 41, "codename": "change_profile"}}, {"model": "auth.permission", "pk": 163, "fields": {"name": "Can delete Persona", "content_type": 41, "codename": "delete_profile"}}, {"model": "auth.permission", "pk": 164, "fields": {"name": "Can view Persona", "content_type": 41, "codename": "view_profile"}}, {"model": "auth.permission", "pk": 165, "fields": {"name": "Can add Programa Academico", "content_type": 42, "codename": "add_programaacademico"}}, {"model": "auth.permission", "pk": 166, "fields": {"name": "Can change Programa Academico", "content_type": 42, "codename": "change_programaacademico"}}, {"model": "auth.permission", "pk": 167, "fields": {"name": "Can delete Programa Academico", "content_type": 42, "codename": "delete_programaacademico"}}, {"model": "auth.permission", "pk": 168, "fields": {"name": "Can view Programa Academico", "content_type": 42, "codename": "view_programaacademico"}}, {"model": "auth.permission", "pk": 169, "fields": {"name": "Can add recibo preinscripcion", "content_type": 43, "codename": "add_recibopreinscripcion"}}, {"model": "auth.permission", "pk": 170, "fields": {"name": "Can change recibo preinscripcion", "content_type": 43, "codename": "change_recibopreinscripcion"}}, {"model": "auth.permission", "pk": 171, "fields": {"name": "Can delete recibo preinscripcion", "content_type": 43, "codename": "delete_recibopreinscripcion"}}, {"model": "auth.permission", "pk": 172, "fields": {"name": "Can view recibo preinscripcion", "content_type": 43, "codename": "view_recibopreinscripcion"}}, {"model": "auth.permission", "pk": 173, "fields": {"name": "Can add Departamento", "content_type": 44, "codename": "add_region"}}, {"model": "auth.permission", "pk": 174, "fields": {"name": "Can change Departamento", "content_type": 44, "codename": "change_region"}}, {"model": "auth.permission", "pk": 175, "fields": {"name": "Can delete Departamento", "content_type": 44, "codename": "delete_region"}}, {"model": "auth.permission", "pk": 176, "fields": {"name": "Can view Departamento", "content_type": 44, "codename": "view_region"}}, {"model": "auth.permission", "pk": 177, "fields": {"name": "Can add salon", "content_type": 45, "codename": "add_salon"}}, {"model": "auth.permission", "pk": 178, "fields": {"name": "Can change salon", "content_type": 45, "codename": "change_salon"}}, {"model": "auth.permission", "pk": 179, "fields": {"name": "Can delete salon", "content_type": 45, "codename": "delete_salon"}}, {"model": "auth.permission", "pk": 180, "fields": {"name": "Can view salon", "content_type": 45, "codename": "view_salon"}}, {"model": "auth.permission", "pk": 181, "fields": {"name": "Can add tipo beca", "content_type": 46, "codename": "add_tipobeca"}}, {"model": "auth.permission", "pk": 182, "fields": {"name": "Can change tipo beca", "content_type": 46, "codename": "change_tipobeca"}}, {"model": "auth.permission", "pk": 183, "fields": {"name": "Can delete tipo beca", "content_type": 46, "codename": "delete_tipobeca"}}, {"model": "auth.permission", "pk": 184, "fields": {"name": "Can view tipo beca", "content_type": 46, "codename": "view_tipobeca"}}, {"model": "auth.permission", "pk": 185, "fields": {"name": "Can add tipo docente", "content_type": 47, "codename": "add_tipodocente"}}, {"model": "auth.permission", "pk": 186, "fields": {"name": "Can change tipo docente", "content_type": 47, "codename": "change_tipodocente"}}, {"model": "auth.permission", "pk": 187, "fields": {"name": "Can delete tipo docente", "content_type": 47, "codename": "delete_tipodocente"}}, {"model": "auth.permission", "pk": 188, "fields": {"name": "Can view tipo docente", "content_type": 47, "codename": "view_tipodocente"}}, {"model": "auth.permission", "pk": 189, "fields": {"name": "Can add Tipo de documento", "content_type": 48, "codename": "add_tipodocumentoidentidad"}}, {"model": "auth.permission", "pk": 190, "fields": {"name": "Can change Tipo de documento", "content_type": 48, "codename": "change_tipodocumentoidentidad"}}, {"model": "auth.permission", "pk": 191, "fields": {"name": "Can delete Tipo de documento", "content_type": 48, "codename": "delete_tipodocumentoidentidad"}}, {"model": "auth.permission", "pk": 192, "fields": {"name": "Can view Tipo de documento", "content_type": 48, "codename": "view_tipodocumentoidentidad"}}, {"model": "auth.permission", "pk": 193, "fields": {"name": "Can add URL", "content_type": 49, "codename": "add_url"}}, {"model": "auth.permission", "pk": 194, "fields": {"name": "Can change URL", "content_type": 49, "codename": "change_url"}}, {"model": "auth.permission", "pk": 195, "fields": {"name": "Can delete URL", "content_type": 49, "codename": "delete_url"}}, {"model": "auth.permission", "pk": 196, "fields": {"name": "Can view URL", "content_type": 49, "codename": "view_url"}}, {"model": "auth.permission", "pk": 197, "fields": {"name": "Can add autorizado curso", "content_type": 50, "codename": "add_autorizadocurso"}}, {"model": "auth.permission", "pk": 198, "fields": {"name": "Can change autorizado curso", "content_type": 50, "codename": "change_autorizadocurso"}}, {"model": "auth.permission", "pk": 199, "fields": {"name": "Can delete autorizado curso", "content_type": 50, "codename": "delete_autorizadocurso"}}, {"model": "auth.permission", "pk": 200, "fields": {"name": "Can view autorizado curso", "content_type": 50, "codename": "view_autorizadocurso"}}, {"model": "auth.permission", "pk": 201, "fields": {"name": "Can add autorizado examen", "content_type": 51, "codename": "add_autorizadoexamen"}}, {"model": "auth.permission", "pk": 202, "fields": {"name": "Can change autorizado examen", "content_type": 51, "codename": "change_autorizadoexamen"}}, {"model": "auth.permission", "pk": 203, "fields": {"name": "Can delete autorizado examen", "content_type": 51, "codename": "delete_autorizadoexamen"}}, {"model": "auth.permission", "pk": 204, "fields": {"name": "Can view autorizado examen", "content_type": 51, "codename": "view_autorizadoexamen"}}, {"model": "auth.permission", "pk": 205, "fields": {"name": "Can add beca", "content_type": 52, "codename": "add_beca"}}, {"model": "auth.permission", "pk": 206, "fields": {"name": "Can change beca", "content_type": 52, "codename": "change_beca"}}, {"model": "auth.permission", "pk": 207, "fields": {"name": "Can delete beca", "content_type": 52, "codename": "delete_beca"}}, {"model": "auth.permission", "pk": 208, "fields": {"name": "Can view beca", "content_type": 52, "codename": "view_beca"}}, {"model": "auth.permission", "pk": 209, "fields": {"name": "Can add comprobante banco", "content_type": 53, "codename": "add_comprobantebanco"}}, {"model": "auth.permission", "pk": 210, "fields": {"name": "Can change comprobante banco", "content_type": 53, "codename": "change_comprobantebanco"}}, {"model": "auth.permission", "pk": 211, "fields": {"name": "Can delete comprobante banco", "content_type": 53, "codename": "delete_comprobantebanco"}}, {"model": "auth.permission", "pk": 212, "fields": {"name": "Can view comprobante banco", "content_type": 53, "codename": "view_comprobantebanco"}}, {"model": "auth.permission", "pk": 213, "fields": {"name": "Can add descuento aplicado", "content_type": 54, "codename": "add_descuentoaplicado"}}, {"model": "auth.permission", "pk": 214, "fields": {"name": "Can change descuento aplicado", "content_type": 54, "codename": "change_descuentoaplicado"}}, {"model": "auth.permission", "pk": 215, "fields": {"name": "Can delete descuento aplicado", "content_type": 54, "codename": "delete_descuentoaplicado"}}, {"model": "auth.permission", "pk": 216, "fields": {"name": "Can view descuento aplicado", "content_type": 54, "codename": "view_descuentoaplicado"}}, {"model": "auth.permission", "pk": 217, "fields": {"name": "Can add preinscripcion examen", "content_type": 55, "codename": "add_preinscripcionexamen"}}, {"model": "auth.permission", "pk": 218, "fields": {"name": "Can change preinscripcion examen", "content_type": 55, "codename": "change_preinscripcionexamen"}}, {"model": "auth.permission", "pk": 219, "fields": {"name": "Can delete preinscripcion examen", "content_type": 55, "codename": "delete_preinscripcionexamen"}}, {"model": "auth.permission", "pk": 220, "fields": {"name": "Can view preinscripcion examen", "content_type": 55, "codename": "view_preinscripcionexamen"}}, {"model": "auth.permission", "pk": 221, "fields": {"name": "Can add preinscripcion horario curso", "content_type": 56, "codename": "add_preinscripcionhorariocurso"}}, {"model": "auth.permission", "pk": 222, "fields": {"name": "Can change preinscripcion horario curso", "content_type": 56, "codename": "change_preinscripcionhorariocurso"}}, {"model": "auth.permission", "pk": 223, "fields": {"name": "Can delete preinscripcion horario curso", "content_type": 56, "codename": "delete_preinscripcionhorariocurso"}}, {"model": "auth.permission", "pk": 224, "fields": {"name": "Can view preinscripcion horario curso", "content_type": 56, "codename": "view_preinscripcionhorariocurso"}}, {"model": "auth.permission", "pk": 225, "fields": {"name": "Can add saldo a favor", "content_type": 57, "codename": "add_saldoafavor"}}, {"model": "auth.permission", "pk": 226, "fields": {"name": "Can change saldo a favor", "content_type": 57, "codename": "change_saldoafavor"}}, {"model": "auth.permission", "pk": 227, "fields": {"name": "Can delete saldo a favor", "content_type": 57, "codename": "delete_saldoafavor"}}, {"model": "auth.permission", "pk": 228, "fields": {"name": "Can view saldo a favor", "content_type": 57, "codename": "view_saldoafavor"}}, {"model": "auth.permission", "pk": 229, "fields": {"name": "Can add permission", "content_type": 58, "codename": "add_permission"}}, {"model": "auth.permission", "pk": 230, "fields": {"name": "Can change permission", "content_type": 58, "codename": "change_permission"}}, {"model": "auth.permission", "pk": 231, "fields": {"name": "Can delete permission", "content_type": 58, "codename": "delete_permission"}}, {"model": "auth.permission", "pk": 232, "fields": {"name": "Can view permission", "content_type": 58, "codename": "view_permission"}}, {"model": "auth.permission", "pk": 233, "fields": {"name": "Can add group", "content_type": 59, "codename": "add_group"}}, {"model": "auth.permission", "pk": 234, "fields": {"name": "Can change group", "content_type": 59, "codename": "change_group"}}, {"model": "auth.permission", "pk": 235, "fields": {"name": "Can delete group", "content_type": 59, "codename": "delete_group"}}, {"model": "auth.permission", "pk": 236, "fields": {"name": "Can view group", "content_type": 59, "codename": "view_group"}}, {"model": "auth.permission", "pk": 237, "fields": {"name": "Can add user", "content_type": 60, "codename": "add_user"}}, {"model": "auth.permission", "pk": 238, "fields": {"name": "Can change user", "content_type": 60, "codename": "change_user"}}, {"model": "auth.permission", "pk": 239, "fields": {"name": "Can delete user", "content_type": 60, "codename": "delete_user"}}, {"model": "auth.permission", "pk": 240, "fields": {"name": "Can view user", "content_type": 60, "codename": "view_user"}}, {"model": "auth.permission", "pk": 241, "fields": {"name": "Can add content type", "content_type": 61, "codename": "add_contenttype"}}, {"model": "auth.permission", "pk": 242, "fields": {"name": "Can change content type", "content_type": 61, "codename": "change_contenttype"}}, {"model": "auth.permission", "pk": 243, "fields": {"name": "Can delete content type", "content_type": 61, "codename": "delete_contenttype"}}, {"model": "auth.permission", "pk": 244, "fields": {"name": "Can view content type", "content_type": 61, "codename": "view_contenttype"}}, {"model": "auth.permission", "pk": 245, "fields": {"name": "Can add session", "content_type": 62, "codename": "add_session"}}, {"model": "auth.permission", "pk": 246, "fields": {"name": "Can change session", "content_type": 62, "codename": "change_session"}}, {"model": "auth.permission", "pk": 247, "fields": {"name": "Can delete session", "content_type": 62, "codename": "delete_session"}}, {"model": "auth.permission", "pk": 248, "fields": {"name": "Can view session", "content_type": 62, "codename": "view_session"}}, {"model": "auth.permission", "pk": 249, "fields": {"name": "Can add log entry", "content_type": 63, "codename": "add_logentry"}}, {"model": "auth.permission", "pk": 250, "fields": {"name": "Can change log entry", "content_type": 63, "codename": "change_logentry"}}, {"model": "auth.permission", "pk": 251, "fields": {"name": "Can delete log entry", "content_type": 63, "codename": "delete_logentry"}}, {"model": "auth.permission", "pk": 252, "fields": {"name": "Can view log entry", "content_type": 63, "codename": "view_logentry"}}, {"model": "auth.permission", "pk": 253, "fields": {"name": "Can add captcha store", "content_type": 64, "codename": "add_captchastore"}}, {"model": "auth.permission", "pk": 254, "fields": {"name": "Can change captcha store", "content_type": 64, "codename": "change_captchastore"}}, {"model": "auth.permission", "pk": 255, "fields": {"name": "Can delete captcha store", "content_type": 64, "codename": "delete_captchastore"}}, {"model": "auth.permission", "pk": 256, "fields": {"name": "Can view captcha store", "content_type": 64, "codename": "view_captchastore"}}, {"model": "auth.permission", "pk": 257, "fields": {"name": "Can add log entry", "content_type": 65, "codename": "add_logentry"}}, {"model": "auth.permission", "pk": 258, "fields": {"name": "Can change log entry", "content_type": 65, "codename": "change_logentry"}}, {"model": "auth.permission", "pk": 259, "fields": {"name": "Can delete log entry", "content_type": 65, "codename": "delete_logentry"}}, {"model": "auth.permission", "pk": 260, "fields": {"name": "Can view log entry", "content_type": 65, "codename": "view_logentry"}}, {"model": "auth.permission", "pk": 261, "fields": {"name": "Can add query", "content_type": 66, "codename": "add_query"}}, {"model": "auth.permission", "pk": 262, "fields": {"name": "Can change query", "content_type": 66, "codename": "change_query"}}, {"model": "auth.permission", "pk": 263, "fields": {"name": "Can delete query", "content_type": 66, "codename": "delete_query"}}, {"model": "auth.permission", "pk": 264, "fields": {"name": "Can view query", "content_type": 66, "codename": "view_query"}}, {"model": "auth.permission", "pk": 265, "fields": {"name": "Can add query log", "content_type": 67, "codename": "add_querylog"}}, {"model": "auth.permission", "pk": 266, "fields": {"name": "Can change query log", "content_type": 67, "codename": "change_querylog"}}, {"model": "auth.permission", "pk": 267, "fields": {"name": "Can delete query log", "content_type": 67, "codename": "delete_querylog"}}, {"model": "auth.permission", "pk": 268, "fields": {"name": "Can view query log", "content_type": 67, "codename": "view_querylog"}}, {"model": "auth.group", "pk": 1, "fields": {"name": "Administrador", "permissions": []}}, {"model": "auth.group", "pk": 2, "fields": {"name": "Aspirante", "permissions": []}}, {"model": "auth.group", "pk": 3, "fields": {"name": "Docente", "permissions": []}}, {"model": "auth.group", "pk": 4, "fields": {"name": "Estudiante", "permissions": []}}, {"model": "auth.group", "pk": 5, "fields": {"name": "Funcionario", "permissions": []}}, {"model": "auth.user", "pk": 1, "fields": {"password": "pbkdf2_sha256$120000$gpm7BXz5VnBU$HFwrRKHHkj5BrexZ4lxfAxsi56cx6bNHcHj5z3qhOG0=", "last_login": "2019-07-11T16:56:46", "is_superuser": true, "username": "admin-sialex", "first_name": "", "last_name": "", "email": "andres.castillo.rodriguez@gmail.com", "is_staff": true, "is_active": true, "date_joined": "2019-07-11T16:56:29", "groups": [1, 2, 3, 4, 5], "user_permissions": []}}, {"model": "admin.logentry", "pk": 1, "fields": {"action_time": "2019-07-11T17:03:48.344", "user": 1, "content_type": 60, "object_id": "1", "object_repr": "admin-sialex", "action_flag": 2, "change_message": "[{\"changed\": {\"fields\": [\"email\", \"groups\"]}}]"}}, {"model": "auditlog.logentry", "pk": 1, "fields": {"content_type": 41, "object_pk": "ca887bca-c859-482d-88b2-f285d44ffce1", "object_id": null, "object_repr": "admin-sialex  ", "action": 0, "changes": "{\"devolucion_encargado\": [\"None\", \"administracion.Devolucion.None\"], \"id\": [\"None\", \"ca887bca-c859-482d-88b2-f285d44ffce1\"], \"usuario\": [\"None\", \"admin-sialex\"], \"numero_documento\": [\"None\", \"\"], \"primer_nombre\": [\"None\", \"\"], \"segundo_nombre\": [\"None\", \"\"], \"primer_apellido\": [\"None\", \"\"], \"segundo_apellido\": [\"None\", \"\"], \"ciudad_expedicion_documento\": [\"None\", \"Bogot\\u00e1 D.C.\"], \"genero_sexual\": [\"None\", \"2\"], \"ciudad_nacimiento\": [\"None\", \"Bogot\\u00e1 D.C.\"], \"ciudad_residencia\": [\"None\", \"Bogot\\u00e1 D.C.\"], \"direccion_residencia\": [\"None\", \"\"], \"indicativo_fijo\": [\"None\", \"\"], \"telefono_fijo\": [\"None\", \"\"], \"indicativo_celular\": [\"None\", \"\"], \"telefono_celular\": [\"None\", \"\"], \"tipo_sangre\": [\"None\", \"1\"], \"email_confirmed\": [\"None\", \"False\"], \"profile_completed\": [\"None\", \"False\"], \"profile_active\": [\"None\", \"False\"], \"cuenta_duplicada\": [\"None\", \"False\"], \"cuenta_duplicada_desactivada\": [\"None\", \"False\"], \"acepta_habeas_data\": [\"None\", \"False\"], \"documento_identificacion_entregado\": [\"None\", \"False\"], \"tipo_vinculacion_un\": [\"None\", \"1\"], \"nivel_formacion\": [\"None\", \"1\"], \"asignador\": [\"None\", \"administracion.Beca.None\"], \"pago_realizado_por\": [\"None\", \"administracion.Pago.None\"], \"devolucion_persona\": [\"None\", \"administracion.Devolucion.None\"], \"pago_aprobo\": [\"None\", \"administracion.Pago.None\"]}", "actor": null, "remote_addr": null, "timestamp": "2019-07-11T16:56:29.733", "additional_data": null}}, {"model": "auditlog.logentry", "pk": 2, "fields": {"content_type": 41, "object_pk": "ca887bca-c859-482d-88b2-f285d44ffce1", "object_id": null, "object_repr": "admin-sialex  ", "action": 1, "changes": "{\"numero_documento\": [\"\", \"admin-sialex\"]}", "actor": null, "remote_addr": null, "timestamp": "2019-07-11T16:56:29.743", "additional_data": null}}, {"model": "auditlog.logentry", "pk": 3, "fields": {"content_type": 60, "object_pk": "1", "object_id": 1, "object_repr": "admin-sialex", "action": 0, "changes": "{\"is_superuser\": [\"None\", \"False\"], \"username\": [\"None\", \"admin-sialex\"], \"first_name\": [\"None\", \"\"], \"last_name\": [\"None\", \"\"], \"email\": [\"None\", \"storresji@gmail.com\"], \"is_staff\": [\"None\", \"False\"], \"is_active\": [\"None\", \"False\"], \"date_joined\": [\"None\", \"2019-07-11 16:56:29.634767\"], \"id\": [\"None\", \"1\"], \"profile\": [\"None\", \"admin-sialex  \"], \"password\": [\"None\", \"pbkdf2_sha256$120000$gpm7BXz5VnBU$HFwrRKHHkj5BrexZ4lxfAxsi56cx6bNHcHj5z3qhOG0=\"]}", "actor": null, "remote_addr": null, "timestamp": "2019-07-11T16:56:29.749", "additional_data": null}}, {"model": "auditlog.logentry", "pk": 4, "fields": {"content_type": 41, "object_pk": "ca887bca-c859-482d-88b2-f285d44ffce1", "object_id": null, "object_repr": "admin-sialex admin admin", "action": 1, "changes": "{\"tipo_documento\": [\"None\", \"CC\"], \"primer_nombre\": [\"\", \"admin\"], \"primer_apellido\": [\"\", \"admin\"], \"fecha_nacimiento\": [\"None\", \"1970-01-01 00:00:00\"], \"acepta_habeas_data\": [\"False\", \"True\"]}", "actor": null, "remote_addr": null, "timestamp": "2019-07-11T16:56:29.759", "additional_data": null}}, {"model": "auditlog.logentry", "pk": 5, "fields": {"content_type": 41, "object_pk": "ca887bca-c859-482d-88b2-f285d44ffce1", "object_id": null, "object_repr": "admin-sialex admin admin", "action": 1, "changes": "{\"fecha_nacimiento\": [\"1970-01-01\", \"1970-01-01 00:00:00\"]}", "actor": null, "remote_addr": null, "timestamp": "2019-07-11T16:56:29.766", "additional_data": null}}, {"model": "auditlog.logentry", "pk": 6, "fields": {"content_type": 60, "object_pk": "1", "object_id": 1, "object_repr": "admin-sialex", "action": 1, "changes": "{\"is_active\": [\"False\", \"True\"]}", "actor": null, "remote_addr": null, "timestamp": "2019-07-11T16:56:46.085", "additional_data": null}}, {"model": "auditlog.logentry", "pk": 7, "fields": {"content_type": 41, "object_pk": "ca887bca-c859-482d-88b2-f285d44ffce1", "object_id": null, "object_repr": "admin-sialex admin admin", "action": 1, "changes": "{\"email_confirmed\": [\"False\", \"True\"]}", "actor": null, "remote_addr": null, "timestamp": "2019-07-11T16:56:46.118", "additional_data": null}}, {"model": "auditlog.logentry", "pk": 8, "fields": {"content_type": 60, "object_pk": "1", "object_id": 1, "object_repr": "admin-sialex", "action": 1, "changes": "{\"last_login\": [\"None\", \"2019-07-11 16:56:46.154160\"]}", "actor": null, "remote_addr": null, "timestamp": "2019-07-11T16:56:46.156", "additional_data": null}}, {"model": "auditlog.logentry", "pk": 9, "fields": {"content_type": 41, "object_pk": "ca887bca-c859-482d-88b2-f285d44ffce1", "object_id": null, "object_repr": "admin-sialex admin admin", "action": 1, "changes": "{\"direccion_residencia\": [\"\", \"Oficina de Lenguas Extranjeras\"], \"indicativo_fijo\": [\"\", \"CO\"], \"indicativo_celular\": [\"\", \"CO\"], \"telefono_celular\": [\"\", \"1234657\"], \"eps\": [\"None\", \"ARL Sura\"], \"tipo_vinculacion_un\": [\"1\", \"6\"]}", "actor": 1, "remote_addr": "127.0.0.1", "timestamp": "2019-07-11T17:00:47.370", "additional_data": null}}, {"model": "auditlog.logentry", "pk": 10, "fields": {"content_type": 60, "object_pk": "1", "object_id": 1, "object_repr": "admin-sialex", "action": 1, "changes": "{\"last_login\": [\"2019-07-11 16:56:46.154160\", \"2019-07-11 16:56:46\"], \"email\": [\"storresji@gmail.com\", \"andres.castillo.rodriguez@gmail.com\"], \"date_joined\": [\"2019-07-11 16:56:29.634767\", \"2019-07-11 16:56:29\"]}", "actor": 1, "remote_addr": "127.0.0.1", "timestamp": "2019-07-11T17:03:48.313", "additional_data": null}}, {"model": "administracion.profile", "pk": "ca887bca-c859-482d-88b2-f285d44ffce1", "fields": {"usuario": 1, "tipo_documento": 1, "numero_documento": "admin-sialex", "primer_nombre": "admin", "segundo_nombre": "", "primer_apellido": "admin", "segundo_apellido": "", "ciudad_expedicion_documento": 107, "genero_sexual": 2, "fecha_nacimiento": "1970-01-01", "ciudad_nacimiento": 107, "ciudad_residencia": 107, "direccion_residencia": "Oficina de Lenguas Extranjeras", "indicativo_fijo": "CO", "telefono_fijo": "", "indicativo_celular": "CO", "telefono_celular": "1234657", "tipo_sangre": 1, "eps": 70, "email_confirmed": true, "profile_completed": false, "profile_active": false, "cuenta_duplicada": false, "cuenta_duplicada_desactivada": false, "acepta_habeas_data": true, "documento_identificacion_entregado": false, "tipo_vinculacion_un": 6, "nivel_formacion": 1}}]